ID;Голос;Вариант;Текст;Указания;WAV;MP3
letter-01;female;normal;а;Название буквы А.;materials/audio/incoming/ru/female/letter-01-normal.wav;public/audio/ru/female/letter-01-normal.mp3
letter-01;male;normal;а;Название буквы А.;materials/audio/incoming/ru/male/letter-01-normal.wav;public/audio/ru/male/letter-01-normal.mp3
letter-02;female;normal;бэ;Название буквы Б.;materials/audio/incoming/ru/female/letter-02-normal.wav;public/audio/ru/female/letter-02-normal.mp3
letter-02;male;normal;бэ;Название буквы Б.;materials/audio/incoming/ru/male/letter-02-normal.wav;public/audio/ru/male/letter-02-normal.mp3
letter-03;female;normal;вэ;Название буквы В.;materials/audio/incoming/ru/female/letter-03-normal.wav;public/audio/ru/female/letter-03-normal.mp3
letter-03;male;normal;вэ;Название буквы В.;materials/audio/incoming/ru/male/letter-03-normal.wav;public/audio/ru/male/letter-03-normal.mp3
letter-04;female;normal;гэ;Название буквы Г.;materials/audio/incoming/ru/female/letter-04-normal.wav;public/audio/ru/female/letter-04-normal.mp3
letter-04;male;normal;гэ;Название буквы Г.;materials/audio/incoming/ru/male/letter-04-normal.wav;public/audio/ru/male/letter-04-normal.mp3
letter-05;female;normal;дэ;Название буквы Д.;materials/audio/incoming/ru/female/letter-05-normal.wav;public/audio/ru/female/letter-05-normal.mp3
letter-05;male;normal;дэ;Название буквы Д.;materials/audio/incoming/ru/male/letter-05-normal.wav;public/audio/ru/male/letter-05-normal.mp3
letter-06;female;normal;е;Название буквы Е.;materials/audio/incoming/ru/female/letter-06-normal.wav;public/audio/ru/female/letter-06-normal.mp3
letter-06;male;normal;е;Название буквы Е.;materials/audio/incoming/ru/male/letter-06-normal.wav;public/audio/ru/male/letter-06-normal.mp3
letter-07;female;normal;ё;Название буквы Ё.;materials/audio/incoming/ru/female/letter-07-normal.wav;public/audio/ru/female/letter-07-normal.mp3
letter-07;male;normal;ё;Название буквы Ё.;materials/audio/incoming/ru/male/letter-07-normal.wav;public/audio/ru/male/letter-07-normal.mp3
letter-08;female;normal;жэ;Название буквы Ж.;materials/audio/incoming/ru/female/letter-08-normal.wav;public/audio/ru/female/letter-08-normal.mp3
letter-08;male;normal;жэ;Название буквы Ж.;materials/audio/incoming/ru/male/letter-08-normal.wav;public/audio/ru/male/letter-08-normal.mp3
letter-09;female;normal;зэ;Название буквы З.;materials/audio/incoming/ru/female/letter-09-normal.wav;public/audio/ru/female/letter-09-normal.mp3
letter-09;male;normal;зэ;Название буквы З.;materials/audio/incoming/ru/male/letter-09-normal.wav;public/audio/ru/male/letter-09-normal.mp3
letter-10;female;normal;и;Название буквы И.;materials/audio/incoming/ru/female/letter-10-normal.wav;public/audio/ru/female/letter-10-normal.mp3
letter-10;male;normal;и;Название буквы И.;materials/audio/incoming/ru/male/letter-10-normal.wav;public/audio/ru/male/letter-10-normal.mp3
letter-11;female;normal;и краткое;Название буквы Й.;materials/audio/incoming/ru/female/letter-11-normal.wav;public/audio/ru/female/letter-11-normal.mp3
letter-11;male;normal;и краткое;Название буквы Й.;materials/audio/incoming/ru/male/letter-11-normal.wav;public/audio/ru/male/letter-11-normal.mp3
letter-12;female;normal;ка;Название буквы К.;materials/audio/incoming/ru/female/letter-12-normal.wav;public/audio/ru/female/letter-12-normal.mp3
letter-12;male;normal;ка;Название буквы К.;materials/audio/incoming/ru/male/letter-12-normal.wav;public/audio/ru/male/letter-12-normal.mp3
letter-13;female;normal;эль;Название буквы Л.;materials/audio/incoming/ru/female/letter-13-normal.wav;public/audio/ru/female/letter-13-normal.mp3
letter-13;male;normal;эль;Название буквы Л.;materials/audio/incoming/ru/male/letter-13-normal.wav;public/audio/ru/male/letter-13-normal.mp3
letter-14;female;normal;эм;Название буквы М.;materials/audio/incoming/ru/female/letter-14-normal.wav;public/audio/ru/female/letter-14-normal.mp3
letter-14;male;normal;эм;Название буквы М.;materials/audio/incoming/ru/male/letter-14-normal.wav;public/audio/ru/male/letter-14-normal.mp3
letter-15;female;normal;эн;Название буквы Н.;materials/audio/incoming/ru/female/letter-15-normal.wav;public/audio/ru/female/letter-15-normal.mp3
letter-15;male;normal;эн;Название буквы Н.;materials/audio/incoming/ru/male/letter-15-normal.wav;public/audio/ru/male/letter-15-normal.mp3
letter-16;female;normal;о;Название буквы О.;materials/audio/incoming/ru/female/letter-16-normal.wav;public/audio/ru/female/letter-16-normal.mp3
letter-16;male;normal;о;Название буквы О.;materials/audio/incoming/ru/male/letter-16-normal.wav;public/audio/ru/male/letter-16-normal.mp3
letter-17;female;normal;пэ;Название буквы П.;materials/audio/incoming/ru/female/letter-17-normal.wav;public/audio/ru/female/letter-17-normal.mp3
letter-17;male;normal;пэ;Название буквы П.;materials/audio/incoming/ru/male/letter-17-normal.wav;public/audio/ru/male/letter-17-normal.mp3
letter-18;female;normal;эр;Название буквы Р.;materials/audio/incoming/ru/female/letter-18-normal.wav;public/audio/ru/female/letter-18-normal.mp3
letter-18;male;normal;эр;Название буквы Р.;materials/audio/incoming/ru/male/letter-18-normal.wav;public/audio/ru/male/letter-18-normal.mp3
letter-19;female;normal;эс;Название буквы С.;materials/audio/incoming/ru/female/letter-19-normal.wav;public/audio/ru/female/letter-19-normal.mp3
letter-19;male;normal;эс;Название буквы С.;materials/audio/incoming/ru/male/letter-19-normal.wav;public/audio/ru/male/letter-19-normal.mp3
letter-20;female;normal;тэ;Название буквы Т.;materials/audio/incoming/ru/female/letter-20-normal.wav;public/audio/ru/female/letter-20-normal.mp3
letter-20;male;normal;тэ;Название буквы Т.;materials/audio/incoming/ru/male/letter-20-normal.wav;public/audio/ru/male/letter-20-normal.mp3
letter-21;female;normal;у;Название буквы У.;materials/audio/incoming/ru/female/letter-21-normal.wav;public/audio/ru/female/letter-21-normal.mp3
letter-21;male;normal;у;Название буквы У.;materials/audio/incoming/ru/male/letter-21-normal.wav;public/audio/ru/male/letter-21-normal.mp3
letter-22;female;normal;эф;Название буквы Ф.;materials/audio/incoming/ru/female/letter-22-normal.wav;public/audio/ru/female/letter-22-normal.mp3
letter-22;male;normal;эф;Название буквы Ф.;materials/audio/incoming/ru/male/letter-22-normal.wav;public/audio/ru/male/letter-22-normal.mp3
letter-23;female;normal;ха;Название буквы Х.;materials/audio/incoming/ru/female/letter-23-normal.wav;public/audio/ru/female/letter-23-normal.mp3
letter-23;male;normal;ха;Название буквы Х.;materials/audio/incoming/ru/male/letter-23-normal.wav;public/audio/ru/male/letter-23-normal.mp3
letter-24;female;normal;цэ;Название буквы Ц.;materials/audio/incoming/ru/female/letter-24-normal.wav;public/audio/ru/female/letter-24-normal.mp3
letter-24;male;normal;цэ;Название буквы Ц.;materials/audio/incoming/ru/male/letter-24-normal.wav;public/audio/ru/male/letter-24-normal.mp3
letter-25;female;normal;че;Название буквы Ч.;materials/audio/incoming/ru/female/letter-25-normal.wav;public/audio/ru/female/letter-25-normal.mp3
letter-25;male;normal;че;Название буквы Ч.;materials/audio/incoming/ru/male/letter-25-normal.wav;public/audio/ru/male/letter-25-normal.mp3
letter-26;female;normal;ша;Название буквы Ш.;materials/audio/incoming/ru/female/letter-26-normal.wav;public/audio/ru/female/letter-26-normal.mp3
letter-26;male;normal;ша;Название буквы Ш.;materials/audio/incoming/ru/male/letter-26-normal.wav;public/audio/ru/male/letter-26-normal.mp3
letter-27;female;normal;ща;Название буквы Щ.;materials/audio/incoming/ru/female/letter-27-normal.wav;public/audio/ru/female/letter-27-normal.mp3
letter-27;male;normal;ща;Название буквы Щ.;materials/audio/incoming/ru/male/letter-27-normal.wav;public/audio/ru/male/letter-27-normal.mp3
letter-28;female;normal;твёрдый знак;Название буквы Ъ.;materials/audio/incoming/ru/female/letter-28-normal.wav;public/audio/ru/female/letter-28-normal.mp3
letter-28;male;normal;твёрдый знак;Название буквы Ъ.;materials/audio/incoming/ru/male/letter-28-normal.wav;public/audio/ru/male/letter-28-normal.mp3
letter-29;female;normal;ы;Название буквы Ы.;materials/audio/incoming/ru/female/letter-29-normal.wav;public/audio/ru/female/letter-29-normal.mp3
letter-29;male;normal;ы;Название буквы Ы.;materials/audio/incoming/ru/male/letter-29-normal.wav;public/audio/ru/male/letter-29-normal.mp3
letter-30;female;normal;мягкий знак;Название буквы Ь.;materials/audio/incoming/ru/female/letter-30-normal.wav;public/audio/ru/female/letter-30-normal.mp3
letter-30;male;normal;мягкий знак;Название буквы Ь.;materials/audio/incoming/ru/male/letter-30-normal.wav;public/audio/ru/male/letter-30-normal.mp3
letter-31;female;normal;э;Название буквы Э.;materials/audio/incoming/ru/female/letter-31-normal.wav;public/audio/ru/female/letter-31-normal.mp3
letter-31;male;normal;э;Название буквы Э.;materials/audio/incoming/ru/male/letter-31-normal.wav;public/audio/ru/male/letter-31-normal.mp3
letter-32;female;normal;ю;Название буквы Ю.;materials/audio/incoming/ru/female/letter-32-normal.wav;public/audio/ru/female/letter-32-normal.mp3
letter-32;male;normal;ю;Название буквы Ю.;materials/audio/incoming/ru/male/letter-32-normal.wav;public/audio/ru/male/letter-32-normal.mp3
letter-33;female;normal;я;Название буквы Я.;materials/audio/incoming/ru/female/letter-33-normal.wav;public/audio/ru/female/letter-33-normal.mp3
letter-33;male;normal;я;Название буквы Я.;materials/audio/incoming/ru/male/letter-33-normal.wav;public/audio/ru/male/letter-33-normal.mp3
sound-01;female;normal;[а];"Чистая гласная, коротко и ясно; не петь и не затягивать.";materials/audio/incoming/ru/female/sound-01-normal.wav;public/audio/ru/female/sound-01-normal.mp3
sound-01;male;normal;[а];"Чистая гласная, коротко и ясно; не петь и не затягивать.";materials/audio/incoming/ru/male/sound-01-normal.wav;public/audio/ru/male/sound-01-normal.mp3
sound-02;female;normal;[б];Изолированный звук без названия буквы и без добавленной гласной. Не пытаться искусственно тянуть взрывной согласный.;materials/audio/incoming/ru/female/sound-02-normal.wav;public/audio/ru/female/sound-02-normal.mp3
sound-02;male;normal;[б];Изолированный звук без названия буквы и без добавленной гласной. Не пытаться искусственно тянуть взрывной согласный.;materials/audio/incoming/ru/male/sound-02-normal.wav;public/audio/ru/male/sound-02-normal.mp3
sound-03;female;normal;[в];Изолированный звук без названия буквы и без добавленной гласной. Не пытаться искусственно тянуть взрывной согласный.;materials/audio/incoming/ru/female/sound-03-normal.wav;public/audio/ru/female/sound-03-normal.mp3
sound-03;male;normal;[в];Изолированный звук без названия буквы и без добавленной гласной. Не пытаться искусственно тянуть взрывной согласный.;materials/audio/incoming/ru/male/sound-03-normal.wav;public/audio/ru/male/sound-03-normal.mp3
sound-04;female;normal;[г];Изолированный звук без названия буквы и без добавленной гласной. Не пытаться искусственно тянуть взрывной согласный.;materials/audio/incoming/ru/female/sound-04-normal.wav;public/audio/ru/female/sound-04-normal.mp3
sound-04;male;normal;[г];Изолированный звук без названия буквы и без добавленной гласной. Не пытаться искусственно тянуть взрывной согласный.;materials/audio/incoming/ru/male/sound-04-normal.wav;public/audio/ru/male/sound-04-normal.mp3
sound-05;female;normal;[д];Изолированный звук без названия буквы и без добавленной гласной. Не пытаться искусственно тянуть взрывной согласный.;materials/audio/incoming/ru/female/sound-05-normal.wav;public/audio/ru/female/sound-05-normal.mp3
sound-05;male;normal;[д];Изолированный звук без названия буквы и без добавленной гласной. Не пытаться искусственно тянуть взрывной согласный.;materials/audio/incoming/ru/male/sound-05-normal.wav;public/audio/ru/male/sound-05-normal.mp3
sound-06;female;normal;[й’э];Только обозначенный в приложении случай начала слова. Не объявлять это единственным произношением буквы во всех позициях.;materials/audio/incoming/ru/female/sound-06-normal.wav;public/audio/ru/female/sound-06-normal.mp3
sound-06;male;normal;[й’э];Только обозначенный в приложении случай начала слова. Не объявлять это единственным произношением буквы во всех позициях.;materials/audio/incoming/ru/male/sound-06-normal.wav;public/audio/ru/male/sound-06-normal.mp3
sound-07;female;normal;[й’о];Только обозначенный в приложении случай начала слова. Не объявлять это единственным произношением буквы во всех позициях.;materials/audio/incoming/ru/female/sound-07-normal.wav;public/audio/ru/female/sound-07-normal.mp3
sound-07;male;normal;[й’о];Только обозначенный в приложении случай начала слова. Не объявлять это единственным произношением буквы во всех позициях.;materials/audio/incoming/ru/male/sound-07-normal.wav;public/audio/ru/male/sound-07-normal.mp3
sound-08;female;normal;[ж];Изолированный звук без названия буквы и без добавленной гласной. Не пытаться искусственно тянуть взрывной согласный.;materials/audio/incoming/ru/female/sound-08-normal.wav;public/audio/ru/female/sound-08-normal.mp3
sound-08;male;normal;[ж];Изолированный звук без названия буквы и без добавленной гласной. Не пытаться искусственно тянуть взрывной согласный.;materials/audio/incoming/ru/male/sound-08-normal.wav;public/audio/ru/male/sound-08-normal.mp3
sound-09;female;normal;[з];Изолированный звук без названия буквы и без добавленной гласной. Не пытаться искусственно тянуть взрывной согласный.;materials/audio/incoming/ru/female/sound-09-normal.wav;public/audio/ru/female/sound-09-normal.mp3
sound-09;male;normal;[з];Изолированный звук без названия буквы и без добавленной гласной. Не пытаться искусственно тянуть взрывной согласный.;materials/audio/incoming/ru/male/sound-09-normal.wav;public/audio/ru/male/sound-09-normal.mp3
sound-10;female;normal;[и];"Чистая гласная, коротко и ясно; не петь и не затягивать.";materials/audio/incoming/ru/female/sound-10-normal.wav;public/audio/ru/female/sound-10-normal.mp3
sound-10;male;normal;[и];"Чистая гласная, коротко и ясно; не петь и не затягивать.";materials/audio/incoming/ru/male/sound-10-normal.wav;public/audio/ru/male/sound-10-normal.mp3
sound-11;female;normal;[й’];Мягкое произношение. Без добавленного «а», «э» или «ы».;materials/audio/incoming/ru/female/sound-11-normal.wav;public/audio/ru/female/sound-11-normal.mp3
sound-11;male;normal;[й’];Мягкое произношение. Без добавленного «а», «э» или «ы».;materials/audio/incoming/ru/male/sound-11-normal.wav;public/audio/ru/male/sound-11-normal.mp3
sound-12;female;normal;[к];Изолированный звук без названия буквы и без добавленной гласной. Не пытаться искусственно тянуть взрывной согласный.;materials/audio/incoming/ru/female/sound-12-normal.wav;public/audio/ru/female/sound-12-normal.mp3
sound-12;male;normal;[к];Изолированный звук без названия буквы и без добавленной гласной. Не пытаться искусственно тянуть взрывной согласный.;materials/audio/incoming/ru/male/sound-12-normal.wav;public/audio/ru/male/sound-12-normal.mp3
sound-13;female;normal;[л];Изолированный звук без названия буквы и без добавленной гласной. Не пытаться искусственно тянуть взрывной согласный.;materials/audio/incoming/ru/female/sound-13-normal.wav;public/audio/ru/female/sound-13-normal.mp3
sound-13;male;normal;[л];Изолированный звук без названия буквы и без добавленной гласной. Не пытаться искусственно тянуть взрывной согласный.;materials/audio/incoming/ru/male/sound-13-normal.wav;public/audio/ru/male/sound-13-normal.mp3
sound-14;female;normal;[м];Изолированный звук без названия буквы и без добавленной гласной. Не пытаться искусственно тянуть взрывной согласный.;materials/audio/incoming/ru/female/sound-14-normal.wav;public/audio/ru/female/sound-14-normal.mp3
sound-14;male;normal;[м];Изолированный звук без названия буквы и без добавленной гласной. Не пытаться искусственно тянуть взрывной согласный.;materials/audio/incoming/ru/male/sound-14-normal.wav;public/audio/ru/male/sound-14-normal.mp3
sound-15;female;normal;[н];Изолированный звук без названия буквы и без добавленной гласной. Не пытаться искусственно тянуть взрывной согласный.;materials/audio/incoming/ru/female/sound-15-normal.wav;public/audio/ru/female/sound-15-normal.mp3
sound-15;male;normal;[н];Изолированный звук без названия буквы и без добавленной гласной. Не пытаться искусственно тянуть взрывной согласный.;materials/audio/incoming/ru/male/sound-15-normal.wav;public/audio/ru/male/sound-15-normal.mp3
sound-16;female;normal;[о];"Чистая гласная, коротко и ясно; не петь и не затягивать.";materials/audio/incoming/ru/female/sound-16-normal.wav;public/audio/ru/female/sound-16-normal.mp3
sound-16;male;normal;[о];"Чистая гласная, коротко и ясно; не петь и не затягивать.";materials/audio/incoming/ru/male/sound-16-normal.wav;public/audio/ru/male/sound-16-normal.mp3
sound-17;female;normal;[п];Изолированный звук без названия буквы и без добавленной гласной. Не пытаться искусственно тянуть взрывной согласный.;materials/audio/incoming/ru/female/sound-17-normal.wav;public/audio/ru/female/sound-17-normal.mp3
sound-17;male;normal;[п];Изолированный звук без названия буквы и без добавленной гласной. Не пытаться искусственно тянуть взрывной согласный.;materials/audio/incoming/ru/male/sound-17-normal.wav;public/audio/ru/male/sound-17-normal.mp3
sound-18;female;normal;[р];Изолированный звук без названия буквы и без добавленной гласной. Не пытаться искусственно тянуть взрывной согласный.;materials/audio/incoming/ru/female/sound-18-normal.wav;public/audio/ru/female/sound-18-normal.mp3
sound-18;male;normal;[р];Изолированный звук без названия буквы и без добавленной гласной. Не пытаться искусственно тянуть взрывной согласный.;materials/audio/incoming/ru/male/sound-18-normal.wav;public/audio/ru/male/sound-18-normal.mp3
sound-19;female;normal;[с];Изолированный звук без названия буквы и без добавленной гласной. Не пытаться искусственно тянуть взрывной согласный.;materials/audio/incoming/ru/female/sound-19-normal.wav;public/audio/ru/female/sound-19-normal.mp3
sound-19;male;normal;[с];Изолированный звук без названия буквы и без добавленной гласной. Не пытаться искусственно тянуть взрывной согласный.;materials/audio/incoming/ru/male/sound-19-normal.wav;public/audio/ru/male/sound-19-normal.mp3
sound-20;female;normal;[т];Изолированный звук без названия буквы и без добавленной гласной. Не пытаться искусственно тянуть взрывной согласный.;materials/audio/incoming/ru/female/sound-20-normal.wav;public/audio/ru/female/sound-20-normal.mp3
sound-20;male;normal;[т];Изолированный звук без названия буквы и без добавленной гласной. Не пытаться искусственно тянуть взрывной согласный.;materials/audio/incoming/ru/male/sound-20-normal.wav;public/audio/ru/male/sound-20-normal.mp3
sound-21;female;normal;[у];"Чистая гласная, коротко и ясно; не петь и не затягивать.";materials/audio/incoming/ru/female/sound-21-normal.wav;public/audio/ru/female/sound-21-normal.mp3
sound-21;male;normal;[у];"Чистая гласная, коротко и ясно; не петь и не затягивать.";materials/audio/incoming/ru/male/sound-21-normal.wav;public/audio/ru/male/sound-21-normal.mp3
sound-22;female;normal;[ф];Изолированный звук без названия буквы и без добавленной гласной. Не пытаться искусственно тянуть взрывной согласный.;materials/audio/incoming/ru/female/sound-22-normal.wav;public/audio/ru/female/sound-22-normal.mp3
sound-22;male;normal;[ф];Изолированный звук без названия буквы и без добавленной гласной. Не пытаться искусственно тянуть взрывной согласный.;materials/audio/incoming/ru/male/sound-22-normal.wav;public/audio/ru/male/sound-22-normal.mp3
sound-23;female;normal;[х];Изолированный звук без названия буквы и без добавленной гласной. Не пытаться искусственно тянуть взрывной согласный.;materials/audio/incoming/ru/female/sound-23-normal.wav;public/audio/ru/female/sound-23-normal.mp3
sound-23;male;normal;[х];Изолированный звук без названия буквы и без добавленной гласной. Не пытаться искусственно тянуть взрывной согласный.;materials/audio/incoming/ru/male/sound-23-normal.wav;public/audio/ru/male/sound-23-normal.mp3
sound-24;female;normal;[ц];Изолированный звук без названия буквы и без добавленной гласной. Не пытаться искусственно тянуть взрывной согласный.;materials/audio/incoming/ru/female/sound-24-normal.wav;public/audio/ru/female/sound-24-normal.mp3
sound-24;male;normal;[ц];Изолированный звук без названия буквы и без добавленной гласной. Не пытаться искусственно тянуть взрывной согласный.;materials/audio/incoming/ru/male/sound-24-normal.wav;public/audio/ru/male/sound-24-normal.mp3
sound-25;female;normal;[ч’];Мягкое произношение. Без добавленного «а», «э» или «ы».;materials/audio/incoming/ru/female/sound-25-normal.wav;public/audio/ru/female/sound-25-normal.mp3
sound-25;male;normal;[ч’];Мягкое произношение. Без добавленного «а», «э» или «ы».;materials/audio/incoming/ru/male/sound-25-normal.wav;public/audio/ru/male/sound-25-normal.mp3
sound-26;female;normal;[ш];Изолированный звук без названия буквы и без добавленной гласной. Не пытаться искусственно тянуть взрывной согласный.;materials/audio/incoming/ru/female/sound-26-normal.wav;public/audio/ru/female/sound-26-normal.mp3
sound-26;male;normal;[ш];Изолированный звук без названия буквы и без добавленной гласной. Не пытаться искусственно тянуть взрывной согласный.;materials/audio/incoming/ru/male/sound-26-normal.wav;public/audio/ru/male/sound-26-normal.mp3
sound-27;female;normal;[щ’];"Мягкий щелевой звук Щ; не заменять твёрдым Ш или сочетанием ШЧ. Не читать «ща». Сохранить шумный участок при монтаже.";materials/audio/incoming/ru/female/sound-27-normal.wav;public/audio/ru/female/sound-27-normal.mp3
sound-27;male;normal;[щ’];"Мягкий щелевой звук Щ; не заменять твёрдым Ш или сочетанием ШЧ. Не читать «ща». Сохранить шумный участок при монтаже.";materials/audio/incoming/ru/male/sound-27-normal.wav;public/audio/ru/male/sound-27-normal.mp3
sound-29;female;normal;[ы];"Чистая гласная, коротко и ясно; не петь и не затягивать.";materials/audio/incoming/ru/female/sound-29-normal.wav;public/audio/ru/female/sound-29-normal.mp3
sound-29;male;normal;[ы];"Чистая гласная, коротко и ясно; не петь и не затягивать.";materials/audio/incoming/ru/male/sound-29-normal.wav;public/audio/ru/male/sound-29-normal.mp3
sound-31;female;normal;[э];"Чистая гласная, коротко и ясно; не петь и не затягивать.";materials/audio/incoming/ru/female/sound-31-normal.wav;public/audio/ru/female/sound-31-normal.mp3
sound-31;male;normal;[э];"Чистая гласная, коротко и ясно; не петь и не затягивать.";materials/audio/incoming/ru/male/sound-31-normal.wav;public/audio/ru/male/sound-31-normal.mp3
sound-32;female;normal;[й’у];Только обозначенный в приложении случай начала слова. Не объявлять это единственным произношением буквы во всех позициях.;materials/audio/incoming/ru/female/sound-32-normal.wav;public/audio/ru/female/sound-32-normal.mp3
sound-32;male;normal;[й’у];Только обозначенный в приложении случай начала слова. Не объявлять это единственным произношением буквы во всех позициях.;materials/audio/incoming/ru/male/sound-32-normal.wav;public/audio/ru/male/sound-32-normal.mp3
sound-33;female;normal;[й’а];Только обозначенный в приложении случай начала слова. Не объявлять это единственным произношением буквы во всех позициях.;materials/audio/incoming/ru/female/sound-33-normal.wav;public/audio/ru/female/sound-33-normal.mp3
sound-33;male;normal;[й’а];Только обозначенный в приложении случай начала слова. Не объявлять это единственным произношением буквы во всех позициях.;materials/audio/incoming/ru/male/sound-33-normal.wav;public/audio/ru/male/sound-33-normal.mp3
syllable-001;female;normal;АМ;"Слитно; одна неторопливая версия.";materials/audio/incoming/ru/female/syllable-001-normal.wav;public/audio/ru/female/syllable-001-normal.mp3
syllable-001;male;normal;АМ;"Слитно; одна неторопливая версия.";materials/audio/incoming/ru/male/syllable-001-normal.wav;public/audio/ru/male/syllable-001-normal.mp3
syllable-002;female;normal;УМ;"Слитно; одна неторопливая версия.";materials/audio/incoming/ru/female/syllable-002-normal.wav;public/audio/ru/female/syllable-002-normal.mp3
syllable-002;male;normal;УМ;"Слитно; одна неторопливая версия.";materials/audio/incoming/ru/male/syllable-002-normal.wav;public/audio/ru/male/syllable-002-normal.mp3
syllable-003;female;normal;МА;"Слитно; одна неторопливая версия.";materials/audio/incoming/ru/female/syllable-003-normal.wav;public/audio/ru/female/syllable-003-normal.mp3
syllable-003;male;normal;МА;"Слитно; одна неторопливая версия.";materials/audio/incoming/ru/male/syllable-003-normal.wav;public/audio/ru/male/syllable-003-normal.mp3
syllable-004;female;normal;МУ;"Слитно; одна неторопливая версия.";materials/audio/incoming/ru/female/syllable-004-normal.wav;public/audio/ru/female/syllable-004-normal.mp3
syllable-004;male;normal;МУ;"Слитно; одна неторопливая версия.";materials/audio/incoming/ru/male/syllable-004-normal.wav;public/audio/ru/male/syllable-004-normal.mp3
syllable-005;female;normal;ОМ;"Слитно; одна неторопливая версия.";materials/audio/incoming/ru/female/syllable-005-normal.wav;public/audio/ru/female/syllable-005-normal.mp3
syllable-005;male;normal;ОМ;"Слитно; одна неторопливая версия.";materials/audio/incoming/ru/male/syllable-005-normal.wav;public/audio/ru/male/syllable-005-normal.mp3
syllable-006;female;normal;МО;"Слитно; одна неторопливая версия.";materials/audio/incoming/ru/female/syllable-006-normal.wav;public/audio/ru/female/syllable-006-normal.mp3
syllable-006;male;normal;МО;"Слитно; одна неторопливая версия.";materials/audio/incoming/ru/male/syllable-006-normal.wav;public/audio/ru/male/syllable-006-normal.mp3
syllable-007;female;normal;ХА;"Слитно; одна неторопливая версия.";materials/audio/incoming/ru/female/syllable-007-normal.wav;public/audio/ru/female/syllable-007-normal.mp3
syllable-007;male;normal;ХА;"Слитно; одна неторопливая версия.";materials/audio/incoming/ru/male/syllable-007-normal.wav;public/audio/ru/male/syllable-007-normal.mp3
syllable-008;female;normal;ХУ;"Слитно; одна неторопливая версия.";materials/audio/incoming/ru/female/syllable-008-normal.wav;public/audio/ru/female/syllable-008-normal.mp3
syllable-008;male;normal;ХУ;"Слитно; одна неторопливая версия.";materials/audio/incoming/ru/male/syllable-008-normal.wav;public/audio/ru/male/syllable-008-normal.mp3
syllable-009;female;normal;ХО;"Слитно; одна неторопливая версия.";materials/audio/incoming/ru/female/syllable-009-normal.wav;public/audio/ru/female/syllable-009-normal.mp3
syllable-009;male;normal;ХО;"Слитно; одна неторопливая версия.";materials/audio/incoming/ru/male/syllable-009-normal.wav;public/audio/ru/male/syllable-009-normal.mp3
syllable-010;female;normal;АХ;"Слитно; одна неторопливая версия.";materials/audio/incoming/ru/female/syllable-010-normal.wav;public/audio/ru/female/syllable-010-normal.mp3
syllable-010;male;normal;АХ;"Слитно; одна неторопливая версия.";materials/audio/incoming/ru/male/syllable-010-normal.wav;public/audio/ru/male/syllable-010-normal.mp3
syllable-011;female;normal;УХ;"Слитно; одна неторопливая версия.";materials/audio/incoming/ru/female/syllable-011-normal.wav;public/audio/ru/female/syllable-011-normal.mp3
syllable-011;male;normal;УХ;"Слитно; одна неторопливая версия.";materials/audio/incoming/ru/male/syllable-011-normal.wav;public/audio/ru/male/syllable-011-normal.mp3
syllable-012;female;normal;ОХ;"Слитно; одна неторопливая версия.";materials/audio/incoming/ru/female/syllable-012-normal.wav;public/audio/ru/female/syllable-012-normal.mp3
syllable-012;male;normal;ОХ;"Слитно; одна неторопливая версия.";materials/audio/incoming/ru/male/syllable-012-normal.wav;public/audio/ru/male/syllable-012-normal.mp3
syllable-013;female;normal;СА;"Слитно; одна неторопливая версия.";materials/audio/incoming/ru/female/syllable-013-normal.wav;public/audio/ru/female/syllable-013-normal.mp3
syllable-013;male;normal;СА;"Слитно; одна неторопливая версия.";materials/audio/incoming/ru/male/syllable-013-normal.wav;public/audio/ru/male/syllable-013-normal.mp3
syllable-014;female;normal;СУ;"Слитно; одна неторопливая версия.";materials/audio/incoming/ru/female/syllable-014-normal.wav;public/audio/ru/female/syllable-014-normal.mp3
syllable-014;male;normal;СУ;"Слитно; одна неторопливая версия.";materials/audio/incoming/ru/male/syllable-014-normal.wav;public/audio/ru/male/syllable-014-normal.mp3
syllable-015;female;normal;СО;"Слитно; одна неторопливая версия.";materials/audio/incoming/ru/female/syllable-015-normal.wav;public/audio/ru/female/syllable-015-normal.mp3
syllable-015;male;normal;СО;"Слитно; одна неторопливая версия.";materials/audio/incoming/ru/male/syllable-015-normal.wav;public/audio/ru/male/syllable-015-normal.mp3
syllable-016;female;normal;АС;"Слитно; одна неторопливая версия.";materials/audio/incoming/ru/female/syllable-016-normal.wav;public/audio/ru/female/syllable-016-normal.mp3
syllable-016;male;normal;АС;"Слитно; одна неторопливая версия.";materials/audio/incoming/ru/male/syllable-016-normal.wav;public/audio/ru/male/syllable-016-normal.mp3
syllable-017;female;normal;УС;"Слитно; одна неторопливая версия.";materials/audio/incoming/ru/female/syllable-017-normal.wav;public/audio/ru/female/syllable-017-normal.mp3
syllable-017;male;normal;УС;"Слитно; одна неторопливая версия.";materials/audio/incoming/ru/male/syllable-017-normal.wav;public/audio/ru/male/syllable-017-normal.mp3
syllable-018;female;normal;ОС;"Слитно; одна неторопливая версия.";materials/audio/incoming/ru/female/syllable-018-normal.wav;public/audio/ru/female/syllable-018-normal.mp3
syllable-018;male;normal;ОС;"Слитно; одна неторопливая версия.";materials/audio/incoming/ru/male/syllable-018-normal.wav;public/audio/ru/male/syllable-018-normal.mp3
syllable-019;female;normal;НА;"Слитно; одна неторопливая версия.";materials/audio/incoming/ru/female/syllable-019-normal.wav;public/audio/ru/female/syllable-019-normal.mp3
syllable-019;male;normal;НА;"Слитно; одна неторопливая версия.";materials/audio/incoming/ru/male/syllable-019-normal.wav;public/audio/ru/male/syllable-019-normal.mp3
syllable-020;female;normal;НО;"Слитно; одна неторопливая версия.";materials/audio/incoming/ru/female/syllable-020-normal.wav;public/audio/ru/female/syllable-020-normal.mp3
syllable-020;male;normal;НО;"Слитно; одна неторопливая версия.";materials/audio/incoming/ru/male/syllable-020-normal.wav;public/audio/ru/male/syllable-020-normal.mp3
syllable-021;female;normal;НУ;"Слитно; одна неторопливая версия.";materials/audio/incoming/ru/female/syllable-021-normal.wav;public/audio/ru/female/syllable-021-normal.mp3
syllable-021;male;normal;НУ;"Слитно; одна неторопливая версия.";materials/audio/incoming/ru/male/syllable-021-normal.wav;public/audio/ru/male/syllable-021-normal.mp3
syllable-022;female;normal;АН;"Слитно; одна неторопливая версия.";materials/audio/incoming/ru/female/syllable-022-normal.wav;public/audio/ru/female/syllable-022-normal.mp3
syllable-022;male;normal;АН;"Слитно; одна неторопливая версия.";materials/audio/incoming/ru/male/syllable-022-normal.wav;public/audio/ru/male/syllable-022-normal.mp3
syllable-023;female;normal;ОН;"Слитно; одна неторопливая версия.";materials/audio/incoming/ru/female/syllable-023-normal.wav;public/audio/ru/female/syllable-023-normal.mp3
syllable-023;male;normal;ОН;"Слитно; одна неторопливая версия.";materials/audio/incoming/ru/male/syllable-023-normal.wav;public/audio/ru/male/syllable-023-normal.mp3
syllable-024;female;normal;УН;"Слитно; одна неторопливая версия.";materials/audio/incoming/ru/female/syllable-024-normal.wav;public/audio/ru/female/syllable-024-normal.mp3
syllable-024;male;normal;УН;"Слитно; одна неторопливая версия.";materials/audio/incoming/ru/male/syllable-024-normal.wav;public/audio/ru/male/syllable-024-normal.mp3
syllable-025;female;normal;МЫ;"Слитно; одна неторопливая версия.";materials/audio/incoming/ru/female/syllable-025-normal.wav;public/audio/ru/female/syllable-025-normal.mp3
syllable-025;male;normal;МЫ;"Слитно; одна неторопливая версия.";materials/audio/incoming/ru/male/syllable-025-normal.wav;public/audio/ru/male/syllable-025-normal.mp3
syllable-026;female;normal;СЫ;"Слитно; одна неторопливая версия.";materials/audio/incoming/ru/female/syllable-026-normal.wav;public/audio/ru/female/syllable-026-normal.mp3
syllable-026;male;normal;СЫ;"Слитно; одна неторопливая версия.";materials/audio/incoming/ru/male/syllable-026-normal.wav;public/audio/ru/male/syllable-026-normal.mp3
syllable-027;female;normal;НЫ;"Слитно; одна неторопливая версия.";materials/audio/incoming/ru/female/syllable-027-normal.wav;public/audio/ru/female/syllable-027-normal.mp3
syllable-027;male;normal;НЫ;"Слитно; одна неторопливая версия.";materials/audio/incoming/ru/male/syllable-027-normal.wav;public/audio/ru/male/syllable-027-normal.mp3
syllable-028;female;normal;ЛА;"Слитно; одна неторопливая версия.";materials/audio/incoming/ru/female/syllable-028-normal.wav;public/audio/ru/female/syllable-028-normal.mp3
syllable-028;male;normal;ЛА;"Слитно; одна неторопливая версия.";materials/audio/incoming/ru/male/syllable-028-normal.wav;public/audio/ru/male/syllable-028-normal.mp3
syllable-029;female;normal;ЛО;"Слитно; одна неторопливая версия.";materials/audio/incoming/ru/female/syllable-029-normal.wav;public/audio/ru/female/syllable-029-normal.mp3
syllable-029;male;normal;ЛО;"Слитно; одна неторопливая версия.";materials/audio/incoming/ru/male/syllable-029-normal.wav;public/audio/ru/male/syllable-029-normal.mp3
syllable-030;female;normal;ЛУ;"Слитно; одна неторопливая версия.";materials/audio/incoming/ru/female/syllable-030-normal.wav;public/audio/ru/female/syllable-030-normal.mp3
syllable-030;male;normal;ЛУ;"Слитно; одна неторопливая версия.";materials/audio/incoming/ru/male/syllable-030-normal.wav;public/audio/ru/male/syllable-030-normal.mp3
syllable-031;female;normal;ЛЫ;"Слитно; одна неторопливая версия.";materials/audio/incoming/ru/female/syllable-031-normal.wav;public/audio/ru/female/syllable-031-normal.mp3
syllable-031;male;normal;ЛЫ;"Слитно; одна неторопливая версия.";materials/audio/incoming/ru/male/syllable-031-normal.wav;public/audio/ru/male/syllable-031-normal.mp3
syllable-032;female;normal;АЛ;"Слитно; одна неторопливая версия.";materials/audio/incoming/ru/female/syllable-032-normal.wav;public/audio/ru/female/syllable-032-normal.mp3
syllable-032;male;normal;АЛ;"Слитно; одна неторопливая версия.";materials/audio/incoming/ru/male/syllable-032-normal.wav;public/audio/ru/male/syllable-032-normal.mp3
syllable-033;female;normal;ОЛ;"Слитно; одна неторопливая версия.";materials/audio/incoming/ru/female/syllable-033-normal.wav;public/audio/ru/female/syllable-033-normal.mp3
syllable-033;male;normal;ОЛ;"Слитно; одна неторопливая версия.";materials/audio/incoming/ru/male/syllable-033-normal.wav;public/audio/ru/male/syllable-033-normal.mp3
syllable-034;female;normal;УЛ;"Слитно; одна неторопливая версия.";materials/audio/incoming/ru/female/syllable-034-normal.wav;public/audio/ru/female/syllable-034-normal.mp3
syllable-034;male;normal;УЛ;"Слитно; одна неторопливая версия.";materials/audio/incoming/ru/male/syllable-034-normal.wav;public/audio/ru/male/syllable-034-normal.mp3
syllable-035;female;normal;РА;"Слитно; одна неторопливая версия.";materials/audio/incoming/ru/female/syllable-035-normal.wav;public/audio/ru/female/syllable-035-normal.mp3
syllable-035;male;normal;РА;"Слитно; одна неторопливая версия.";materials/audio/incoming/ru/male/syllable-035-normal.wav;public/audio/ru/male/syllable-035-normal.mp3
syllable-036;female;normal;РО;"Слитно; одна неторопливая версия.";materials/audio/incoming/ru/female/syllable-036-normal.wav;public/audio/ru/female/syllable-036-normal.mp3
syllable-036;male;normal;РО;"Слитно; одна неторопливая версия.";materials/audio/incoming/ru/male/syllable-036-normal.wav;public/audio/ru/male/syllable-036-normal.mp3
syllable-037;female;normal;РУ;"Слитно; одна неторопливая версия.";materials/audio/incoming/ru/female/syllable-037-normal.wav;public/audio/ru/female/syllable-037-normal.mp3
syllable-037;male;normal;РУ;"Слитно; одна неторопливая версия.";materials/audio/incoming/ru/male/syllable-037-normal.wav;public/audio/ru/male/syllable-037-normal.mp3
syllable-038;female;normal;РЫ;"Слитно; одна неторопливая версия.";materials/audio/incoming/ru/female/syllable-038-normal.wav;public/audio/ru/female/syllable-038-normal.mp3
syllable-038;male;normal;РЫ;"Слитно; одна неторопливая версия.";materials/audio/incoming/ru/male/syllable-038-normal.wav;public/audio/ru/male/syllable-038-normal.mp3
syllable-039;female;normal;АР;"Слитно; одна неторопливая версия.";materials/audio/incoming/ru/female/syllable-039-normal.wav;public/audio/ru/female/syllable-039-normal.mp3
syllable-039;male;normal;АР;"Слитно; одна неторопливая версия.";materials/audio/incoming/ru/male/syllable-039-normal.wav;public/audio/ru/male/syllable-039-normal.mp3
syllable-040;female;normal;ОР;"Слитно; одна неторопливая версия.";materials/audio/incoming/ru/female/syllable-040-normal.wav;public/audio/ru/female/syllable-040-normal.mp3
syllable-040;male;normal;ОР;"Слитно; одна неторопливая версия.";materials/audio/incoming/ru/male/syllable-040-normal.wav;public/audio/ru/male/syllable-040-normal.mp3
syllable-041;female;normal;УР;"Слитно; одна неторопливая версия.";materials/audio/incoming/ru/female/syllable-041-normal.wav;public/audio/ru/female/syllable-041-normal.mp3
syllable-041;male;normal;УР;"Слитно; одна неторопливая версия.";materials/audio/incoming/ru/male/syllable-041-normal.wav;public/audio/ru/male/syllable-041-normal.mp3
syllable-042;female;normal;КА;"Слитно; одна неторопливая версия.";materials/audio/incoming/ru/female/syllable-042-normal.wav;public/audio/ru/female/syllable-042-normal.mp3
syllable-042;male;normal;КА;"Слитно; одна неторопливая версия.";materials/audio/incoming/ru/male/syllable-042-normal.wav;public/audio/ru/male/syllable-042-normal.mp3
syllable-043;female;normal;КО;"Слитно; одна неторопливая версия.";materials/audio/incoming/ru/female/syllable-043-normal.wav;public/audio/ru/female/syllable-043-normal.mp3
syllable-043;male;normal;КО;"Слитно; одна неторопливая версия.";materials/audio/incoming/ru/male/syllable-043-normal.wav;public/audio/ru/male/syllable-043-normal.mp3
syllable-044;female;normal;КУ;"Слитно; одна неторопливая версия.";materials/audio/incoming/ru/female/syllable-044-normal.wav;public/audio/ru/female/syllable-044-normal.mp3
syllable-044;male;normal;КУ;"Слитно; одна неторопливая версия.";materials/audio/incoming/ru/male/syllable-044-normal.wav;public/audio/ru/male/syllable-044-normal.mp3
syllable-045;female;normal;КЫ;"Слитно; одна неторопливая версия.";materials/audio/incoming/ru/female/syllable-045-normal.wav;public/audio/ru/female/syllable-045-normal.mp3
syllable-045;male;normal;КЫ;"Слитно; одна неторопливая версия.";materials/audio/incoming/ru/male/syllable-045-normal.wav;public/audio/ru/male/syllable-045-normal.mp3
syllable-046;female;normal;АК;"Слитно; одна неторопливая версия.";materials/audio/incoming/ru/female/syllable-046-normal.wav;public/audio/ru/female/syllable-046-normal.mp3
syllable-046;male;normal;АК;"Слитно; одна неторопливая версия.";materials/audio/incoming/ru/male/syllable-046-normal.wav;public/audio/ru/male/syllable-046-normal.mp3
syllable-047;female;normal;ОК;"Слитно; одна неторопливая версия.";materials/audio/incoming/ru/female/syllable-047-normal.wav;public/audio/ru/female/syllable-047-normal.mp3
syllable-047;male;normal;ОК;"Слитно; одна неторопливая версия.";materials/audio/incoming/ru/male/syllable-047-normal.wav;public/audio/ru/male/syllable-047-normal.mp3
syllable-048;female;normal;УК;"Слитно; одна неторопливая версия.";materials/audio/incoming/ru/female/syllable-048-normal.wav;public/audio/ru/female/syllable-048-normal.mp3
syllable-048;male;normal;УК;"Слитно; одна неторопливая версия.";materials/audio/incoming/ru/male/syllable-048-normal.wav;public/audio/ru/male/syllable-048-normal.mp3
syllable-049;female;normal;ТА;"Слитно; одна неторопливая версия.";materials/audio/incoming/ru/female/syllable-049-normal.wav;public/audio/ru/female/syllable-049-normal.mp3
syllable-049;male;normal;ТА;"Слитно; одна неторопливая версия.";materials/audio/incoming/ru/male/syllable-049-normal.wav;public/audio/ru/male/syllable-049-normal.mp3
syllable-050;female;normal;ТО;"Слитно; одна неторопливая версия.";materials/audio/incoming/ru/female/syllable-050-normal.wav;public/audio/ru/female/syllable-050-normal.mp3
syllable-050;male;normal;ТО;"Слитно; одна неторопливая версия.";materials/audio/incoming/ru/male/syllable-050-normal.wav;public/audio/ru/male/syllable-050-normal.mp3
syllable-051;female;normal;ТУ;"Слитно; одна неторопливая версия.";materials/audio/incoming/ru/female/syllable-051-normal.wav;public/audio/ru/female/syllable-051-normal.mp3
syllable-051;male;normal;ТУ;"Слитно; одна неторопливая версия.";materials/audio/incoming/ru/male/syllable-051-normal.wav;public/audio/ru/male/syllable-051-normal.mp3
syllable-052;female;normal;ТЫ;"Слитно; одна неторопливая версия.";materials/audio/incoming/ru/female/syllable-052-normal.wav;public/audio/ru/female/syllable-052-normal.mp3
syllable-052;male;normal;ТЫ;"Слитно; одна неторопливая версия.";materials/audio/incoming/ru/male/syllable-052-normal.wav;public/audio/ru/male/syllable-052-normal.mp3
syllable-053;female;normal;АТ;"Слитно; одна неторопливая версия.";materials/audio/incoming/ru/female/syllable-053-normal.wav;public/audio/ru/female/syllable-053-normal.mp3
syllable-053;male;normal;АТ;"Слитно; одна неторопливая версия.";materials/audio/incoming/ru/male/syllable-053-normal.wav;public/audio/ru/male/syllable-053-normal.mp3
syllable-054;female;normal;ОТ;"Слитно; одна неторопливая версия.";materials/audio/incoming/ru/female/syllable-054-normal.wav;public/audio/ru/female/syllable-054-normal.mp3
syllable-054;male;normal;ОТ;"Слитно; одна неторопливая версия.";materials/audio/incoming/ru/male/syllable-054-normal.wav;public/audio/ru/male/syllable-054-normal.mp3
syllable-055;female;normal;УТ;"Слитно; одна неторопливая версия.";materials/audio/incoming/ru/female/syllable-055-normal.wav;public/audio/ru/female/syllable-055-normal.mp3
syllable-055;male;normal;УТ;"Слитно; одна неторопливая версия.";materials/audio/incoming/ru/male/syllable-055-normal.wav;public/audio/ru/male/syllable-055-normal.mp3
syllable-056;female;normal;МИ;"Слитно; одна неторопливая версия.";materials/audio/incoming/ru/female/syllable-056-normal.wav;public/audio/ru/female/syllable-056-normal.mp3
syllable-056;male;normal;МИ;"Слитно; одна неторопливая версия.";materials/audio/incoming/ru/male/syllable-056-normal.wav;public/audio/ru/male/syllable-056-normal.mp3
syllable-057;female;normal;НИ;"Слитно; одна неторопливая версия.";materials/audio/incoming/ru/female/syllable-057-normal.wav;public/audio/ru/female/syllable-057-normal.mp3
syllable-057;male;normal;НИ;"Слитно; одна неторопливая версия.";materials/audio/incoming/ru/male/syllable-057-normal.wav;public/audio/ru/male/syllable-057-normal.mp3
syllable-058;female;normal;ЛИ;"Слитно; одна неторопливая версия.";materials/audio/incoming/ru/female/syllable-058-normal.wav;public/audio/ru/female/syllable-058-normal.mp3
syllable-058;male;normal;ЛИ;"Слитно; одна неторопливая версия.";materials/audio/incoming/ru/male/syllable-058-normal.wav;public/audio/ru/male/syllable-058-normal.mp3
syllable-059;female;normal;РИ;"Слитно; одна неторопливая версия.";materials/audio/incoming/ru/female/syllable-059-normal.wav;public/audio/ru/female/syllable-059-normal.mp3
syllable-059;male;normal;РИ;"Слитно; одна неторопливая версия.";materials/audio/incoming/ru/male/syllable-059-normal.wav;public/audio/ru/male/syllable-059-normal.mp3
syllable-060;female;normal;КИ;"Слитно; одна неторопливая версия.";materials/audio/incoming/ru/female/syllable-060-normal.wav;public/audio/ru/female/syllable-060-normal.mp3
syllable-060;male;normal;КИ;"Слитно; одна неторопливая версия.";materials/audio/incoming/ru/male/syllable-060-normal.wav;public/audio/ru/male/syllable-060-normal.mp3
syllable-061;female;normal;ТИ;"Слитно; одна неторопливая версия.";materials/audio/incoming/ru/female/syllable-061-normal.wav;public/audio/ru/female/syllable-061-normal.mp3
syllable-061;male;normal;ТИ;"Слитно; одна неторопливая версия.";materials/audio/incoming/ru/male/syllable-061-normal.wav;public/audio/ru/male/syllable-061-normal.mp3
syllable-062;female;normal;СИ;"Слитно; одна неторопливая версия.";materials/audio/incoming/ru/female/syllable-062-normal.wav;public/audio/ru/female/syllable-062-normal.mp3
syllable-062;male;normal;СИ;"Слитно; одна неторопливая версия.";materials/audio/incoming/ru/male/syllable-062-normal.wav;public/audio/ru/male/syllable-062-normal.mp3
syllable-063;female;normal;ХИ;"Слитно; одна неторопливая версия.";materials/audio/incoming/ru/female/syllable-063-normal.wav;public/audio/ru/female/syllable-063-normal.mp3
syllable-063;male;normal;ХИ;"Слитно; одна неторопливая версия.";materials/audio/incoming/ru/male/syllable-063-normal.wav;public/audio/ru/male/syllable-063-normal.mp3
syllable-064;female;normal;ПА;"Слитно; одна неторопливая версия.";materials/audio/incoming/ru/female/syllable-064-normal.wav;public/audio/ru/female/syllable-064-normal.mp3
syllable-064;male;normal;ПА;"Слитно; одна неторопливая версия.";materials/audio/incoming/ru/male/syllable-064-normal.wav;public/audio/ru/male/syllable-064-normal.mp3
syllable-065;female;normal;ПО;"Слитно; одна неторопливая версия.";materials/audio/incoming/ru/female/syllable-065-normal.wav;public/audio/ru/female/syllable-065-normal.mp3
syllable-065;male;normal;ПО;"Слитно; одна неторопливая версия.";materials/audio/incoming/ru/male/syllable-065-normal.wav;public/audio/ru/male/syllable-065-normal.mp3
syllable-066;female;normal;ПУ;"Слитно; одна неторопливая версия.";materials/audio/incoming/ru/female/syllable-066-normal.wav;public/audio/ru/female/syllable-066-normal.mp3
syllable-066;male;normal;ПУ;"Слитно; одна неторопливая версия.";materials/audio/incoming/ru/male/syllable-066-normal.wav;public/audio/ru/male/syllable-066-normal.mp3
syllable-067;female;normal;ПЫ;"Слитно; одна неторопливая версия.";materials/audio/incoming/ru/female/syllable-067-normal.wav;public/audio/ru/female/syllable-067-normal.mp3
syllable-067;male;normal;ПЫ;"Слитно; одна неторопливая версия.";materials/audio/incoming/ru/male/syllable-067-normal.wav;public/audio/ru/male/syllable-067-normal.mp3
syllable-068;female;normal;ПИ;"Слитно; одна неторопливая версия.";materials/audio/incoming/ru/female/syllable-068-normal.wav;public/audio/ru/female/syllable-068-normal.mp3
syllable-068;male;normal;ПИ;"Слитно; одна неторопливая версия.";materials/audio/incoming/ru/male/syllable-068-normal.wav;public/audio/ru/male/syllable-068-normal.mp3
syllable-069;female;normal;АП;"Слитно; одна неторопливая версия.";materials/audio/incoming/ru/female/syllable-069-normal.wav;public/audio/ru/female/syllable-069-normal.mp3
syllable-069;male;normal;АП;"Слитно; одна неторопливая версия.";materials/audio/incoming/ru/male/syllable-069-normal.wav;public/audio/ru/male/syllable-069-normal.mp3
syllable-070;female;normal;ОП;"Слитно; одна неторопливая версия.";materials/audio/incoming/ru/female/syllable-070-normal.wav;public/audio/ru/female/syllable-070-normal.mp3
syllable-070;male;normal;ОП;"Слитно; одна неторопливая версия.";materials/audio/incoming/ru/male/syllable-070-normal.wav;public/audio/ru/male/syllable-070-normal.mp3
syllable-071;female;normal;ИП;"Слитно; одна неторопливая версия.";materials/audio/incoming/ru/female/syllable-071-normal.wav;public/audio/ru/female/syllable-071-normal.mp3
syllable-071;male;normal;ИП;"Слитно; одна неторопливая версия.";materials/audio/incoming/ru/male/syllable-071-normal.wav;public/audio/ru/male/syllable-071-normal.mp3
syllable-072;female;normal;БА;"Слитно; одна неторопливая версия.";materials/audio/incoming/ru/female/syllable-072-normal.wav;public/audio/ru/female/syllable-072-normal.mp3
syllable-072;male;normal;БА;"Слитно; одна неторопливая версия.";materials/audio/incoming/ru/male/syllable-072-normal.wav;public/audio/ru/male/syllable-072-normal.mp3
syllable-073;female;normal;БИ;"Слитно; одна неторопливая версия.";materials/audio/incoming/ru/female/syllable-073-normal.wav;public/audio/ru/female/syllable-073-normal.mp3
syllable-073;male;normal;БИ;"Слитно; одна неторопливая версия.";materials/audio/incoming/ru/male/syllable-073-normal.wav;public/audio/ru/male/syllable-073-normal.mp3
syllable-074;female;normal;ВА;"Слитно; одна неторопливая версия.";materials/audio/incoming/ru/female/syllable-074-normal.wav;public/audio/ru/female/syllable-074-normal.mp3
syllable-074;male;normal;ВА;"Слитно; одна неторопливая версия.";materials/audio/incoming/ru/male/syllable-074-normal.wav;public/audio/ru/male/syllable-074-normal.mp3
syllable-075;female;normal;ВИ;"Слитно; одна неторопливая версия.";materials/audio/incoming/ru/female/syllable-075-normal.wav;public/audio/ru/female/syllable-075-normal.mp3
syllable-075;male;normal;ВИ;"Слитно; одна неторопливая версия.";materials/audio/incoming/ru/male/syllable-075-normal.wav;public/audio/ru/male/syllable-075-normal.mp3
syllable-076;female;normal;ДА;"Слитно; одна неторопливая версия.";materials/audio/incoming/ru/female/syllable-076-normal.wav;public/audio/ru/female/syllable-076-normal.mp3
syllable-076;male;normal;ДА;"Слитно; одна неторопливая версия.";materials/audio/incoming/ru/male/syllable-076-normal.wav;public/audio/ru/male/syllable-076-normal.mp3
syllable-077;female;normal;ДИ;"Слитно; одна неторопливая версия.";materials/audio/incoming/ru/female/syllable-077-normal.wav;public/audio/ru/female/syllable-077-normal.mp3
syllable-077;male;normal;ДИ;"Слитно; одна неторопливая версия.";materials/audio/incoming/ru/male/syllable-077-normal.wav;public/audio/ru/male/syllable-077-normal.mp3
syllable-078;female;normal;ЖА;"Слитно; одна неторопливая версия.";materials/audio/incoming/ru/female/syllable-078-normal.wav;public/audio/ru/female/syllable-078-normal.mp3
syllable-078;male;normal;ЖА;"Слитно; одна неторопливая версия.";materials/audio/incoming/ru/male/syllable-078-normal.wav;public/audio/ru/male/syllable-078-normal.mp3
syllable-079;female;normal;ЖУ;"Слитно; одна неторопливая версия.";materials/audio/incoming/ru/female/syllable-079-normal.wav;public/audio/ru/female/syllable-079-normal.mp3
syllable-079;male;normal;ЖУ;"Слитно; одна неторопливая версия.";materials/audio/incoming/ru/male/syllable-079-normal.wav;public/audio/ru/male/syllable-079-normal.mp3
syllable-080;female;normal;ЗА;"Слитно; одна неторопливая версия.";materials/audio/incoming/ru/female/syllable-080-normal.wav;public/audio/ru/female/syllable-080-normal.mp3
syllable-080;male;normal;ЗА;"Слитно; одна неторопливая версия.";materials/audio/incoming/ru/male/syllable-080-normal.wav;public/audio/ru/male/syllable-080-normal.mp3
syllable-081;female;normal;ЗУ;"Слитно; одна неторопливая версия.";materials/audio/incoming/ru/female/syllable-081-normal.wav;public/audio/ru/female/syllable-081-normal.mp3
syllable-081;male;normal;ЗУ;"Слитно; одна неторопливая версия.";materials/audio/incoming/ru/male/syllable-081-normal.wav;public/audio/ru/male/syllable-081-normal.mp3
syllable-082;female;normal;ФА;"Слитно; одна неторопливая версия.";materials/audio/incoming/ru/female/syllable-082-normal.wav;public/audio/ru/female/syllable-082-normal.mp3
syllable-082;male;normal;ФА;"Слитно; одна неторопливая версия.";materials/audio/incoming/ru/male/syllable-082-normal.wav;public/audio/ru/male/syllable-082-normal.mp3
syllable-083;female;normal;ФУ;"Слитно; одна неторопливая версия.";materials/audio/incoming/ru/female/syllable-083-normal.wav;public/audio/ru/female/syllable-083-normal.mp3
syllable-083;male;normal;ФУ;"Слитно; одна неторопливая версия.";materials/audio/incoming/ru/male/syllable-083-normal.wav;public/audio/ru/male/syllable-083-normal.mp3
syllable-084;female;normal;ЦА;"Слитно; одна неторопливая версия.";materials/audio/incoming/ru/female/syllable-084-normal.wav;public/audio/ru/female/syllable-084-normal.mp3
syllable-084;male;normal;ЦА;"Слитно; одна неторопливая версия.";materials/audio/incoming/ru/male/syllable-084-normal.wav;public/audio/ru/male/syllable-084-normal.mp3
syllable-085;female;normal;ЧА;"Слитно; одна неторопливая версия.";materials/audio/incoming/ru/female/syllable-085-normal.wav;public/audio/ru/female/syllable-085-normal.mp3
syllable-085;male;normal;ЧА;"Слитно; одна неторопливая версия.";materials/audio/incoming/ru/male/syllable-085-normal.wav;public/audio/ru/male/syllable-085-normal.mp3
syllable-086;female;normal;ЧУ;"Слитно; одна неторопливая версия.";materials/audio/incoming/ru/female/syllable-086-normal.wav;public/audio/ru/female/syllable-086-normal.mp3
syllable-086;male;normal;ЧУ;"Слитно; одна неторопливая версия.";materials/audio/incoming/ru/male/syllable-086-normal.wav;public/audio/ru/male/syllable-086-normal.mp3
syllable-087;female;normal;ША;"Слитно; одна неторопливая версия.";materials/audio/incoming/ru/female/syllable-087-normal.wav;public/audio/ru/female/syllable-087-normal.mp3
syllable-087;male;normal;ША;"Слитно; одна неторопливая версия.";materials/audio/incoming/ru/male/syllable-087-normal.wav;public/audio/ru/male/syllable-087-normal.mp3
syllable-088;female;normal;ШИ;"Слитно; одна неторопливая версия.";materials/audio/incoming/ru/female/syllable-088-normal.wav;public/audio/ru/female/syllable-088-normal.mp3
syllable-088;male;normal;ШИ;"Слитно; одна неторопливая версия.";materials/audio/incoming/ru/male/syllable-088-normal.wav;public/audio/ru/male/syllable-088-normal.mp3
syllable-089;female;normal;ЩА;"Слитно; одна неторопливая версия.";materials/audio/incoming/ru/female/syllable-089-normal.wav;public/audio/ru/female/syllable-089-normal.mp3
syllable-089;male;normal;ЩА;"Слитно; одна неторопливая версия.";materials/audio/incoming/ru/male/syllable-089-normal.wav;public/audio/ru/male/syllable-089-normal.mp3
syllable-090;female;normal;ЩУ;"Слитно; одна неторопливая версия.";materials/audio/incoming/ru/female/syllable-090-normal.wav;public/audio/ru/female/syllable-090-normal.mp3
syllable-090;male;normal;ЩУ;"Слитно; одна неторопливая версия.";materials/audio/incoming/ru/male/syllable-090-normal.wav;public/audio/ru/male/syllable-090-normal.mp3
syllable-091;female;normal;ЛЯ;"Слитно; одна неторопливая версия.";materials/audio/incoming/ru/female/syllable-091-normal.wav;public/audio/ru/female/syllable-091-normal.mp3
syllable-091;male;normal;ЛЯ;"Слитно; одна неторопливая версия.";materials/audio/incoming/ru/male/syllable-091-normal.wav;public/audio/ru/male/syllable-091-normal.mp3
syllable-092;female;normal;ЛЮ;"Слитно; одна неторопливая версия.";materials/audio/incoming/ru/female/syllable-092-normal.wav;public/audio/ru/female/syllable-092-normal.mp3
syllable-092;male;normal;ЛЮ;"Слитно; одна неторопливая версия.";materials/audio/incoming/ru/male/syllable-092-normal.wav;public/audio/ru/male/syllable-092-normal.mp3
syllable-093;female;normal;МЕ;"Слитно; одна неторопливая версия.";materials/audio/incoming/ru/female/syllable-093-normal.wav;public/audio/ru/female/syllable-093-normal.mp3
syllable-093;male;normal;МЕ;"Слитно; одна неторопливая версия.";materials/audio/incoming/ru/male/syllable-093-normal.wav;public/audio/ru/male/syllable-093-normal.mp3
syllable-094;female;normal;НЁ;"Слитно; одна неторопливая версия.";materials/audio/incoming/ru/female/syllable-094-normal.wav;public/audio/ru/female/syllable-094-normal.mp3
syllable-094;male;normal;НЁ;"Слитно; одна неторопливая версия.";materials/audio/incoming/ru/male/syllable-094-normal.wav;public/audio/ru/male/syllable-094-normal.mp3
syllable-095;female;normal;РЯ;"Слитно; одна неторопливая версия.";materials/audio/incoming/ru/female/syllable-095-normal.wav;public/audio/ru/female/syllable-095-normal.mp3
syllable-095;male;normal;РЯ;"Слитно; одна неторопливая версия.";materials/audio/incoming/ru/male/syllable-095-normal.wav;public/audio/ru/male/syllable-095-normal.mp3
syllable-096;female;normal;СЕ;"Слитно; одна неторопливая версия.";materials/audio/incoming/ru/female/syllable-096-normal.wav;public/audio/ru/female/syllable-096-normal.mp3
syllable-096;male;normal;СЕ;"Слитно; одна неторопливая версия.";materials/audio/incoming/ru/male/syllable-096-normal.wav;public/audio/ru/male/syllable-096-normal.mp3
syllable-097;female;normal;ТЮ;"Слитно; одна неторопливая версия.";materials/audio/incoming/ru/female/syllable-097-normal.wav;public/audio/ru/female/syllable-097-normal.mp3
syllable-097;male;normal;ТЮ;"Слитно; одна неторопливая версия.";materials/audio/incoming/ru/male/syllable-097-normal.wav;public/audio/ru/male/syllable-097-normal.mp3
syllable-098;female;normal;СОН;"Слитно; одна неторопливая версия.";materials/audio/incoming/ru/female/syllable-098-normal.wav;public/audio/ru/female/syllable-098-normal.mp3
syllable-098;male;normal;СОН;"Слитно; одна неторопливая версия.";materials/audio/incoming/ru/male/syllable-098-normal.wav;public/audio/ru/male/syllable-098-normal.mp3
syllable-099;female;normal;КРОТ;"Слитно; одна неторопливая версия.";materials/audio/incoming/ru/female/syllable-099-normal.wav;public/audio/ru/female/syllable-099-normal.mp3
syllable-099;male;normal;КРОТ;"Слитно; одна неторопливая версия.";materials/audio/incoming/ru/male/syllable-099-normal.wav;public/audio/ru/male/syllable-099-normal.mp3
syllable-100;female;normal;ДОМ;"Слитно; одна неторопливая версия.";materials/audio/incoming/ru/female/syllable-100-normal.wav;public/audio/ru/female/syllable-100-normal.mp3
syllable-100;male;normal;ДОМ;"Слитно; одна неторопливая версия.";materials/audio/incoming/ru/male/syllable-100-normal.wav;public/audio/ru/male/syllable-100-normal.mp3
syllable-101;female;normal;КОТ;"Слитно; одна неторопливая версия.";materials/audio/incoming/ru/female/syllable-101-normal.wav;public/audio/ru/female/syllable-101-normal.mp3
syllable-101;male;normal;КОТ;"Слитно; одна неторопливая версия.";materials/audio/incoming/ru/male/syllable-101-normal.wav;public/audio/ru/male/syllable-101-normal.mp3
syllable-102;female;normal;МАК;"Слитно; одна неторопливая версия.";materials/audio/incoming/ru/female/syllable-102-normal.wav;public/audio/ru/female/syllable-102-normal.mp3
syllable-102;male;normal;МАК;"Слитно; одна неторопливая версия.";materials/audio/incoming/ru/male/syllable-102-normal.wav;public/audio/ru/male/syllable-102-normal.mp3
syllable-103;female;normal;СОК;"Слитно; одна неторопливая версия.";materials/audio/incoming/ru/female/syllable-103-normal.wav;public/audio/ru/female/syllable-103-normal.mp3
syllable-103;male;normal;СОК;"Слитно; одна неторопливая версия.";materials/audio/incoming/ru/male/syllable-103-normal.wav;public/audio/ru/male/syllable-103-normal.mp3
syllable-104;female;normal;НОС;"Слитно; одна неторопливая версия.";materials/audio/incoming/ru/female/syllable-104-normal.wav;public/audio/ru/female/syllable-104-normal.mp3
syllable-104;male;normal;НОС;"Слитно; одна неторопливая версия.";materials/audio/incoming/ru/male/syllable-104-normal.wav;public/audio/ru/male/syllable-104-normal.mp3
syllable-105;female;normal;СОМ;"Слитно; одна неторопливая версия.";materials/audio/incoming/ru/female/syllable-105-normal.wav;public/audio/ru/female/syllable-105-normal.mp3
syllable-105;male;normal;СОМ;"Слитно; одна неторопливая версия.";materials/audio/incoming/ru/male/syllable-105-normal.wav;public/audio/ru/male/syllable-105-normal.mp3
syllable-106;female;normal;СЫР;"Слитно; одна неторопливая версия.";materials/audio/incoming/ru/female/syllable-106-normal.wav;public/audio/ru/female/syllable-106-normal.mp3
syllable-106;male;normal;СЫР;"Слитно; одна неторопливая версия.";materials/audio/incoming/ru/male/syllable-106-normal.wav;public/audio/ru/male/syllable-106-normal.mp3
syllable-107;female;normal;КИТ;"Слитно; одна неторопливая версия.";materials/audio/incoming/ru/female/syllable-107-normal.wav;public/audio/ru/female/syllable-107-normal.mp3
syllable-107;male;normal;КИТ;"Слитно; одна неторопливая версия.";materials/audio/incoming/ru/male/syllable-107-normal.wav;public/audio/ru/male/syllable-107-normal.mp3
syllable-108;female;normal;ШАР;"Слитно; одна неторопливая версия.";materials/audio/incoming/ru/female/syllable-108-normal.wav;public/audio/ru/female/syllable-108-normal.mp3
syllable-108;male;normal;ШАР;"Слитно; одна неторопливая версия.";materials/audio/incoming/ru/male/syllable-108-normal.wav;public/audio/ru/male/syllable-108-normal.mp3
syllable-109;female;normal;ДУБ;"Слитно; одна неторопливая версия.";materials/audio/incoming/ru/female/syllable-109-normal.wav;public/audio/ru/female/syllable-109-normal.mp3
syllable-109;male;normal;ДУБ;"Слитно; одна неторопливая версия.";materials/audio/incoming/ru/male/syllable-109-normal.wav;public/audio/ru/male/syllable-109-normal.mp3
syllable-110;female;normal;СУП;"Слитно; одна неторопливая версия.";materials/audio/incoming/ru/female/syllable-110-normal.wav;public/audio/ru/female/syllable-110-normal.mp3
syllable-110;male;normal;СУП;"Слитно; одна неторопливая версия.";materials/audio/incoming/ru/male/syllable-110-normal.wav;public/audio/ru/male/syllable-110-normal.mp3
syllable-111;female;normal;ЛУК;"Слитно; одна неторопливая версия.";materials/audio/incoming/ru/female/syllable-111-normal.wav;public/audio/ru/female/syllable-111-normal.mp3
syllable-111;male;normal;ЛУК;"Слитно; одна неторопливая версия.";materials/audio/incoming/ru/male/syllable-111-normal.wav;public/audio/ru/male/syllable-111-normal.mp3
syllable-112;female;normal;РОТ;"Слитно; одна неторопливая версия.";materials/audio/incoming/ru/female/syllable-112-normal.wav;public/audio/ru/female/syllable-112-normal.mp3
syllable-112;male;normal;РОТ;"Слитно; одна неторопливая версия.";materials/audio/incoming/ru/male/syllable-112-normal.wav;public/audio/ru/male/syllable-112-normal.mp3
syllable-113;female;normal;ТОРТ;"Слитно; одна неторопливая версия.";materials/audio/incoming/ru/female/syllable-113-normal.wav;public/audio/ru/female/syllable-113-normal.mp3
syllable-113;male;normal;ТОРТ;"Слитно; одна неторопливая версия.";materials/audio/incoming/ru/male/syllable-113-normal.wav;public/audio/ru/male/syllable-113-normal.mp3
syllable-114;female;normal;СТОЛ;"Слитно; одна неторопливая версия.";materials/audio/incoming/ru/female/syllable-114-normal.wav;public/audio/ru/female/syllable-114-normal.mp3
syllable-114;male;normal;СТОЛ;"Слитно; одна неторопливая версия.";materials/audio/incoming/ru/male/syllable-114-normal.wav;public/audio/ru/male/syllable-114-normal.mp3
syllable-115;female;normal;МЯЧ;"Слитно; одна неторопливая версия.";materials/audio/incoming/ru/female/syllable-115-normal.wav;public/audio/ru/female/syllable-115-normal.mp3
syllable-115;male;normal;МЯЧ;"Слитно; одна неторопливая версия.";materials/audio/incoming/ru/male/syllable-115-normal.wav;public/audio/ru/male/syllable-115-normal.mp3
syllable-116;female;normal;СНЕГ;"Слитно; одна неторопливая версия.";materials/audio/incoming/ru/female/syllable-116-normal.wav;public/audio/ru/female/syllable-116-normal.mp3
syllable-116;male;normal;СНЕГ;"Слитно; одна неторопливая версия.";materials/audio/incoming/ru/male/syllable-116-normal.wav;public/audio/ru/male/syllable-116-normal.mp3
syllable-117;female;normal;ЛЕС;"Слитно; одна неторопливая версия.";materials/audio/incoming/ru/female/syllable-117-normal.wav;public/audio/ru/female/syllable-117-normal.mp3
syllable-117;male;normal;ЛЕС;"Слитно; одна неторопливая версия.";materials/audio/incoming/ru/male/syllable-117-normal.wav;public/audio/ru/male/syllable-117-normal.mp3
syllable-118;female;normal;ЛИСТ;"Слитно; одна неторопливая версия.";materials/audio/incoming/ru/female/syllable-118-normal.wav;public/audio/ru/female/syllable-118-normal.mp3
syllable-118;male;normal;ЛИСТ;"Слитно; одна неторопливая версия.";materials/audio/incoming/ru/male/syllable-118-normal.wav;public/audio/ru/male/syllable-118-normal.mp3
syllable-119;female;normal;МОСТ;"Слитно; одна неторопливая версия.";materials/audio/incoming/ru/female/syllable-119-normal.wav;public/audio/ru/female/syllable-119-normal.mp3
syllable-119;male;normal;МОСТ;"Слитно; одна неторопливая версия.";materials/audio/incoming/ru/male/syllable-119-normal.wav;public/audio/ru/male/syllable-119-normal.mp3
syllable-120;female;normal;ЗОНТ;"Слитно; одна неторопливая версия.";materials/audio/incoming/ru/female/syllable-120-normal.wav;public/audio/ru/female/syllable-120-normal.mp3
syllable-120;male;normal;ЗОНТ;"Слитно; одна неторопливая версия.";materials/audio/incoming/ru/male/syllable-120-normal.wav;public/audio/ru/male/syllable-120-normal.mp3
syllable-121;female;normal;ХЛЕБ;"Слитно; одна неторопливая версия.";materials/audio/incoming/ru/female/syllable-121-normal.wav;public/audio/ru/female/syllable-121-normal.mp3
syllable-121;male;normal;ХЛЕБ;"Слитно; одна неторопливая версия.";materials/audio/incoming/ru/male/syllable-121-normal.wav;public/audio/ru/male/syllable-121-normal.mp3
syllable-122;female;normal;РЕ;"Слитно; одна неторопливая версия.";materials/audio/incoming/ru/female/syllable-122-normal.wav;public/audio/ru/female/syllable-122-normal.mp3
syllable-122;male;normal;РЕ;"Слитно; одна неторопливая версия.";materials/audio/incoming/ru/male/syllable-122-normal.wav;public/audio/ru/male/syllable-122-normal.mp3
syllable-123;female;normal;ГО;"Слитно; одна неторопливая версия.";materials/audio/incoming/ru/female/syllable-123-normal.wav;public/audio/ru/female/syllable-123-normal.mp3
syllable-123;male;normal;ГО;"Слитно; одна неторопливая версия.";materials/audio/incoming/ru/male/syllable-123-normal.wav;public/audio/ru/male/syllable-123-normal.mp3
syllable-124;female;normal;ВО;"Слитно; одна неторопливая версия.";materials/audio/incoming/ru/female/syllable-124-normal.wav;public/audio/ru/female/syllable-124-normal.mp3
syllable-124;male;normal;ВО;"Слитно; одна неторопливая версия.";materials/audio/incoming/ru/male/syllable-124-normal.wav;public/audio/ru/male/syllable-124-normal.mp3
syllable-125;female;normal;ГА;"Слитно; одна неторопливая версия.";materials/audio/incoming/ru/female/syllable-125-normal.wav;public/audio/ru/female/syllable-125-normal.mp3
syllable-125;male;normal;ГА;"Слитно; одна неторопливая версия.";materials/audio/incoming/ru/male/syllable-125-normal.wav;public/audio/ru/male/syllable-125-normal.mp3
syllable-126;female;normal;ШКА;"Слитно; одна неторопливая версия.";materials/audio/incoming/ru/female/syllable-126-normal.wav;public/audio/ru/female/syllable-126-normal.mp3
syllable-126;male;normal;ШКА;"Слитно; одна неторопливая версия.";materials/audio/incoming/ru/male/syllable-126-normal.wav;public/audio/ru/male/syllable-126-normal.mp3
syllable-127;female;normal;ЛОЖ;"Слитно; одна неторопливая версия.";materials/audio/incoming/ru/female/syllable-127-normal.wav;public/audio/ru/female/syllable-127-normal.mp3
syllable-127;male;normal;ЛОЖ;"Слитно; одна неторопливая версия.";materials/audio/incoming/ru/male/syllable-127-normal.wav;public/audio/ru/male/syllable-127-normal.mp3
syllable-128;female;normal;ЛОД;"Слитно; одна неторопливая версия.";materials/audio/incoming/ru/female/syllable-128-normal.wav;public/audio/ru/female/syllable-128-normal.mp3
syllable-128;male;normal;ЛОД;"Слитно; одна неторопливая версия.";materials/audio/incoming/ru/male/syllable-128-normal.wav;public/audio/ru/male/syllable-128-normal.mp3
syllable-129;female;normal;КОШ;"Слитно; одна неторопливая версия.";materials/audio/incoming/ru/female/syllable-129-normal.wav;public/audio/ru/female/syllable-129-normal.mp3
syllable-129;male;normal;КОШ;"Слитно; одна неторопливая версия.";materials/audio/incoming/ru/male/syllable-129-normal.wav;public/audio/ru/male/syllable-129-normal.mp3
syllable-130;female;normal;МОН;"Слитно; одна неторопливая версия.";materials/audio/incoming/ru/female/syllable-130-normal.wav;public/audio/ru/female/syllable-130-normal.mp3
syllable-130;male;normal;МОН;"Слитно; одна неторопливая версия.";materials/audio/incoming/ru/male/syllable-130-normal.wav;public/audio/ru/male/syllable-130-normal.mp3
syllable-131;female;normal;НАН;"Слитно; одна неторопливая версия.";materials/audio/incoming/ru/female/syllable-131-normal.wav;public/audio/ru/female/syllable-131-normal.mp3
syllable-131;male;normal;НАН;"Слитно; одна неторопливая версия.";materials/audio/incoming/ru/male/syllable-131-normal.wav;public/audio/ru/male/syllable-131-normal.mp3
syllable-132;female;normal;ЯБ;"Слитно; одна неторопливая версия.";materials/audio/incoming/ru/female/syllable-132-normal.wav;public/audio/ru/female/syllable-132-normal.mp3
syllable-132;male;normal;ЯБ;"Слитно; одна неторопливая версия.";materials/audio/incoming/ru/male/syllable-132-normal.wav;public/audio/ru/male/syllable-132-normal.mp3
syllable-133;female;normal;ДЕ;"Слитно; одна неторопливая версия.";materials/audio/incoming/ru/female/syllable-133-normal.wav;public/audio/ru/female/syllable-133-normal.mp3
syllable-133;male;normal;ДЕ;"Слитно; одна неторопливая версия.";materials/audio/incoming/ru/male/syllable-133-normal.wav;public/audio/ru/male/syllable-133-normal.mp3
syllable-134;female;normal;О;"Слитно; одна неторопливая версия.";materials/audio/incoming/ru/female/syllable-134-normal.wav;public/audio/ru/female/syllable-134-normal.mp3
syllable-134;male;normal;О;"Слитно; одна неторопливая версия.";materials/audio/incoming/ru/male/syllable-134-normal.wav;public/audio/ru/male/syllable-134-normal.mp3
syllable-135;female;normal;У;"Слитно; одна неторопливая версия.";materials/audio/incoming/ru/female/syllable-135-normal.wav;public/audio/ru/female/syllable-135-normal.mp3
syllable-135;male;normal;У;"Слитно; одна неторопливая версия.";materials/audio/incoming/ru/male/syllable-135-normal.wav;public/audio/ru/male/syllable-135-normal.mp3
syllable-136;female;normal;СОС;"Слитно; одна неторопливая версия.";materials/audio/incoming/ru/female/syllable-136-normal.wav;public/audio/ru/female/syllable-136-normal.mp3
syllable-136;male;normal;СОС;"Слитно; одна неторопливая версия.";materials/audio/incoming/ru/male/syllable-136-normal.wav;public/audio/ru/male/syllable-136-normal.mp3
syllable-137;female;normal;НИТ;"Слитно; одна неторопливая версия.";materials/audio/incoming/ru/female/syllable-137-normal.wav;public/audio/ru/female/syllable-137-normal.mp3
syllable-137;male;normal;НИТ;"Слитно; одна неторопливая версия.";materials/audio/incoming/ru/male/syllable-137-normal.wav;public/audio/ru/male/syllable-137-normal.mp3
syllable-138;female;normal;ПОЛ;"Слитно; одна неторопливая версия.";materials/audio/incoming/ru/female/syllable-138-normal.wav;public/audio/ru/female/syllable-138-normal.mp3
syllable-138;male;normal;ПОЛ;"Слитно; одна неторопливая версия.";materials/audio/incoming/ru/male/syllable-138-normal.wav;public/audio/ru/male/syllable-138-normal.mp3
syllable-139;female;normal;ПАРК;"Слитно; одна неторопливая версия.";materials/audio/incoming/ru/female/syllable-139-normal.wav;public/audio/ru/female/syllable-139-normal.mp3
syllable-139;male;normal;ПАРК;"Слитно; одна неторопливая версия.";materials/audio/incoming/ru/male/syllable-139-normal.wav;public/audio/ru/male/syllable-139-normal.mp3
syllable-140;female;normal;ДУ;"Слитно; одна неторопливая версия.";materials/audio/incoming/ru/female/syllable-140-normal.wav;public/audio/ru/female/syllable-140-normal.mp3
syllable-140;male;normal;ДУ;"Слитно; одна неторопливая версия.";materials/audio/incoming/ru/male/syllable-140-normal.wav;public/audio/ru/male/syllable-140-normal.mp3
syllable-141;female;normal;ШАДЬ;"Слитно; одна неторопливая версия.";materials/audio/incoming/ru/female/syllable-141-normal.wav;public/audio/ru/female/syllable-141-normal.mp3
syllable-141;male;normal;ШАДЬ;"Слитно; одна неторопливая версия.";materials/audio/incoming/ru/male/syllable-141-normal.wav;public/audio/ru/male/syllable-141-normal.mp3
syllable-142;female;normal;ЯЦ;"Слитно; одна неторопливая версия.";materials/audio/incoming/ru/female/syllable-142-normal.wav;public/audio/ru/female/syllable-142-normal.mp3
syllable-142;male;normal;ЯЦ;"Слитно; одна неторопливая версия.";materials/audio/incoming/ru/male/syllable-142-normal.wav;public/audio/ru/male/syllable-142-normal.mp3
syllable-143;female;normal;БЕЛ;"Слитно; одна неторопливая версия.";materials/audio/incoming/ru/female/syllable-143-normal.wav;public/audio/ru/female/syllable-143-normal.mp3
syllable-143;male;normal;БЕЛ;"Слитно; одна неторопливая версия.";materials/audio/incoming/ru/male/syllable-143-normal.wav;public/audio/ru/male/syllable-143-normal.mp3
syllable-144;female;normal;ЁЖ;"Слитно; одна неторопливая версия.";materials/audio/incoming/ru/female/syllable-144-normal.wav;public/audio/ru/female/syllable-144-normal.mp3
syllable-144;male;normal;ЁЖ;"Слитно; одна неторопливая версия.";materials/audio/incoming/ru/male/syllable-144-normal.wav;public/audio/ru/male/syllable-144-normal.mp3
syllable-145;female;normal;ЧЕ;"Слитно; одна неторопливая версия.";materials/audio/incoming/ru/female/syllable-145-normal.wav;public/audio/ru/female/syllable-145-normal.mp3
syllable-145;male;normal;ЧЕ;"Слитно; одна неторопливая версия.";materials/audio/incoming/ru/male/syllable-145-normal.wav;public/audio/ru/male/syllable-145-normal.mp3
syllable-146;female;normal;ЛИТ;"Слитно; одна неторопливая версия.";materials/audio/incoming/ru/female/syllable-146-normal.wav;public/audio/ru/female/syllable-146-normal.mp3
syllable-146;male;normal;ЛИТ;"Слитно; одна неторопливая версия.";materials/audio/incoming/ru/male/syllable-146-normal.wav;public/audio/ru/male/syllable-146-normal.mp3
syllable-147;female;normal;БОЧ;"Слитно; одна неторопливая версия.";materials/audio/incoming/ru/female/syllable-147-normal.wav;public/audio/ru/female/syllable-147-normal.mp3
syllable-147;male;normal;БОЧ;"Слитно; одна неторопливая версия.";materials/audio/incoming/ru/male/syllable-147-normal.wav;public/audio/ru/male/syllable-147-normal.mp3
syllable-148;female;normal;ЦВЕ;"Слитно; одна неторопливая версия.";materials/audio/incoming/ru/female/syllable-148-normal.wav;public/audio/ru/female/syllable-148-normal.mp3
syllable-148;male;normal;ЦВЕ;"Слитно; одна неторопливая версия.";materials/audio/incoming/ru/male/syllable-148-normal.wav;public/audio/ru/male/syllable-148-normal.mp3
syllable-149;female;normal;ТОК;"Слитно; одна неторопливая версия.";materials/audio/incoming/ru/female/syllable-149-normal.wav;public/audio/ru/female/syllable-149-normal.mp3
syllable-149;male;normal;ТОК;"Слитно; одна неторопливая версия.";materials/audio/incoming/ru/male/syllable-149-normal.wav;public/audio/ru/male/syllable-149-normal.mp3
syllable-150;female;normal;ГРИБ;"Слитно; одна неторопливая версия.";materials/audio/incoming/ru/female/syllable-150-normal.wav;public/audio/ru/female/syllable-150-normal.mp3
syllable-150;male;normal;ГРИБ;"Слитно; одна неторопливая версия.";materials/audio/incoming/ru/male/syllable-150-normal.wav;public/audio/ru/male/syllable-150-normal.mp3
syllable-151;female;normal;МОР;"Слитно; одна неторопливая версия.";materials/audio/incoming/ru/female/syllable-151-normal.wav;public/audio/ru/female/syllable-151-normal.mp3
syllable-151;male;normal;МОР;"Слитно; одна неторопливая версия.";materials/audio/incoming/ru/male/syllable-151-normal.wav;public/audio/ru/male/syllable-151-normal.mp3
syllable-152;female;normal;КОВЬ;"Слитно; одна неторопливая версия.";materials/audio/incoming/ru/female/syllable-152-normal.wav;public/audio/ru/female/syllable-152-normal.mp3
syllable-152;male;normal;КОВЬ;"Слитно; одна неторопливая версия.";materials/audio/incoming/ru/male/syllable-152-normal.wav;public/audio/ru/male/syllable-152-normal.mp3
syllable-153;female;normal;ГУ;"Слитно; одна неторопливая версия.";materials/audio/incoming/ru/female/syllable-153-normal.wav;public/audio/ru/female/syllable-153-normal.mp3
syllable-153;male;normal;ГУ;"Слитно; одна неторопливая версия.";materials/audio/incoming/ru/male/syllable-153-normal.wav;public/audio/ru/male/syllable-153-normal.mp3
syllable-154;female;normal;РЕЦ;"Слитно; одна неторопливая версия.";materials/audio/incoming/ru/female/syllable-154-normal.wav;public/audio/ru/female/syllable-154-normal.mp3
syllable-154;male;normal;РЕЦ;"Слитно; одна неторопливая версия.";materials/audio/incoming/ru/male/syllable-154-normal.wav;public/audio/ru/male/syllable-154-normal.mp3
syllable-155;female;normal;ДОР;"Слитно; одна неторопливая версия.";materials/audio/incoming/ru/female/syllable-155-normal.wav;public/audio/ru/female/syllable-155-normal.mp3
syllable-155;male;normal;ДОР;"Слитно; одна неторопливая версия.";materials/audio/incoming/ru/male/syllable-155-normal.wav;public/audio/ru/male/syllable-155-normal.mp3
syllable-156;female;normal;БУЗ;"Слитно; одна неторопливая версия.";materials/audio/incoming/ru/female/syllable-156-normal.wav;public/audio/ru/female/syllable-156-normal.mp3
syllable-156;male;normal;БУЗ;"Слитно; одна неторопливая версия.";materials/audio/incoming/ru/male/syllable-156-normal.wav;public/audio/ru/male/syllable-156-normal.mp3
syllable-157;female;normal;ДЫ;"Слитно; одна неторопливая версия.";materials/audio/incoming/ru/female/syllable-157-normal.wav;public/audio/ru/female/syllable-157-normal.mp3
syllable-157;male;normal;ДЫ;"Слитно; одна неторопливая версия.";materials/audio/incoming/ru/male/syllable-157-normal.wav;public/audio/ru/male/syllable-157-normal.mp3
syllable-158;female;normal;НЯ;"Слитно; одна неторопливая версия.";materials/audio/incoming/ru/female/syllable-158-normal.wav;public/audio/ru/female/syllable-158-normal.mp3
syllable-158;male;normal;НЯ;"Слитно; одна неторопливая версия.";materials/audio/incoming/ru/male/syllable-158-normal.wav;public/audio/ru/male/syllable-158-normal.mp3
syllable-159;female;normal;ГРУ;"Слитно; одна неторопливая версия.";materials/audio/incoming/ru/female/syllable-159-normal.wav;public/audio/ru/female/syllable-159-normal.mp3
syllable-159;male;normal;ГРУ;"Слитно; одна неторопливая версия.";materials/audio/incoming/ru/male/syllable-159-normal.wav;public/audio/ru/male/syllable-159-normal.mp3
syllable-160;female;normal;СЛИ;"Слитно; одна неторопливая версия.";materials/audio/incoming/ru/female/syllable-160-normal.wav;public/audio/ru/female/syllable-160-normal.mp3
syllable-160;male;normal;СЛИ;"Слитно; одна неторопливая версия.";materials/audio/incoming/ru/male/syllable-160-normal.wav;public/audio/ru/male/syllable-160-normal.mp3
syllable-161;female;normal;ВИШ;"Слитно; одна неторопливая версия.";materials/audio/incoming/ru/female/syllable-161-normal.wav;public/audio/ru/female/syllable-161-normal.mp3
syllable-161;male;normal;ВИШ;"Слитно; одна неторопливая версия.";materials/audio/incoming/ru/male/syllable-161-normal.wav;public/audio/ru/male/syllable-161-normal.mp3
syllable-162;female;normal;КЛУБ;"Слитно; одна неторопливая версия.";materials/audio/incoming/ru/female/syllable-162-normal.wav;public/audio/ru/female/syllable-162-normal.mp3
syllable-162;male;normal;КЛУБ;"Слитно; одна неторопливая версия.";materials/audio/incoming/ru/male/syllable-162-normal.wav;public/audio/ru/male/syllable-162-normal.mp3
syllable-163;female;normal;КНИ;"Слитно; одна неторопливая версия.";materials/audio/incoming/ru/female/syllable-163-normal.wav;public/audio/ru/female/syllable-163-normal.mp3
syllable-163;male;normal;КНИ;"Слитно; одна неторопливая версия.";materials/audio/incoming/ru/male/syllable-163-normal.wav;public/audio/ru/male/syllable-163-normal.mp3
syllable-164;female;normal;РУЧ;"Слитно; одна неторопливая версия.";materials/audio/incoming/ru/female/syllable-164-normal.wav;public/audio/ru/female/syllable-164-normal.mp3
syllable-164;male;normal;РУЧ;"Слитно; одна неторопливая версия.";materials/audio/incoming/ru/male/syllable-164-normal.wav;public/audio/ru/male/syllable-164-normal.mp3
syllable-165;female;normal;РАН;"Слитно; одна неторопливая версия.";materials/audio/incoming/ru/female/syllable-165-normal.wav;public/audio/ru/female/syllable-165-normal.mp3
syllable-165;male;normal;РАН;"Слитно; одна неторопливая версия.";materials/audio/incoming/ru/male/syllable-165-normal.wav;public/audio/ru/male/syllable-165-normal.mp3
syllable-166;female;normal;ДАШ;"Слитно; одна неторопливая версия.";materials/audio/incoming/ru/female/syllable-166-normal.wav;public/audio/ru/female/syllable-166-normal.mp3
syllable-166;male;normal;ДАШ;"Слитно; одна неторопливая версия.";materials/audio/incoming/ru/male/syllable-166-normal.wav;public/audio/ru/male/syllable-166-normal.mp3
syllable-167;female;normal;СУМ;"Слитно; одна неторопливая версия.";materials/audio/incoming/ru/female/syllable-167-normal.wav;public/audio/ru/female/syllable-167-normal.mp3
syllable-167;male;normal;СУМ;"Слитно; одна неторопливая версия.";materials/audio/incoming/ru/male/syllable-167-normal.wav;public/audio/ru/male/syllable-167-normal.mp3
syllable-168;female;normal;ШАП;"Слитно; одна неторопливая версия.";materials/audio/incoming/ru/female/syllable-168-normal.wav;public/audio/ru/female/syllable-168-normal.mp3
syllable-168;male;normal;ШАП;"Слитно; одна неторопливая версия.";materials/audio/incoming/ru/male/syllable-168-normal.wav;public/audio/ru/male/syllable-168-normal.mp3
syllable-169;female;normal;ШАРФ;"Слитно; одна неторопливая версия.";materials/audio/incoming/ru/female/syllable-169-normal.wav;public/audio/ru/female/syllable-169-normal.mp3
syllable-169;male;normal;ШАРФ;"Слитно; одна неторопливая версия.";materials/audio/incoming/ru/male/syllable-169-normal.wav;public/audio/ru/male/syllable-169-normal.mp3
syllable-170;female;normal;БО;"Слитно; одна неторопливая версия.";materials/audio/incoming/ru/female/syllable-170-normal.wav;public/audio/ru/female/syllable-170-normal.mp3
syllable-170;male;normal;БО;"Слитно; одна неторопливая версия.";materials/audio/incoming/ru/male/syllable-170-normal.wav;public/audio/ru/male/syllable-170-normal.mp3
syllable-171;female;normal;ТИН;"Слитно; одна неторопливая версия.";materials/audio/incoming/ru/female/syllable-171-normal.wav;public/audio/ru/female/syllable-171-normal.mp3
syllable-171;male;normal;ТИН;"Слитно; одна неторопливая версия.";materials/audio/incoming/ru/male/syllable-171-normal.wav;public/audio/ru/male/syllable-171-normal.mp3
syllable-172;female;normal;ПЛА;"Слитно; одна неторопливая версия.";materials/audio/incoming/ru/female/syllable-172-normal.wav;public/audio/ru/female/syllable-172-normal.mp3
syllable-172;male;normal;ПЛА;"Слитно; одна неторопливая версия.";materials/audio/incoming/ru/male/syllable-172-normal.wav;public/audio/ru/male/syllable-172-normal.mp3
syllable-173;female;normal;ТЬЕ;"Слитно; одна неторопливая версия.";materials/audio/incoming/ru/female/syllable-173-normal.wav;public/audio/ru/female/syllable-173-normal.mp3
syllable-173;male;normal;ТЬЕ;"Слитно; одна неторопливая версия.";materials/audio/incoming/ru/male/syllable-173-normal.wav;public/audio/ru/male/syllable-173-normal.mp3
syllable-174;female;normal;КЛЮЧ;"Слитно; одна неторопливая версия.";materials/audio/incoming/ru/female/syllable-174-normal.wav;public/audio/ru/female/syllable-174-normal.mp3
syllable-174;male;normal;КЛЮЧ;"Слитно; одна неторопливая версия.";materials/audio/incoming/ru/male/syllable-174-normal.wav;public/audio/ru/male/syllable-174-normal.mp3
syllable-175;female;normal;МОК;"Слитно; одна неторопливая версия.";materials/audio/incoming/ru/female/syllable-175-normal.wav;public/audio/ru/female/syllable-175-normal.mp3
syllable-175;male;normal;МОК;"Слитно; одна неторопливая версия.";materials/audio/incoming/ru/male/syllable-175-normal.wav;public/audio/ru/male/syllable-175-normal.mp3
syllable-176;female;normal;ЕЗД;"Слитно; одна неторопливая версия.";materials/audio/incoming/ru/female/syllable-176-normal.wav;public/audio/ru/female/syllable-176-normal.mp3
syllable-176;male;normal;ЕЗД;"Слитно; одна неторопливая версия.";materials/audio/incoming/ru/male/syllable-176-normal.wav;public/audio/ru/male/syllable-176-normal.mp3
syllable-177;female;normal;ЛЁТ;"Слитно; одна неторопливая версия.";materials/audio/incoming/ru/female/syllable-177-normal.wav;public/audio/ru/female/syllable-177-normal.mp3
syllable-177;male;normal;ЛЁТ;"Слитно; одна неторопливая версия.";materials/audio/incoming/ru/male/syllable-177-normal.wav;public/audio/ru/male/syllable-177-normal.mp3
syllable-178;female;normal;КЕ;"Слитно; одна неторопливая версия.";materials/audio/incoming/ru/female/syllable-178-normal.wav;public/audio/ru/female/syllable-178-normal.mp3
syllable-178;male;normal;КЕ;"Слитно; одна неторопливая версия.";materials/audio/incoming/ru/male/syllable-178-normal.wav;public/audio/ru/male/syllable-178-normal.mp3
syllable-179;female;normal;ВЕ;"Слитно; одна неторопливая версия.";materials/audio/incoming/ru/female/syllable-179-normal.wav;public/audio/ru/female/syllable-179-normal.mp3
syllable-179;male;normal;ВЕ;"Слитно; одна неторопливая версия.";materials/audio/incoming/ru/male/syllable-179-normal.wav;public/audio/ru/male/syllable-179-normal.mp3
syllable-180;female;normal;ПЕД;"Слитно; одна неторопливая версия.";materials/audio/incoming/ru/female/syllable-180-normal.wav;public/audio/ru/female/syllable-180-normal.mp3
syllable-180;male;normal;ПЕД;"Слитно; одна неторопливая версия.";materials/audio/incoming/ru/male/syllable-180-normal.wav;public/audio/ru/male/syllable-180-normal.mp3
syllable-181;female;normal;АВ;"Слитно; одна неторопливая версия.";materials/audio/incoming/ru/female/syllable-181-normal.wav;public/audio/ru/female/syllable-181-normal.mp3
syllable-181;male;normal;АВ;"Слитно; одна неторопливая версия.";materials/audio/incoming/ru/male/syllable-181-normal.wav;public/audio/ru/male/syllable-181-normal.mp3
syllable-182;female;normal;БУС;"Слитно; одна неторопливая версия.";materials/audio/incoming/ru/female/syllable-182-normal.wav;public/audio/ru/female/syllable-182-normal.mp3
syllable-182;male;normal;БУС;"Слитно; одна неторопливая версия.";materials/audio/incoming/ru/male/syllable-182-normal.wav;public/audio/ru/male/syllable-182-normal.mp3
word-001;female;normal;СОН;"Целиком; версии normal и slow.";materials/audio/incoming/ru/female/word-001-normal.wav;public/audio/ru/female/word-001-normal.mp3
word-001;female;slow;СОН;"Целиком; версии normal и slow.";materials/audio/incoming/ru/female/word-001-slow.wav;public/audio/ru/female/word-001-slow.mp3
word-001;male;normal;СОН;"Целиком; версии normal и slow.";materials/audio/incoming/ru/male/word-001-normal.wav;public/audio/ru/male/word-001-normal.mp3
word-001;male;slow;СОН;"Целиком; версии normal и slow.";materials/audio/incoming/ru/male/word-001-slow.wav;public/audio/ru/male/word-001-slow.mp3
word-002;female;normal;КРОТ;"Целиком; версии normal и slow.";materials/audio/incoming/ru/female/word-002-normal.wav;public/audio/ru/female/word-002-normal.mp3
word-002;female;slow;КРОТ;"Целиком; версии normal и slow.";materials/audio/incoming/ru/female/word-002-slow.wav;public/audio/ru/female/word-002-slow.mp3
word-002;male;normal;КРОТ;"Целиком; версии normal и slow.";materials/audio/incoming/ru/male/word-002-normal.wav;public/audio/ru/male/word-002-normal.mp3
word-002;male;slow;КРОТ;"Целиком; версии normal и slow.";materials/audio/incoming/ru/male/word-002-slow.wav;public/audio/ru/male/word-002-slow.mp3
word-003;female;normal;МА́МА;"Целиком; версии normal и slow.";materials/audio/incoming/ru/female/word-003-normal.wav;public/audio/ru/female/word-003-normal.mp3
word-003;female;slow;МА́МА;"Целиком; версии normal и slow.";materials/audio/incoming/ru/female/word-003-slow.wav;public/audio/ru/female/word-003-slow.mp3
word-003;male;normal;МА́МА;"Целиком; версии normal и slow.";materials/audio/incoming/ru/male/word-003-normal.wav;public/audio/ru/male/word-003-normal.mp3
word-003;male;slow;МА́МА;"Целиком; версии normal и slow.";materials/audio/incoming/ru/male/word-003-slow.wav;public/audio/ru/male/word-003-slow.mp3
word-004;female;normal;ПА́ПА;"Целиком; версии normal и slow.";materials/audio/incoming/ru/female/word-004-normal.wav;public/audio/ru/female/word-004-normal.mp3
word-004;female;slow;ПА́ПА;"Целиком; версии normal и slow.";materials/audio/incoming/ru/female/word-004-slow.wav;public/audio/ru/female/word-004-slow.mp3
word-004;male;normal;ПА́ПА;"Целиком; версии normal и slow.";materials/audio/incoming/ru/male/word-004-normal.wav;public/audio/ru/male/word-004-normal.mp3
word-004;male;slow;ПА́ПА;"Целиком; версии normal и slow.";materials/audio/incoming/ru/male/word-004-slow.wav;public/audio/ru/male/word-004-slow.mp3
word-005;female;normal;ДОМ;"Целиком; версии normal и slow.";materials/audio/incoming/ru/female/word-005-normal.wav;public/audio/ru/female/word-005-normal.mp3
word-005;female;slow;ДОМ;"Целиком; версии normal и slow.";materials/audio/incoming/ru/female/word-005-slow.wav;public/audio/ru/female/word-005-slow.mp3
word-005;male;normal;ДОМ;"Целиком; версии normal и slow.";materials/audio/incoming/ru/male/word-005-normal.wav;public/audio/ru/male/word-005-normal.mp3
word-005;male;slow;ДОМ;"Целиком; версии normal и slow.";materials/audio/incoming/ru/male/word-005-slow.wav;public/audio/ru/male/word-005-slow.mp3
word-006;female;normal;КОТ;"Целиком; версии normal и slow.";materials/audio/incoming/ru/female/word-006-normal.wav;public/audio/ru/female/word-006-normal.mp3
word-006;female;slow;КОТ;"Целиком; версии normal и slow.";materials/audio/incoming/ru/female/word-006-slow.wav;public/audio/ru/female/word-006-slow.mp3
word-006;male;normal;КОТ;"Целиком; версии normal и slow.";materials/audio/incoming/ru/male/word-006-normal.wav;public/audio/ru/male/word-006-normal.mp3
word-006;male;slow;КОТ;"Целиком; версии normal и slow.";materials/audio/incoming/ru/male/word-006-slow.wav;public/audio/ru/male/word-006-slow.mp3
word-007;female;normal;МАК;"Целиком; версии normal и slow.";materials/audio/incoming/ru/female/word-007-normal.wav;public/audio/ru/female/word-007-normal.mp3
word-007;female;slow;МАК;"Целиком; версии normal и slow.";materials/audio/incoming/ru/female/word-007-slow.wav;public/audio/ru/female/word-007-slow.mp3
word-007;male;normal;МАК;"Целиком; версии normal и slow.";materials/audio/incoming/ru/male/word-007-normal.wav;public/audio/ru/male/word-007-normal.mp3
word-007;male;slow;МАК;"Целиком; версии normal и slow.";materials/audio/incoming/ru/male/word-007-slow.wav;public/audio/ru/male/word-007-slow.mp3
word-008;female;normal;СОК;"Целиком; версии normal и slow.";materials/audio/incoming/ru/female/word-008-normal.wav;public/audio/ru/female/word-008-normal.mp3
word-008;female;slow;СОК;"Целиком; версии normal и slow.";materials/audio/incoming/ru/female/word-008-slow.wav;public/audio/ru/female/word-008-slow.mp3
word-008;male;normal;СОК;"Целиком; версии normal и slow.";materials/audio/incoming/ru/male/word-008-normal.wav;public/audio/ru/male/word-008-normal.mp3
word-008;male;slow;СОК;"Целиком; версии normal и slow.";materials/audio/incoming/ru/male/word-008-slow.wav;public/audio/ru/male/word-008-slow.mp3
word-009;female;normal;НОС;"Целиком; версии normal и slow.";materials/audio/incoming/ru/female/word-009-normal.wav;public/audio/ru/female/word-009-normal.mp3
word-009;female;slow;НОС;"Целиком; версии normal и slow.";materials/audio/incoming/ru/female/word-009-slow.wav;public/audio/ru/female/word-009-slow.mp3
word-009;male;normal;НОС;"Целиком; версии normal и slow.";materials/audio/incoming/ru/male/word-009-normal.wav;public/audio/ru/male/word-009-normal.mp3
word-009;male;slow;НОС;"Целиком; версии normal и slow.";materials/audio/incoming/ru/male/word-009-slow.wav;public/audio/ru/male/word-009-slow.mp3
word-010;female;normal;СОМ;"Целиком; версии normal и slow.";materials/audio/incoming/ru/female/word-010-normal.wav;public/audio/ru/female/word-010-normal.mp3
word-010;female;slow;СОМ;"Целиком; версии normal и slow.";materials/audio/incoming/ru/female/word-010-slow.wav;public/audio/ru/female/word-010-slow.mp3
word-010;male;normal;СОМ;"Целиком; версии normal и slow.";materials/audio/incoming/ru/male/word-010-normal.wav;public/audio/ru/male/word-010-normal.mp3
word-010;male;slow;СОМ;"Целиком; версии normal и slow.";materials/audio/incoming/ru/male/word-010-slow.wav;public/audio/ru/male/word-010-slow.mp3
word-011;female;normal;ЛУНА́;"Целиком; версии normal и slow.";materials/audio/incoming/ru/female/word-011-normal.wav;public/audio/ru/female/word-011-normal.mp3
word-011;female;slow;ЛУНА́;"Целиком; версии normal и slow.";materials/audio/incoming/ru/female/word-011-slow.wav;public/audio/ru/female/word-011-slow.mp3
word-011;male;normal;ЛУНА́;"Целиком; версии normal и slow.";materials/audio/incoming/ru/male/word-011-normal.wav;public/audio/ru/male/word-011-normal.mp3
word-011;male;slow;ЛУНА́;"Целиком; версии normal и slow.";materials/audio/incoming/ru/male/word-011-slow.wav;public/audio/ru/male/word-011-slow.mp3
word-012;female;normal;РУКА́;"Целиком; версии normal и slow.";materials/audio/incoming/ru/female/word-012-normal.wav;public/audio/ru/female/word-012-normal.mp3
word-012;female;slow;РУКА́;"Целиком; версии normal и slow.";materials/audio/incoming/ru/female/word-012-slow.wav;public/audio/ru/female/word-012-slow.mp3
word-012;male;normal;РУКА́;"Целиком; версии normal и slow.";materials/audio/incoming/ru/male/word-012-normal.wav;public/audio/ru/male/word-012-normal.mp3
word-012;male;slow;РУКА́;"Целиком; версии normal и slow.";materials/audio/incoming/ru/male/word-012-slow.wav;public/audio/ru/male/word-012-slow.mp3
word-013;female;normal;ЛИСА́;"Целиком; версии normal и slow.";materials/audio/incoming/ru/female/word-013-normal.wav;public/audio/ru/female/word-013-normal.mp3
word-013;female;slow;ЛИСА́;"Целиком; версии normal и slow.";materials/audio/incoming/ru/female/word-013-slow.wav;public/audio/ru/female/word-013-slow.mp3
word-013;male;normal;ЛИСА́;"Целиком; версии normal и slow.";materials/audio/incoming/ru/male/word-013-normal.wav;public/audio/ru/male/word-013-normal.mp3
word-013;male;slow;ЛИСА́;"Целиком; версии normal и slow.";materials/audio/incoming/ru/male/word-013-slow.wav;public/audio/ru/male/word-013-slow.mp3
word-014;female;normal;РЫ́БА;"Целиком; версии normal и slow.";materials/audio/incoming/ru/female/word-014-normal.wav;public/audio/ru/female/word-014-normal.mp3
word-014;female;slow;РЫ́БА;"Целиком; версии normal и slow.";materials/audio/incoming/ru/female/word-014-slow.wav;public/audio/ru/female/word-014-slow.mp3
word-014;male;normal;РЫ́БА;"Целиком; версии normal и slow.";materials/audio/incoming/ru/male/word-014-normal.wav;public/audio/ru/male/word-014-normal.mp3
word-014;male;slow;РЫ́БА;"Целиком; версии normal и slow.";materials/audio/incoming/ru/male/word-014-slow.wav;public/audio/ru/male/word-014-slow.mp3
word-015;female;normal;СЫР;"Целиком; версии normal и slow.";materials/audio/incoming/ru/female/word-015-normal.wav;public/audio/ru/female/word-015-normal.mp3
word-015;female;slow;СЫР;"Целиком; версии normal и slow.";materials/audio/incoming/ru/female/word-015-slow.wav;public/audio/ru/female/word-015-slow.mp3
word-015;male;normal;СЫР;"Целиком; версии normal и slow.";materials/audio/incoming/ru/male/word-015-normal.wav;public/audio/ru/male/word-015-normal.mp3
word-015;male;slow;СЫР;"Целиком; версии normal и slow.";materials/audio/incoming/ru/male/word-015-slow.wav;public/audio/ru/male/word-015-slow.mp3
word-016;female;normal;КИТ;"Целиком; версии normal и slow.";materials/audio/incoming/ru/female/word-016-normal.wav;public/audio/ru/female/word-016-normal.mp3
word-016;female;slow;КИТ;"Целиком; версии normal и slow.";materials/audio/incoming/ru/female/word-016-slow.wav;public/audio/ru/female/word-016-slow.mp3
word-016;male;normal;КИТ;"Целиком; версии normal и slow.";materials/audio/incoming/ru/male/word-016-normal.wav;public/audio/ru/male/word-016-normal.mp3
word-016;male;slow;КИТ;"Целиком; версии normal и slow.";materials/audio/incoming/ru/male/word-016-slow.wav;public/audio/ru/male/word-016-slow.mp3
word-017;female;normal;ШАР;"Целиком; версии normal и slow.";materials/audio/incoming/ru/female/word-017-normal.wav;public/audio/ru/female/word-017-normal.mp3
word-017;female;slow;ШАР;"Целиком; версии normal и slow.";materials/audio/incoming/ru/female/word-017-slow.wav;public/audio/ru/female/word-017-slow.mp3
word-017;male;normal;ШАР;"Целиком; версии normal и slow.";materials/audio/incoming/ru/male/word-017-normal.wav;public/audio/ru/male/word-017-normal.mp3
word-017;male;slow;ШАР;"Целиком; версии normal и slow.";materials/audio/incoming/ru/male/word-017-slow.wav;public/audio/ru/male/word-017-slow.mp3
word-018;female;normal;ДУБ;"Целиком; версии normal и slow.";materials/audio/incoming/ru/female/word-018-normal.wav;public/audio/ru/female/word-018-normal.mp3
word-018;female;slow;ДУБ;"Целиком; версии normal и slow.";materials/audio/incoming/ru/female/word-018-slow.wav;public/audio/ru/female/word-018-slow.mp3
word-018;male;normal;ДУБ;"Целиком; версии normal и slow.";materials/audio/incoming/ru/male/word-018-normal.wav;public/audio/ru/male/word-018-normal.mp3
word-018;male;slow;ДУБ;"Целиком; версии normal и slow.";materials/audio/incoming/ru/male/word-018-slow.wav;public/audio/ru/male/word-018-slow.mp3
word-019;female;normal;СУП;"Целиком; версии normal и slow.";materials/audio/incoming/ru/female/word-019-normal.wav;public/audio/ru/female/word-019-normal.mp3
word-019;female;slow;СУП;"Целиком; версии normal и slow.";materials/audio/incoming/ru/female/word-019-slow.wav;public/audio/ru/female/word-019-slow.mp3
word-019;male;normal;СУП;"Целиком; версии normal и slow.";materials/audio/incoming/ru/male/word-019-normal.wav;public/audio/ru/male/word-019-normal.mp3
word-019;male;slow;СУП;"Целиком; версии normal и slow.";materials/audio/incoming/ru/male/word-019-slow.wav;public/audio/ru/male/word-019-slow.mp3
word-020;female;normal;ЛУК;"Целиком; версии normal и slow. Лук — растение: в словаре изображена луковица.";materials/audio/incoming/ru/female/word-020-normal.wav;public/audio/ru/female/word-020-normal.mp3
word-020;female;slow;ЛУК;"Целиком; версии normal и slow. Лук — растение: в словаре изображена луковица.";materials/audio/incoming/ru/female/word-020-slow.wav;public/audio/ru/female/word-020-slow.mp3
word-020;male;normal;ЛУК;"Целиком; версии normal и slow. Лук — растение: в словаре изображена луковица.";materials/audio/incoming/ru/male/word-020-normal.wav;public/audio/ru/male/word-020-normal.mp3
word-020;male;slow;ЛУК;"Целиком; версии normal и slow. Лук — растение: в словаре изображена луковица.";materials/audio/incoming/ru/male/word-020-slow.wav;public/audio/ru/male/word-020-slow.mp3
word-021;female;normal;РОТ;"Целиком; версии normal и slow.";materials/audio/incoming/ru/female/word-021-normal.wav;public/audio/ru/female/word-021-normal.mp3
word-021;female;slow;РОТ;"Целиком; версии normal и slow.";materials/audio/incoming/ru/female/word-021-slow.wav;public/audio/ru/female/word-021-slow.mp3
word-021;male;normal;РОТ;"Целиком; версии normal и slow.";materials/audio/incoming/ru/male/word-021-normal.wav;public/audio/ru/male/word-021-normal.mp3
word-021;male;slow;РОТ;"Целиком; версии normal и slow.";materials/audio/incoming/ru/male/word-021-slow.wav;public/audio/ru/male/word-021-slow.mp3
word-022;female;normal;ТОРТ;"Целиком; версии normal и slow.";materials/audio/incoming/ru/female/word-022-normal.wav;public/audio/ru/female/word-022-normal.mp3
word-022;female;slow;ТОРТ;"Целиком; версии normal и slow.";materials/audio/incoming/ru/female/word-022-slow.wav;public/audio/ru/female/word-022-slow.mp3
word-022;male;normal;ТОРТ;"Целиком; версии normal и slow.";materials/audio/incoming/ru/male/word-022-normal.wav;public/audio/ru/male/word-022-normal.mp3
word-022;male;slow;ТОРТ;"Целиком; версии normal и slow.";materials/audio/incoming/ru/male/word-022-slow.wav;public/audio/ru/male/word-022-slow.mp3
word-023;female;normal;СТОЛ;"Целиком; версии normal и slow.";materials/audio/incoming/ru/female/word-023-normal.wav;public/audio/ru/female/word-023-normal.mp3
word-023;female;slow;СТОЛ;"Целиком; версии normal и slow.";materials/audio/incoming/ru/female/word-023-slow.wav;public/audio/ru/female/word-023-slow.mp3
word-023;male;normal;СТОЛ;"Целиком; версии normal и slow.";materials/audio/incoming/ru/male/word-023-normal.wav;public/audio/ru/male/word-023-normal.mp3
word-023;male;slow;СТОЛ;"Целиком; версии normal и slow.";materials/audio/incoming/ru/male/word-023-slow.wav;public/audio/ru/male/word-023-slow.mp3
word-024;female;normal;МЯЧ;"Целиком; версии normal и slow.";materials/audio/incoming/ru/female/word-024-normal.wav;public/audio/ru/female/word-024-normal.mp3
word-024;female;slow;МЯЧ;"Целиком; версии normal и slow.";materials/audio/incoming/ru/female/word-024-slow.wav;public/audio/ru/female/word-024-slow.mp3
word-024;male;normal;МЯЧ;"Целиком; версии normal и slow.";materials/audio/incoming/ru/male/word-024-normal.wav;public/audio/ru/male/word-024-normal.mp3
word-024;male;slow;МЯЧ;"Целиком; версии normal и slow.";materials/audio/incoming/ru/male/word-024-slow.wav;public/audio/ru/male/word-024-slow.mp3
word-025;female;normal;СНЕГ;"Целиком; версии normal и slow.";materials/audio/incoming/ru/female/word-025-normal.wav;public/audio/ru/female/word-025-normal.mp3
word-025;female;slow;СНЕГ;"Целиком; версии normal и slow.";materials/audio/incoming/ru/female/word-025-slow.wav;public/audio/ru/female/word-025-slow.mp3
word-025;male;normal;СНЕГ;"Целиком; версии normal и slow.";materials/audio/incoming/ru/male/word-025-normal.wav;public/audio/ru/male/word-025-normal.mp3
word-025;male;slow;СНЕГ;"Целиком; версии normal и slow.";materials/audio/incoming/ru/male/word-025-slow.wav;public/audio/ru/male/word-025-slow.mp3
word-026;female;normal;ЛЕС;"Целиком; версии normal и slow.";materials/audio/incoming/ru/female/word-026-normal.wav;public/audio/ru/female/word-026-normal.mp3
word-026;female;slow;ЛЕС;"Целиком; версии normal и slow.";materials/audio/incoming/ru/female/word-026-slow.wav;public/audio/ru/female/word-026-slow.mp3
word-026;male;normal;ЛЕС;"Целиком; версии normal и slow.";materials/audio/incoming/ru/male/word-026-normal.wav;public/audio/ru/male/word-026-normal.mp3
word-026;male;slow;ЛЕС;"Целиком; версии normal и slow.";materials/audio/incoming/ru/male/word-026-slow.wav;public/audio/ru/male/word-026-slow.mp3
word-027;female;normal;ЛИСТ;"Целиком; версии normal и slow.";materials/audio/incoming/ru/female/word-027-normal.wav;public/audio/ru/female/word-027-normal.mp3
word-027;female;slow;ЛИСТ;"Целиком; версии normal и slow.";materials/audio/incoming/ru/female/word-027-slow.wav;public/audio/ru/female/word-027-slow.mp3
word-027;male;normal;ЛИСТ;"Целиком; версии normal и slow.";materials/audio/incoming/ru/male/word-027-normal.wav;public/audio/ru/male/word-027-normal.mp3
word-027;male;slow;ЛИСТ;"Целиком; версии normal и slow.";materials/audio/incoming/ru/male/word-027-slow.wav;public/audio/ru/male/word-027-slow.mp3
word-028;female;normal;МОСТ;"Целиком; версии normal и slow.";materials/audio/incoming/ru/female/word-028-normal.wav;public/audio/ru/female/word-028-normal.mp3
word-028;female;slow;МОСТ;"Целиком; версии normal и slow.";materials/audio/incoming/ru/female/word-028-slow.wav;public/audio/ru/female/word-028-slow.mp3
word-028;male;normal;МОСТ;"Целиком; версии normal и slow.";materials/audio/incoming/ru/male/word-028-normal.wav;public/audio/ru/male/word-028-normal.mp3
word-028;male;slow;МОСТ;"Целиком; версии normal и slow.";materials/audio/incoming/ru/male/word-028-slow.wav;public/audio/ru/male/word-028-slow.mp3
word-029;female;normal;ЗОНТ;"Целиком; версии normal и slow.";materials/audio/incoming/ru/female/word-029-normal.wav;public/audio/ru/female/word-029-normal.mp3
word-029;female;slow;ЗОНТ;"Целиком; версии normal и slow.";materials/audio/incoming/ru/female/word-029-slow.wav;public/audio/ru/female/word-029-slow.mp3
word-029;male;normal;ЗОНТ;"Целиком; версии normal и slow.";materials/audio/incoming/ru/male/word-029-normal.wav;public/audio/ru/male/word-029-normal.mp3
word-029;male;slow;ЗОНТ;"Целиком; версии normal и slow.";materials/audio/incoming/ru/male/word-029-slow.wav;public/audio/ru/male/word-029-slow.mp3
word-030;female;normal;ХЛЕБ;"Целиком; версии normal и slow.";materials/audio/incoming/ru/female/word-030-normal.wav;public/audio/ru/female/word-030-normal.mp3
word-030;female;slow;ХЛЕБ;"Целиком; версии normal и slow.";materials/audio/incoming/ru/female/word-030-slow.wav;public/audio/ru/female/word-030-slow.mp3
word-030;male;normal;ХЛЕБ;"Целиком; версии normal и slow.";materials/audio/incoming/ru/male/word-030-normal.wav;public/audio/ru/male/word-030-normal.mp3
word-030;male;slow;ХЛЕБ;"Целиком; версии normal и slow.";materials/audio/incoming/ru/male/word-030-slow.wav;public/audio/ru/male/word-030-slow.mp3
word-031;female;normal;МО́РЕ;"Целиком; версии normal и slow.";materials/audio/incoming/ru/female/word-031-normal.wav;public/audio/ru/female/word-031-normal.mp3
word-031;female;slow;МО́РЕ;"Целиком; версии normal и slow.";materials/audio/incoming/ru/female/word-031-slow.wav;public/audio/ru/female/word-031-slow.mp3
word-031;male;normal;МО́РЕ;"Целиком; версии normal и slow.";materials/audio/incoming/ru/male/word-031-normal.wav;public/audio/ru/male/word-031-normal.mp3
word-031;male;slow;МО́РЕ;"Целиком; версии normal и slow.";materials/audio/incoming/ru/male/word-031-slow.wav;public/audio/ru/male/word-031-slow.mp3
word-032;female;normal;ГОРА́;"Целиком; версии normal и slow.";materials/audio/incoming/ru/female/word-032-normal.wav;public/audio/ru/female/word-032-normal.mp3
word-032;female;slow;ГОРА́;"Целиком; версии normal и slow.";materials/audio/incoming/ru/female/word-032-slow.wav;public/audio/ru/female/word-032-slow.mp3
word-032;male;normal;ГОРА́;"Целиком; версии normal и slow.";materials/audio/incoming/ru/male/word-032-normal.wav;public/audio/ru/male/word-032-normal.mp3
word-032;male;slow;ГОРА́;"Целиком; версии normal и slow.";materials/audio/incoming/ru/male/word-032-slow.wav;public/audio/ru/male/word-032-slow.mp3
word-033;female;normal;ВОДА́;"Целиком; версии normal и slow.";materials/audio/incoming/ru/female/word-033-normal.wav;public/audio/ru/female/word-033-normal.mp3
word-033;female;slow;ВОДА́;"Целиком; версии normal и slow.";materials/audio/incoming/ru/female/word-033-slow.wav;public/audio/ru/female/word-033-slow.mp3
word-033;male;normal;ВОДА́;"Целиком; версии normal и slow.";materials/audio/incoming/ru/male/word-033-normal.wav;public/audio/ru/male/word-033-normal.mp3
word-033;male;slow;ВОДА́;"Целиком; версии normal и slow.";materials/audio/incoming/ru/male/word-033-slow.wav;public/audio/ru/male/word-033-slow.mp3
word-034;female;normal;НОГА́;"Целиком; версии normal и slow.";materials/audio/incoming/ru/female/word-034-normal.wav;public/audio/ru/female/word-034-normal.mp3
word-034;female;slow;НОГА́;"Целиком; версии normal и slow.";materials/audio/incoming/ru/female/word-034-slow.wav;public/audio/ru/female/word-034-slow.mp3
word-034;male;normal;НОГА́;"Целиком; версии normal и slow.";materials/audio/incoming/ru/male/word-034-normal.wav;public/audio/ru/male/word-034-normal.mp3
word-034;male;slow;НОГА́;"Целиком; версии normal и slow.";materials/audio/incoming/ru/male/word-034-slow.wav;public/audio/ru/male/word-034-slow.mp3
word-035;female;normal;РО́ЗА;"Целиком; версии normal и slow.";materials/audio/incoming/ru/female/word-035-normal.wav;public/audio/ru/female/word-035-normal.mp3
word-035;female;slow;РО́ЗА;"Целиком; версии normal и slow.";materials/audio/incoming/ru/female/word-035-slow.wav;public/audio/ru/female/word-035-slow.mp3
word-035;male;normal;РО́ЗА;"Целиком; версии normal и slow.";materials/audio/incoming/ru/male/word-035-normal.wav;public/audio/ru/male/word-035-normal.mp3
word-035;male;slow;РО́ЗА;"Целиком; версии normal и slow.";materials/audio/incoming/ru/male/word-035-slow.wav;public/audio/ru/male/word-035-slow.mp3
word-036;female;normal;ВА́ЗА;"Целиком; версии normal и slow.";materials/audio/incoming/ru/female/word-036-normal.wav;public/audio/ru/female/word-036-normal.mp3
word-036;female;slow;ВА́ЗА;"Целиком; версии normal и slow.";materials/audio/incoming/ru/female/word-036-slow.wav;public/audio/ru/female/word-036-slow.mp3
word-036;male;normal;ВА́ЗА;"Целиком; версии normal и slow.";materials/audio/incoming/ru/male/word-036-normal.wav;public/audio/ru/male/word-036-normal.mp3
word-036;male;slow;ВА́ЗА;"Целиком; версии normal и slow.";materials/audio/incoming/ru/male/word-036-slow.wav;public/audio/ru/male/word-036-slow.mp3
word-037;female;normal;КА́ША;"Целиком; версии normal и slow.";materials/audio/incoming/ru/female/word-037-normal.wav;public/audio/ru/female/word-037-normal.mp3
word-037;female;slow;КА́ША;"Целиком; версии normal и slow.";materials/audio/incoming/ru/female/word-037-slow.wav;public/audio/ru/female/word-037-slow.mp3
word-037;male;normal;КА́ША;"Целиком; версии normal и slow.";materials/audio/incoming/ru/male/word-037-normal.wav;public/audio/ru/male/word-037-normal.mp3
word-037;male;slow;КА́ША;"Целиком; версии normal и slow.";materials/audio/incoming/ru/male/word-037-slow.wav;public/audio/ru/male/word-037-slow.mp3
word-038;female;normal;ЧА́ШКА;"Целиком; версии normal и slow.";materials/audio/incoming/ru/female/word-038-normal.wav;public/audio/ru/female/word-038-normal.mp3
word-038;female;slow;ЧА́ШКА;"Целиком; версии normal и slow.";materials/audio/incoming/ru/female/word-038-slow.wav;public/audio/ru/female/word-038-slow.mp3
word-038;male;normal;ЧА́ШКА;"Целиком; версии normal и slow.";materials/audio/incoming/ru/male/word-038-normal.wav;public/audio/ru/male/word-038-normal.mp3
word-038;male;slow;ЧА́ШКА;"Целиком; версии normal и slow.";materials/audio/incoming/ru/male/word-038-slow.wav;public/audio/ru/male/word-038-slow.mp3
word-039;female;normal;ЛО́ЖКА;"Целиком; версии normal и slow.";materials/audio/incoming/ru/female/word-039-normal.wav;public/audio/ru/female/word-039-normal.mp3
word-039;female;slow;ЛО́ЖКА;"Целиком; версии normal и slow.";materials/audio/incoming/ru/female/word-039-slow.wav;public/audio/ru/female/word-039-slow.mp3
word-039;male;normal;ЛО́ЖКА;"Целиком; версии normal и slow.";materials/audio/incoming/ru/male/word-039-normal.wav;public/audio/ru/male/word-039-normal.mp3
word-039;male;slow;ЛО́ЖКА;"Целиком; версии normal и slow.";materials/audio/incoming/ru/male/word-039-slow.wav;public/audio/ru/male/word-039-slow.mp3
word-040;female;normal;ЛО́ДКА;"Целиком; версии normal и slow.";materials/audio/incoming/ru/female/word-040-normal.wav;public/audio/ru/female/word-040-normal.mp3
word-040;female;slow;ЛО́ДКА;"Целиком; версии normal и slow.";materials/audio/incoming/ru/female/word-040-slow.wav;public/audio/ru/female/word-040-slow.mp3
word-040;male;normal;ЛО́ДКА;"Целиком; версии normal и slow.";materials/audio/incoming/ru/male/word-040-normal.wav;public/audio/ru/male/word-040-normal.mp3
word-040;male;slow;ЛО́ДКА;"Целиком; версии normal и slow.";materials/audio/incoming/ru/male/word-040-slow.wav;public/audio/ru/male/word-040-slow.mp3
word-041;female;normal;КО́ШКА;"Целиком; версии normal и slow.";materials/audio/incoming/ru/female/word-041-normal.wav;public/audio/ru/female/word-041-normal.mp3
word-041;female;slow;КО́ШКА;"Целиком; версии normal и slow.";materials/audio/incoming/ru/female/word-041-slow.wav;public/audio/ru/female/word-041-slow.mp3
word-041;male;normal;КО́ШКА;"Целиком; версии normal и slow.";materials/audio/incoming/ru/male/word-041-normal.wav;public/audio/ru/male/word-041-normal.mp3
word-041;male;slow;КО́ШКА;"Целиком; версии normal и slow.";materials/audio/incoming/ru/male/word-041-slow.wav;public/audio/ru/male/word-041-slow.mp3
word-042;female;normal;СОБА́КА;"Целиком; версии normal и slow.";materials/audio/incoming/ru/female/word-042-normal.wav;public/audio/ru/female/word-042-normal.mp3
word-042;female;slow;СОБА́КА;"Целиком; версии normal и slow.";materials/audio/incoming/ru/female/word-042-slow.wav;public/audio/ru/female/word-042-slow.mp3
word-042;male;normal;СОБА́КА;"Целиком; версии normal и slow.";materials/audio/incoming/ru/male/word-042-normal.wav;public/audio/ru/male/word-042-normal.mp3
word-042;male;slow;СОБА́КА;"Целиком; версии normal и slow.";materials/audio/incoming/ru/male/word-042-slow.wav;public/audio/ru/male/word-042-slow.mp3
word-043;female;normal;ЛИМО́Н;"Целиком; версии normal и slow.";materials/audio/incoming/ru/female/word-043-normal.wav;public/audio/ru/female/word-043-normal.mp3
word-043;female;slow;ЛИМО́Н;"Целиком; версии normal и slow.";materials/audio/incoming/ru/female/word-043-slow.wav;public/audio/ru/female/word-043-slow.mp3
word-043;male;normal;ЛИМО́Н;"Целиком; версии normal и slow.";materials/audio/incoming/ru/male/word-043-normal.wav;public/audio/ru/male/word-043-normal.mp3
word-043;male;slow;ЛИМО́Н;"Целиком; версии normal и slow.";materials/audio/incoming/ru/male/word-043-slow.wav;public/audio/ru/male/word-043-slow.mp3
word-044;female;normal;БАНА́Н;"Целиком; версии normal и slow.";materials/audio/incoming/ru/female/word-044-normal.wav;public/audio/ru/female/word-044-normal.mp3
word-044;female;slow;БАНА́Н;"Целиком; версии normal и slow.";materials/audio/incoming/ru/female/word-044-slow.wav;public/audio/ru/female/word-044-slow.mp3
word-044;male;normal;БАНА́Н;"Целиком; версии normal и slow.";materials/audio/incoming/ru/male/word-044-normal.wav;public/audio/ru/male/word-044-normal.mp3
word-044;male;slow;БАНА́Н;"Целиком; версии normal и slow.";materials/audio/incoming/ru/male/word-044-slow.wav;public/audio/ru/male/word-044-slow.mp3
word-045;female;normal;Я́БЛОКО;"Целиком; версии normal и slow.";materials/audio/incoming/ru/female/word-045-normal.wav;public/audio/ru/female/word-045-normal.mp3
word-045;female;slow;Я́БЛОКО;"Целиком; версии normal и slow.";materials/audio/incoming/ru/female/word-045-slow.wav;public/audio/ru/female/word-045-slow.mp3
word-045;male;normal;Я́БЛОКО;"Целиком; версии normal и slow.";materials/audio/incoming/ru/male/word-045-normal.wav;public/audio/ru/male/word-045-normal.mp3
word-045;male;slow;Я́БЛОКО;"Целиком; версии normal и slow.";materials/audio/incoming/ru/male/word-045-slow.wav;public/audio/ru/male/word-045-slow.mp3
word-046;female;normal;МАШИ́НА;"Целиком; версии normal и slow.";materials/audio/incoming/ru/female/word-046-normal.wav;public/audio/ru/female/word-046-normal.mp3
word-046;female;slow;МАШИ́НА;"Целиком; версии normal и slow.";materials/audio/incoming/ru/female/word-046-slow.wav;public/audio/ru/female/word-046-slow.mp3
word-046;male;normal;МАШИ́НА;"Целиком; версии normal и slow.";materials/audio/incoming/ru/male/word-046-normal.wav;public/audio/ru/male/word-046-normal.mp3
word-046;male;slow;МАШИ́НА;"Целиком; версии normal и slow.";materials/audio/incoming/ru/male/word-046-slow.wav;public/audio/ru/male/word-046-slow.mp3
word-047;female;normal;ДЕ́РЕВО;"Целиком; версии normal и slow.";materials/audio/incoming/ru/female/word-047-normal.wav;public/audio/ru/female/word-047-normal.mp3
word-047;female;slow;ДЕ́РЕВО;"Целиком; версии normal и slow.";materials/audio/incoming/ru/female/word-047-slow.wav;public/audio/ru/female/word-047-slow.mp3
word-047;male;normal;ДЕ́РЕВО;"Целиком; версии normal и slow.";materials/audio/incoming/ru/male/word-047-normal.wav;public/audio/ru/male/word-047-normal.mp3
word-047;male;slow;ДЕ́РЕВО;"Целиком; версии normal и slow.";materials/audio/incoming/ru/male/word-047-slow.wav;public/audio/ru/male/word-047-slow.mp3
word-048;female;normal;МУ́ХА;"Целиком; версии normal и slow.";materials/audio/incoming/ru/female/word-048-normal.wav;public/audio/ru/female/word-048-normal.mp3
word-048;female;slow;МУ́ХА;"Целиком; версии normal и slow.";materials/audio/incoming/ru/female/word-048-slow.wav;public/audio/ru/female/word-048-slow.mp3
word-048;male;normal;МУ́ХА;"Целиком; версии normal и slow.";materials/audio/incoming/ru/male/word-048-normal.wav;public/audio/ru/male/word-048-normal.mp3
word-048;male;slow;МУ́ХА;"Целиком; версии normal и slow.";materials/audio/incoming/ru/male/word-048-slow.wav;public/audio/ru/male/word-048-slow.mp3
word-049;female;normal;ОСА́;"Целиком; версии normal и slow.";materials/audio/incoming/ru/female/word-049-normal.wav;public/audio/ru/female/word-049-normal.mp3
word-049;female;slow;ОСА́;"Целиком; версии normal и slow.";materials/audio/incoming/ru/female/word-049-slow.wav;public/audio/ru/female/word-049-slow.mp3
word-049;male;normal;ОСА́;"Целиком; версии normal и slow.";materials/audio/incoming/ru/male/word-049-normal.wav;public/audio/ru/male/word-049-normal.mp3
word-049;male;slow;ОСА́;"Целиком; версии normal и slow.";materials/audio/incoming/ru/male/word-049-slow.wav;public/audio/ru/male/word-049-slow.mp3
word-050;female;normal;У́ХО;"Целиком; версии normal и slow.";materials/audio/incoming/ru/female/word-050-normal.wav;public/audio/ru/female/word-050-normal.mp3
word-050;female;slow;У́ХО;"Целиком; версии normal и slow.";materials/audio/incoming/ru/female/word-050-slow.wav;public/audio/ru/female/word-050-slow.mp3
word-050;male;normal;У́ХО;"Целиком; версии normal и slow.";materials/audio/incoming/ru/male/word-050-normal.wav;public/audio/ru/male/word-050-normal.mp3
word-050;male;slow;У́ХО;"Целиком; версии normal и slow.";materials/audio/incoming/ru/male/word-050-slow.wav;public/audio/ru/male/word-050-slow.mp3
word-051;female;normal;УСЫ́;"Целиком; версии normal и slow.";materials/audio/incoming/ru/female/word-051-normal.wav;public/audio/ru/female/word-051-normal.mp3
word-051;female;slow;УСЫ́;"Целиком; версии normal и slow.";materials/audio/incoming/ru/female/word-051-slow.wav;public/audio/ru/female/word-051-slow.mp3
word-051;male;normal;УСЫ́;"Целиком; версии normal и slow.";materials/audio/incoming/ru/male/word-051-normal.wav;public/audio/ru/male/word-051-normal.mp3
word-051;male;slow;УСЫ́;"Целиком; версии normal и slow.";materials/audio/incoming/ru/male/word-051-slow.wav;public/audio/ru/male/word-051-slow.mp3
word-052;female;normal;РА́МА;"Целиком; версии normal и slow.";materials/audio/incoming/ru/female/word-052-normal.wav;public/audio/ru/female/word-052-normal.mp3
word-052;female;slow;РА́МА;"Целиком; версии normal и slow.";materials/audio/incoming/ru/female/word-052-slow.wav;public/audio/ru/female/word-052-slow.mp3
word-052;male;normal;РА́МА;"Целиком; версии normal и slow.";materials/audio/incoming/ru/male/word-052-normal.wav;public/audio/ru/male/word-052-normal.mp3
word-052;male;slow;РА́МА;"Целиком; версии normal и slow.";materials/audio/incoming/ru/male/word-052-slow.wav;public/audio/ru/male/word-052-slow.mp3
word-053;female;normal;СОСНА́;"Целиком; версии normal и slow.";materials/audio/incoming/ru/female/word-053-normal.wav;public/audio/ru/female/word-053-normal.mp3
word-053;female;slow;СОСНА́;"Целиком; версии normal и slow.";materials/audio/incoming/ru/female/word-053-slow.wav;public/audio/ru/female/word-053-slow.mp3
word-053;male;normal;СОСНА́;"Целиком; версии normal и slow.";materials/audio/incoming/ru/male/word-053-normal.wav;public/audio/ru/male/word-053-normal.mp3
word-053;male;slow;СОСНА́;"Целиком; версии normal и slow.";materials/audio/incoming/ru/male/word-053-slow.wav;public/audio/ru/male/word-053-slow.mp3
word-054;female;normal;СА́НИ;"Целиком; версии normal и slow.";materials/audio/incoming/ru/female/word-054-normal.wav;public/audio/ru/female/word-054-normal.mp3
word-054;female;slow;СА́НИ;"Целиком; версии normal и slow.";materials/audio/incoming/ru/female/word-054-slow.wav;public/audio/ru/female/word-054-slow.mp3
word-054;male;normal;СА́НИ;"Целиком; версии normal и slow.";materials/audio/incoming/ru/male/word-054-normal.wav;public/audio/ru/male/word-054-normal.mp3
word-054;male;slow;СА́НИ;"Целиком; версии normal и slow.";materials/audio/incoming/ru/male/word-054-slow.wav;public/audio/ru/male/word-054-slow.mp3
word-055;female;normal;НИ́ТКИ;"Целиком; версии normal и slow.";materials/audio/incoming/ru/female/word-055-normal.wav;public/audio/ru/female/word-055-normal.mp3
word-055;female;slow;НИ́ТКИ;"Целиком; версии normal и slow.";materials/audio/incoming/ru/female/word-055-slow.wav;public/audio/ru/female/word-055-slow.mp3
word-055;male;normal;НИ́ТКИ;"Целиком; версии normal и slow.";materials/audio/incoming/ru/male/word-055-normal.wav;public/audio/ru/male/word-055-normal.mp3
word-055;male;slow;НИ́ТКИ;"Целиком; версии normal и slow.";materials/audio/incoming/ru/male/word-055-slow.wav;public/audio/ru/male/word-055-slow.mp3
word-056;female;normal;ПИЛА́;"Целиком; версии normal и slow.";materials/audio/incoming/ru/female/word-056-normal.wav;public/audio/ru/female/word-056-normal.mp3
word-056;female;slow;ПИЛА́;"Целиком; версии normal и slow.";materials/audio/incoming/ru/female/word-056-slow.wav;public/audio/ru/female/word-056-slow.mp3
word-056;male;normal;ПИЛА́;"Целиком; версии normal и slow.";materials/audio/incoming/ru/male/word-056-normal.wav;public/audio/ru/male/word-056-normal.mp3
word-056;male;slow;ПИЛА́;"Целиком; версии normal и slow.";materials/audio/incoming/ru/male/word-056-slow.wav;public/audio/ru/male/word-056-slow.mp3
word-057;female;normal;ЛА́ПА;"Целиком; версии normal и slow.";materials/audio/incoming/ru/female/word-057-normal.wav;public/audio/ru/female/word-057-normal.mp3
word-057;female;slow;ЛА́ПА;"Целиком; версии normal и slow.";materials/audio/incoming/ru/female/word-057-slow.wav;public/audio/ru/female/word-057-slow.mp3
word-057;male;normal;ЛА́ПА;"Целиком; версии normal и slow.";materials/audio/incoming/ru/male/word-057-normal.wav;public/audio/ru/male/word-057-normal.mp3
word-057;male;slow;ЛА́ПА;"Целиком; версии normal и slow.";materials/audio/incoming/ru/male/word-057-slow.wav;public/audio/ru/male/word-057-slow.mp3
word-058;female;normal;ПОЛ;"Целиком; версии normal и slow.";materials/audio/incoming/ru/female/word-058-normal.wav;public/audio/ru/female/word-058-normal.mp3
word-058;female;slow;ПОЛ;"Целиком; версии normal и slow.";materials/audio/incoming/ru/female/word-058-slow.wav;public/audio/ru/female/word-058-slow.mp3
word-058;male;normal;ПОЛ;"Целиком; версии normal и slow.";materials/audio/incoming/ru/male/word-058-normal.wav;public/audio/ru/male/word-058-normal.mp3
word-058;male;slow;ПОЛ;"Целиком; версии normal и slow.";materials/audio/incoming/ru/male/word-058-slow.wav;public/audio/ru/male/word-058-slow.mp3
word-059;female;normal;ПАРК;"Целиком; версии normal и slow.";materials/audio/incoming/ru/female/word-059-normal.wav;public/audio/ru/female/word-059-normal.mp3
word-059;female;slow;ПАРК;"Целиком; версии normal и slow.";materials/audio/incoming/ru/female/word-059-slow.wav;public/audio/ru/female/word-059-slow.mp3
word-059;male;normal;ПАРК;"Целиком; версии normal и slow.";materials/audio/incoming/ru/male/word-059-normal.wav;public/audio/ru/male/word-059-normal.mp3
word-059;male;slow;ПАРК;"Целиком; версии normal и slow.";materials/audio/incoming/ru/male/word-059-slow.wav;public/audio/ru/male/word-059-slow.mp3
word-060;female;normal;РОСА́;"Целиком; версии normal и slow.";materials/audio/incoming/ru/female/word-060-normal.wav;public/audio/ru/female/word-060-normal.mp3
word-060;female;slow;РОСА́;"Целиком; версии normal и slow.";materials/audio/incoming/ru/female/word-060-slow.wav;public/audio/ru/female/word-060-slow.mp3
word-060;male;normal;РОСА́;"Целиком; версии normal и slow.";materials/audio/incoming/ru/male/word-060-normal.wav;public/audio/ru/male/word-060-normal.mp3
word-060;male;slow;РОСА́;"Целиком; версии normal и slow.";materials/audio/incoming/ru/male/word-060-slow.wav;public/audio/ru/male/word-060-slow.mp3
word-061;female;normal;РЕКА́;"Целиком; версии normal и slow.";materials/audio/incoming/ru/female/word-061-normal.wav;public/audio/ru/female/word-061-normal.mp3
word-061;female;slow;РЕКА́;"Целиком; версии normal и slow.";materials/audio/incoming/ru/female/word-061-slow.wav;public/audio/ru/female/word-061-slow.mp3
word-061;male;normal;РЕКА́;"Целиком; версии normal и slow.";materials/audio/incoming/ru/male/word-061-normal.wav;public/audio/ru/male/word-061-normal.mp3
word-061;male;slow;РЕКА́;"Целиком; версии normal и slow.";materials/audio/incoming/ru/male/word-061-slow.wav;public/audio/ru/male/word-061-slow.mp3
word-062;female;normal;РА́ДУГА;"Целиком; версии normal и slow.";materials/audio/incoming/ru/female/word-062-normal.wav;public/audio/ru/female/word-062-normal.mp3
word-062;female;slow;РА́ДУГА;"Целиком; версии normal и slow.";materials/audio/incoming/ru/female/word-062-slow.wav;public/audio/ru/female/word-062-slow.mp3
word-062;male;normal;РА́ДУГА;"Целиком; версии normal и slow.";materials/audio/incoming/ru/male/word-062-normal.wav;public/audio/ru/male/word-062-normal.mp3
word-062;male;slow;РА́ДУГА;"Целиком; версии normal и slow.";materials/audio/incoming/ru/male/word-062-slow.wav;public/audio/ru/male/word-062-slow.mp3
word-063;female;normal;СОВА́;"Целиком; версии normal и slow.";materials/audio/incoming/ru/female/word-063-normal.wav;public/audio/ru/female/word-063-normal.mp3
word-063;female;slow;СОВА́;"Целиком; версии normal и slow.";materials/audio/incoming/ru/female/word-063-slow.wav;public/audio/ru/female/word-063-slow.mp3
word-063;male;normal;СОВА́;"Целиком; версии normal и slow.";materials/audio/incoming/ru/male/word-063-normal.wav;public/audio/ru/male/word-063-normal.mp3
word-063;male;slow;СОВА́;"Целиком; версии normal и slow.";materials/audio/incoming/ru/male/word-063-slow.wav;public/audio/ru/male/word-063-slow.mp3
word-064;female;normal;ВОРО́НА;"Целиком; версии normal и slow.";materials/audio/incoming/ru/female/word-064-normal.wav;public/audio/ru/female/word-064-normal.mp3
word-064;female;slow;ВОРО́НА;"Целиком; версии normal и slow.";materials/audio/incoming/ru/female/word-064-slow.wav;public/audio/ru/female/word-064-slow.mp3
word-064;male;normal;ВОРО́НА;"Целиком; версии normal и slow.";materials/audio/incoming/ru/male/word-064-normal.wav;public/audio/ru/male/word-064-normal.mp3
word-064;male;slow;ВОРО́НА;"Целиком; версии normal и slow.";materials/audio/incoming/ru/male/word-064-slow.wav;public/audio/ru/male/word-064-slow.mp3
word-065;female;normal;У́ТКА;"Целиком; версии normal и slow.";materials/audio/incoming/ru/female/word-065-normal.wav;public/audio/ru/female/word-065-normal.mp3
word-065;female;slow;У́ТКА;"Целиком; версии normal и slow.";materials/audio/incoming/ru/female/word-065-slow.wav;public/audio/ru/female/word-065-slow.mp3
word-065;male;normal;У́ТКА;"Целиком; версии normal и slow.";materials/audio/incoming/ru/male/word-065-normal.wav;public/audio/ru/male/word-065-normal.mp3
word-065;male;slow;У́ТКА;"Целиком; версии normal и slow.";materials/audio/incoming/ru/male/word-065-slow.wav;public/audio/ru/male/word-065-slow.mp3
word-066;female;normal;КУ́РИЦА;"Целиком; версии normal и slow.";materials/audio/incoming/ru/female/word-066-normal.wav;public/audio/ru/female/word-066-normal.mp3
word-066;female;slow;КУ́РИЦА;"Целиком; версии normal и slow.";materials/audio/incoming/ru/female/word-066-slow.wav;public/audio/ru/female/word-066-slow.mp3
word-066;male;normal;КУ́РИЦА;"Целиком; версии normal и slow.";materials/audio/incoming/ru/male/word-066-normal.wav;public/audio/ru/male/word-066-normal.mp3
word-066;male;slow;КУ́РИЦА;"Целиком; версии normal и slow.";materials/audio/incoming/ru/male/word-066-slow.wav;public/audio/ru/male/word-066-slow.mp3
word-067;female;normal;КОРО́ВА;"Целиком; версии normal и slow.";materials/audio/incoming/ru/female/word-067-normal.wav;public/audio/ru/female/word-067-normal.mp3
word-067;female;slow;КОРО́ВА;"Целиком; версии normal и slow.";materials/audio/incoming/ru/female/word-067-slow.wav;public/audio/ru/female/word-067-slow.mp3
word-067;male;normal;КОРО́ВА;"Целиком; версии normal и slow.";materials/audio/incoming/ru/male/word-067-normal.wav;public/audio/ru/male/word-067-normal.mp3
word-067;male;slow;КОРО́ВА;"Целиком; версии normal и slow.";materials/audio/incoming/ru/male/word-067-slow.wav;public/audio/ru/male/word-067-slow.mp3
word-068;female;normal;КОЗА́;"Целиком; версии normal и slow.";materials/audio/incoming/ru/female/word-068-normal.wav;public/audio/ru/female/word-068-normal.mp3
word-068;female;slow;КОЗА́;"Целиком; версии normal и slow.";materials/audio/incoming/ru/female/word-068-slow.wav;public/audio/ru/female/word-068-slow.mp3
word-068;male;normal;КОЗА́;"Целиком; версии normal и slow.";materials/audio/incoming/ru/male/word-068-normal.wav;public/audio/ru/male/word-068-normal.mp3
word-068;male;slow;КОЗА́;"Целиком; версии normal и slow.";materials/audio/incoming/ru/male/word-068-slow.wav;public/audio/ru/male/word-068-slow.mp3
word-069;female;normal;ЛО́ШАДЬ;"Целиком; версии normal и slow.";materials/audio/incoming/ru/female/word-069-normal.wav;public/audio/ru/female/word-069-normal.mp3
word-069;female;slow;ЛО́ШАДЬ;"Целиком; версии normal и slow.";materials/audio/incoming/ru/female/word-069-slow.wav;public/audio/ru/female/word-069-slow.mp3
word-069;male;normal;ЛО́ШАДЬ;"Целиком; версии normal и slow.";materials/audio/incoming/ru/male/word-069-normal.wav;public/audio/ru/male/word-069-normal.mp3
word-069;male;slow;ЛО́ШАДЬ;"Целиком; версии normal и slow.";materials/audio/incoming/ru/male/word-069-slow.wav;public/audio/ru/male/word-069-slow.mp3
word-070;female;normal;ЗА́ЯЦ;"Целиком; версии normal и slow.";materials/audio/incoming/ru/female/word-070-normal.wav;public/audio/ru/female/word-070-normal.mp3
word-070;female;slow;ЗА́ЯЦ;"Целиком; версии normal и slow.";materials/audio/incoming/ru/female/word-070-slow.wav;public/audio/ru/female/word-070-slow.mp3
word-070;male;normal;ЗА́ЯЦ;"Целиком; версии normal и slow.";materials/audio/incoming/ru/male/word-070-normal.wav;public/audio/ru/male/word-070-normal.mp3
word-070;male;slow;ЗА́ЯЦ;"Целиком; версии normal и slow.";materials/audio/incoming/ru/male/word-070-slow.wav;public/audio/ru/male/word-070-slow.mp3
word-071;female;normal;БЕ́ЛКА;"Целиком; версии normal и slow.";materials/audio/incoming/ru/female/word-071-normal.wav;public/audio/ru/female/word-071-normal.mp3
word-071;female;slow;БЕ́ЛКА;"Целиком; версии normal и slow.";materials/audio/incoming/ru/female/word-071-slow.wav;public/audio/ru/female/word-071-slow.mp3
word-071;male;normal;БЕ́ЛКА;"Целиком; версии normal и slow.";materials/audio/incoming/ru/male/word-071-normal.wav;public/audio/ru/male/word-071-normal.mp3
word-071;male;slow;БЕ́ЛКА;"Целиком; версии normal и slow.";materials/audio/incoming/ru/male/word-071-slow.wav;public/audio/ru/male/word-071-slow.mp3
word-072;female;normal;ЁЖ;"Целиком; версии normal и slow.";materials/audio/incoming/ru/female/word-072-normal.wav;public/audio/ru/female/word-072-normal.mp3
word-072;female;slow;ЁЖ;"Целиком; версии normal и slow.";materials/audio/incoming/ru/female/word-072-slow.wav;public/audio/ru/female/word-072-slow.mp3
word-072;male;normal;ЁЖ;"Целиком; версии normal и slow.";materials/audio/incoming/ru/male/word-072-normal.wav;public/audio/ru/male/word-072-normal.mp3
word-072;male;slow;ЁЖ;"Целиком; версии normal и slow.";materials/audio/incoming/ru/male/word-072-slow.wav;public/audio/ru/male/word-072-slow.mp3
word-073;female;normal;ЧЕРЕПА́ХА;"Целиком; версии normal и slow.";materials/audio/incoming/ru/female/word-073-normal.wav;public/audio/ru/female/word-073-normal.mp3
word-073;female;slow;ЧЕРЕПА́ХА;"Целиком; версии normal и slow.";materials/audio/incoming/ru/female/word-073-slow.wav;public/audio/ru/female/word-073-slow.mp3
word-073;male;normal;ЧЕРЕПА́ХА;"Целиком; версии normal и slow.";materials/audio/incoming/ru/male/word-073-normal.wav;public/audio/ru/male/word-073-normal.mp3
word-073;male;slow;ЧЕРЕПА́ХА;"Целиком; версии normal и slow.";materials/audio/incoming/ru/male/word-073-slow.wav;public/audio/ru/male/word-073-slow.mp3
word-074;female;normal;УЛИ́ТКА;"Целиком; версии normal и slow.";materials/audio/incoming/ru/female/word-074-normal.wav;public/audio/ru/female/word-074-normal.mp3
word-074;female;slow;УЛИ́ТКА;"Целиком; версии normal и slow.";materials/audio/incoming/ru/female/word-074-slow.wav;public/audio/ru/female/word-074-slow.mp3
word-074;male;normal;УЛИ́ТКА;"Целиком; версии normal и slow.";materials/audio/incoming/ru/male/word-074-normal.wav;public/audio/ru/male/word-074-normal.mp3
word-074;male;slow;УЛИ́ТКА;"Целиком; версии normal и slow.";materials/audio/incoming/ru/male/word-074-slow.wav;public/audio/ru/male/word-074-slow.mp3
word-075;female;normal;БА́БОЧКА;"Целиком; версии normal и slow.";materials/audio/incoming/ru/female/word-075-normal.wav;public/audio/ru/female/word-075-normal.mp3
word-075;female;slow;БА́БОЧКА;"Целиком; версии normal и slow.";materials/audio/incoming/ru/female/word-075-slow.wav;public/audio/ru/female/word-075-slow.mp3
word-075;male;normal;БА́БОЧКА;"Целиком; версии normal и slow.";materials/audio/incoming/ru/male/word-075-normal.wav;public/audio/ru/male/word-075-normal.mp3
word-075;male;slow;БА́БОЧКА;"Целиком; версии normal и slow.";materials/audio/incoming/ru/male/word-075-slow.wav;public/audio/ru/male/word-075-slow.mp3
word-076;female;normal;ЦВЕТО́К;"Целиком; версии normal и slow.";materials/audio/incoming/ru/female/word-076-normal.wav;public/audio/ru/female/word-076-normal.mp3
word-076;female;slow;ЦВЕТО́К;"Целиком; версии normal и slow.";materials/audio/incoming/ru/female/word-076-slow.wav;public/audio/ru/female/word-076-slow.mp3
word-076;male;normal;ЦВЕТО́К;"Целиком; версии normal и slow.";materials/audio/incoming/ru/male/word-076-normal.wav;public/audio/ru/male/word-076-normal.mp3
word-076;male;slow;ЦВЕТО́К;"Целиком; версии normal и slow.";materials/audio/incoming/ru/male/word-076-slow.wav;public/audio/ru/male/word-076-slow.mp3
word-077;female;normal;ГРИБ;"Целиком; версии normal и slow.";materials/audio/incoming/ru/female/word-077-normal.wav;public/audio/ru/female/word-077-normal.mp3
word-077;female;slow;ГРИБ;"Целиком; версии normal и slow.";materials/audio/incoming/ru/female/word-077-slow.wav;public/audio/ru/female/word-077-slow.mp3
word-077;male;normal;ГРИБ;"Целиком; версии normal и slow.";materials/audio/incoming/ru/male/word-077-normal.wav;public/audio/ru/male/word-077-normal.mp3
word-077;male;slow;ГРИБ;"Целиком; версии normal и slow.";materials/audio/incoming/ru/male/word-077-slow.wav;public/audio/ru/male/word-077-slow.mp3
word-078;female;normal;МОРКО́ВЬ;"Целиком; версии normal и slow.";materials/audio/incoming/ru/female/word-078-normal.wav;public/audio/ru/female/word-078-normal.mp3
word-078;female;slow;МОРКО́ВЬ;"Целиком; версии normal и slow.";materials/audio/incoming/ru/female/word-078-slow.wav;public/audio/ru/female/word-078-slow.mp3
word-078;male;normal;МОРКО́ВЬ;"Целиком; версии normal и slow.";materials/audio/incoming/ru/male/word-078-normal.wav;public/audio/ru/male/word-078-normal.mp3
word-078;male;slow;МОРКО́ВЬ;"Целиком; версии normal и slow.";materials/audio/incoming/ru/male/word-078-slow.wav;public/audio/ru/male/word-078-slow.mp3
word-079;female;normal;ОГУРЕ́Ц;"Целиком; версии normal и slow.";materials/audio/incoming/ru/female/word-079-normal.wav;public/audio/ru/female/word-079-normal.mp3
word-079;female;slow;ОГУРЕ́Ц;"Целиком; версии normal и slow.";materials/audio/incoming/ru/female/word-079-slow.wav;public/audio/ru/female/word-079-slow.mp3
word-079;male;normal;ОГУРЕ́Ц;"Целиком; версии normal и slow.";materials/audio/incoming/ru/male/word-079-normal.wav;public/audio/ru/male/word-079-normal.mp3
word-079;male;slow;ОГУРЕ́Ц;"Целиком; версии normal и slow.";materials/audio/incoming/ru/male/word-079-slow.wav;public/audio/ru/male/word-079-slow.mp3
word-080;female;normal;ПОМИДО́Р;"Целиком; версии normal и slow.";materials/audio/incoming/ru/female/word-080-normal.wav;public/audio/ru/female/word-080-normal.mp3
word-080;female;slow;ПОМИДО́Р;"Целиком; версии normal и slow.";materials/audio/incoming/ru/female/word-080-slow.wav;public/audio/ru/female/word-080-slow.mp3
word-080;male;normal;ПОМИДО́Р;"Целиком; версии normal и slow.";materials/audio/incoming/ru/male/word-080-normal.wav;public/audio/ru/male/word-080-normal.mp3
word-080;male;slow;ПОМИДО́Р;"Целиком; версии normal и slow.";materials/audio/incoming/ru/male/word-080-slow.wav;public/audio/ru/male/word-080-slow.mp3
word-081;female;normal;АРБУ́З;"Целиком; версии normal и slow.";materials/audio/incoming/ru/female/word-081-normal.wav;public/audio/ru/female/word-081-normal.mp3
word-081;female;slow;АРБУ́З;"Целиком; версии normal и slow.";materials/audio/incoming/ru/female/word-081-slow.wav;public/audio/ru/female/word-081-slow.mp3
word-081;male;normal;АРБУ́З;"Целиком; версии normal и slow.";materials/audio/incoming/ru/male/word-081-normal.wav;public/audio/ru/male/word-081-normal.mp3
word-081;male;slow;АРБУ́З;"Целиком; версии normal и slow.";materials/audio/incoming/ru/male/word-081-slow.wav;public/audio/ru/male/word-081-slow.mp3
word-082;female;normal;ДЫ́НЯ;"Целиком; версии normal и slow.";materials/audio/incoming/ru/female/word-082-normal.wav;public/audio/ru/female/word-082-normal.mp3
word-082;female;slow;ДЫ́НЯ;"Целиком; версии normal и slow.";materials/audio/incoming/ru/female/word-082-slow.wav;public/audio/ru/female/word-082-slow.mp3
word-082;male;normal;ДЫ́НЯ;"Целиком; версии normal и slow.";materials/audio/incoming/ru/male/word-082-normal.wav;public/audio/ru/male/word-082-normal.mp3
word-082;male;slow;ДЫ́НЯ;"Целиком; версии normal и slow.";materials/audio/incoming/ru/male/word-082-slow.wav;public/audio/ru/male/word-082-slow.mp3
word-083;female;normal;ГРУ́ША;"Целиком; версии normal и slow.";materials/audio/incoming/ru/female/word-083-normal.wav;public/audio/ru/female/word-083-normal.mp3
word-083;female;slow;ГРУ́ША;"Целиком; версии normal и slow.";materials/audio/incoming/ru/female/word-083-slow.wav;public/audio/ru/female/word-083-slow.mp3
word-083;male;normal;ГРУ́ША;"Целиком; версии normal и slow.";materials/audio/incoming/ru/male/word-083-normal.wav;public/audio/ru/male/word-083-normal.mp3
word-083;male;slow;ГРУ́ША;"Целиком; версии normal и slow.";materials/audio/incoming/ru/male/word-083-slow.wav;public/audio/ru/male/word-083-slow.mp3
word-084;female;normal;СЛИ́ВА;"Целиком; версии normal и slow.";materials/audio/incoming/ru/female/word-084-normal.wav;public/audio/ru/female/word-084-normal.mp3
word-084;female;slow;СЛИ́ВА;"Целиком; версии normal и slow.";materials/audio/incoming/ru/female/word-084-slow.wav;public/audio/ru/female/word-084-slow.mp3
word-084;male;normal;СЛИ́ВА;"Целиком; версии normal и slow.";materials/audio/incoming/ru/male/word-084-normal.wav;public/audio/ru/male/word-084-normal.mp3
word-084;male;slow;СЛИ́ВА;"Целиком; версии normal и slow.";materials/audio/incoming/ru/male/word-084-slow.wav;public/audio/ru/male/word-084-slow.mp3
word-085;female;normal;ВИ́ШНЯ;"Целиком; версии normal и slow.";materials/audio/incoming/ru/female/word-085-normal.wav;public/audio/ru/female/word-085-normal.mp3
word-085;female;slow;ВИ́ШНЯ;"Целиком; версии normal и slow.";materials/audio/incoming/ru/female/word-085-slow.wav;public/audio/ru/female/word-085-slow.mp3
word-085;male;normal;ВИ́ШНЯ;"Целиком; версии normal и slow.";materials/audio/incoming/ru/male/word-085-normal.wav;public/audio/ru/male/word-085-normal.mp3
word-085;male;slow;ВИ́ШНЯ;"Целиком; версии normal и slow.";materials/audio/incoming/ru/male/word-085-slow.wav;public/audio/ru/male/word-085-slow.mp3
word-086;female;normal;КЛУБНИ́КА;"Целиком; версии normal и slow.";materials/audio/incoming/ru/female/word-086-normal.wav;public/audio/ru/female/word-086-normal.mp3
word-086;female;slow;КЛУБНИ́КА;"Целиком; версии normal и slow.";materials/audio/incoming/ru/female/word-086-slow.wav;public/audio/ru/female/word-086-slow.mp3
word-086;male;normal;КЛУБНИ́КА;"Целиком; версии normal и slow.";materials/audio/incoming/ru/male/word-086-normal.wav;public/audio/ru/male/word-086-normal.mp3
word-086;male;slow;КЛУБНИ́КА;"Целиком; версии normal и slow.";materials/audio/incoming/ru/male/word-086-slow.wav;public/audio/ru/male/word-086-slow.mp3
word-087;female;normal;ЧАСЫ́;"Целиком; версии normal и slow.";materials/audio/incoming/ru/female/word-087-normal.wav;public/audio/ru/female/word-087-normal.mp3
word-087;female;slow;ЧАСЫ́;"Целиком; версии normal и slow.";materials/audio/incoming/ru/female/word-087-slow.wav;public/audio/ru/female/word-087-slow.mp3
word-087;male;normal;ЧАСЫ́;"Целиком; версии normal и slow.";materials/audio/incoming/ru/male/word-087-normal.wav;public/audio/ru/male/word-087-normal.mp3
word-087;male;slow;ЧАСЫ́;"Целиком; версии normal и slow.";materials/audio/incoming/ru/male/word-087-slow.wav;public/audio/ru/male/word-087-slow.mp3
word-088;female;normal;КНИ́ГА;"Целиком; версии normal и slow.";materials/audio/incoming/ru/female/word-088-normal.wav;public/audio/ru/female/word-088-normal.mp3
word-088;female;slow;КНИ́ГА;"Целиком; версии normal и slow.";materials/audio/incoming/ru/female/word-088-slow.wav;public/audio/ru/female/word-088-slow.mp3
word-088;male;normal;КНИ́ГА;"Целиком; версии normal и slow.";materials/audio/incoming/ru/male/word-088-normal.wav;public/audio/ru/male/word-088-normal.mp3
word-088;male;slow;КНИ́ГА;"Целиком; версии normal и slow.";materials/audio/incoming/ru/male/word-088-slow.wav;public/audio/ru/male/word-088-slow.mp3
word-089;female;normal;РУ́ЧКА;"Целиком; версии normal и slow.";materials/audio/incoming/ru/female/word-089-normal.wav;public/audio/ru/female/word-089-normal.mp3
word-089;female;slow;РУ́ЧКА;"Целиком; версии normal и slow.";materials/audio/incoming/ru/female/word-089-slow.wav;public/audio/ru/female/word-089-slow.mp3
word-089;male;normal;РУ́ЧКА;"Целиком; версии normal и slow.";materials/audio/incoming/ru/male/word-089-normal.wav;public/audio/ru/male/word-089-normal.mp3
word-089;male;slow;РУ́ЧКА;"Целиком; версии normal и slow.";materials/audio/incoming/ru/male/word-089-slow.wav;public/audio/ru/male/word-089-slow.mp3
word-090;female;normal;КАРАНДА́Ш;"Целиком; версии normal и slow.";materials/audio/incoming/ru/female/word-090-normal.wav;public/audio/ru/female/word-090-normal.mp3
word-090;female;slow;КАРАНДА́Ш;"Целиком; версии normal и slow.";materials/audio/incoming/ru/female/word-090-slow.wav;public/audio/ru/female/word-090-slow.mp3
word-090;male;normal;КАРАНДА́Ш;"Целиком; версии normal и slow.";materials/audio/incoming/ru/male/word-090-normal.wav;public/audio/ru/male/word-090-normal.mp3
word-090;male;slow;КАРАНДА́Ш;"Целиком; версии normal и slow.";materials/audio/incoming/ru/male/word-090-slow.wav;public/audio/ru/male/word-090-slow.mp3
word-091;female;normal;СУ́МКА;"Целиком; версии normal и slow.";materials/audio/incoming/ru/female/word-091-normal.wav;public/audio/ru/female/word-091-normal.mp3
word-091;female;slow;СУ́МКА;"Целиком; версии normal и slow.";materials/audio/incoming/ru/female/word-091-slow.wav;public/audio/ru/female/word-091-slow.mp3
word-091;male;normal;СУ́МКА;"Целиком; версии normal и slow.";materials/audio/incoming/ru/male/word-091-normal.wav;public/audio/ru/male/word-091-normal.mp3
word-091;male;slow;СУ́МКА;"Целиком; версии normal и slow.";materials/audio/incoming/ru/male/word-091-slow.wav;public/audio/ru/male/word-091-slow.mp3
word-092;female;normal;ША́ПКА;"Целиком; версии normal и slow.";materials/audio/incoming/ru/female/word-092-normal.wav;public/audio/ru/female/word-092-normal.mp3
word-092;female;slow;ША́ПКА;"Целиком; версии normal и slow.";materials/audio/incoming/ru/female/word-092-slow.wav;public/audio/ru/female/word-092-slow.mp3
word-092;male;normal;ША́ПКА;"Целиком; версии normal и slow.";materials/audio/incoming/ru/male/word-092-normal.wav;public/audio/ru/male/word-092-normal.mp3
word-092;male;slow;ША́ПКА;"Целиком; версии normal и slow.";materials/audio/incoming/ru/male/word-092-slow.wav;public/audio/ru/male/word-092-slow.mp3
word-093;female;normal;ШАРФ;"Целиком; версии normal и slow.";materials/audio/incoming/ru/female/word-093-normal.wav;public/audio/ru/female/word-093-normal.mp3
word-093;female;slow;ШАРФ;"Целиком; версии normal и slow.";materials/audio/incoming/ru/female/word-093-slow.wav;public/audio/ru/female/word-093-slow.mp3
word-093;male;normal;ШАРФ;"Целиком; версии normal и slow.";materials/audio/incoming/ru/male/word-093-normal.wav;public/audio/ru/male/word-093-normal.mp3
word-093;male;slow;ШАРФ;"Целиком; версии normal и slow.";materials/audio/incoming/ru/male/word-093-slow.wav;public/audio/ru/male/word-093-slow.mp3
word-094;female;normal;БОТИ́НКИ;"Целиком; версии normal и slow.";materials/audio/incoming/ru/female/word-094-normal.wav;public/audio/ru/female/word-094-normal.mp3
word-094;female;slow;БОТИ́НКИ;"Целиком; версии normal и slow.";materials/audio/incoming/ru/female/word-094-slow.wav;public/audio/ru/female/word-094-slow.mp3
word-094;male;normal;БОТИ́НКИ;"Целиком; версии normal и slow.";materials/audio/incoming/ru/male/word-094-normal.wav;public/audio/ru/male/word-094-normal.mp3
word-094;male;slow;БОТИ́НКИ;"Целиком; версии normal и slow.";materials/audio/incoming/ru/male/word-094-slow.wav;public/audio/ru/male/word-094-slow.mp3
word-095;female;normal;ПЛА́ТЬЕ;"Целиком; версии normal и slow.";materials/audio/incoming/ru/female/word-095-normal.wav;public/audio/ru/female/word-095-normal.mp3
word-095;female;slow;ПЛА́ТЬЕ;"Целиком; версии normal и slow.";materials/audio/incoming/ru/female/word-095-slow.wav;public/audio/ru/female/word-095-slow.mp3
word-095;male;normal;ПЛА́ТЬЕ;"Целиком; версии normal и slow.";materials/audio/incoming/ru/male/word-095-normal.wav;public/audio/ru/male/word-095-normal.mp3
word-095;male;slow;ПЛА́ТЬЕ;"Целиком; версии normal и slow.";materials/audio/incoming/ru/male/word-095-slow.wav;public/audio/ru/male/word-095-slow.mp3
word-096;female;normal;КЛЮЧ;"Целиком; версии normal и slow.";materials/audio/incoming/ru/female/word-096-normal.wav;public/audio/ru/female/word-096-normal.mp3
word-096;female;slow;КЛЮЧ;"Целиком; версии normal и slow.";materials/audio/incoming/ru/female/word-096-slow.wav;public/audio/ru/female/word-096-slow.mp3
word-096;male;normal;КЛЮЧ;"Целиком; версии normal и slow.";materials/audio/incoming/ru/male/word-096-normal.wav;public/audio/ru/male/word-096-normal.mp3
word-096;male;slow;КЛЮЧ;"Целиком; версии normal и slow.";materials/audio/incoming/ru/male/word-096-slow.wav;public/audio/ru/male/word-096-slow.mp3
word-097;female;normal;ЗА́МОК;"Целиком; версии normal и slow. За́мок — здание: в словаре стоит изображение замка.";materials/audio/incoming/ru/female/word-097-normal.wav;public/audio/ru/female/word-097-normal.mp3
word-097;female;slow;ЗА́МОК;"Целиком; версии normal и slow. За́мок — здание: в словаре стоит изображение замка.";materials/audio/incoming/ru/female/word-097-slow.wav;public/audio/ru/female/word-097-slow.mp3
word-097;male;normal;ЗА́МОК;"Целиком; версии normal и slow. За́мок — здание: в словаре стоит изображение замка.";materials/audio/incoming/ru/male/word-097-normal.wav;public/audio/ru/male/word-097-normal.mp3
word-097;male;slow;ЗА́МОК;"Целиком; версии normal и slow. За́мок — здание: в словаре стоит изображение замка.";materials/audio/incoming/ru/male/word-097-slow.wav;public/audio/ru/male/word-097-slow.mp3
word-098;female;normal;ПО́ЕЗД;"Целиком; версии normal и slow.";materials/audio/incoming/ru/female/word-098-normal.wav;public/audio/ru/female/word-098-normal.mp3
word-098;female;slow;ПО́ЕЗД;"Целиком; версии normal и slow.";materials/audio/incoming/ru/female/word-098-slow.wav;public/audio/ru/female/word-098-slow.mp3
word-098;male;normal;ПО́ЕЗД;"Целиком; версии normal и slow.";materials/audio/incoming/ru/male/word-098-normal.wav;public/audio/ru/male/word-098-normal.mp3
word-098;male;slow;ПО́ЕЗД;"Целиком; версии normal и slow.";materials/audio/incoming/ru/male/word-098-slow.wav;public/audio/ru/male/word-098-slow.mp3
word-099;female;normal;САМОЛЁТ;"Целиком; версии normal и slow.";materials/audio/incoming/ru/female/word-099-normal.wav;public/audio/ru/female/word-099-normal.mp3
word-099;female;slow;САМОЛЁТ;"Целиком; версии normal и slow.";materials/audio/incoming/ru/female/word-099-slow.wav;public/audio/ru/female/word-099-slow.mp3
word-099;male;normal;САМОЛЁТ;"Целиком; версии normal и slow.";materials/audio/incoming/ru/male/word-099-normal.wav;public/audio/ru/male/word-099-normal.mp3
word-099;male;slow;САМОЛЁТ;"Целиком; версии normal и slow.";materials/audio/incoming/ru/male/word-099-slow.wav;public/audio/ru/male/word-099-slow.mp3
word-100;female;normal;РАКЕ́ТА;"Целиком; версии normal и slow.";materials/audio/incoming/ru/female/word-100-normal.wav;public/audio/ru/female/word-100-normal.mp3
word-100;female;slow;РАКЕ́ТА;"Целиком; версии normal и slow.";materials/audio/incoming/ru/female/word-100-slow.wav;public/audio/ru/female/word-100-slow.mp3
word-100;male;normal;РАКЕ́ТА;"Целиком; версии normal и slow.";materials/audio/incoming/ru/male/word-100-normal.wav;public/audio/ru/male/word-100-normal.mp3
word-100;male;slow;РАКЕ́ТА;"Целиком; версии normal и slow.";materials/audio/incoming/ru/male/word-100-slow.wav;public/audio/ru/male/word-100-slow.mp3
word-101;female;normal;ВЕЛОСИПЕ́Д;"Целиком; версии normal и slow.";materials/audio/incoming/ru/female/word-101-normal.wav;public/audio/ru/female/word-101-normal.mp3
word-101;female;slow;ВЕЛОСИПЕ́Д;"Целиком; версии normal и slow.";materials/audio/incoming/ru/female/word-101-slow.wav;public/audio/ru/female/word-101-slow.mp3
word-101;male;normal;ВЕЛОСИПЕ́Д;"Целиком; версии normal и slow.";materials/audio/incoming/ru/male/word-101-normal.wav;public/audio/ru/male/word-101-normal.mp3
word-101;male;slow;ВЕЛОСИПЕ́Д;"Целиком; версии normal и slow.";materials/audio/incoming/ru/male/word-101-slow.wav;public/audio/ru/male/word-101-slow.mp3
word-102;female;normal;АВТО́БУС;"Целиком; версии normal и slow.";materials/audio/incoming/ru/female/word-102-normal.wav;public/audio/ru/female/word-102-normal.mp3
word-102;female;slow;АВТО́БУС;"Целиком; версии normal и slow.";materials/audio/incoming/ru/female/word-102-slow.wav;public/audio/ru/female/word-102-slow.mp3
word-102;male;normal;АВТО́БУС;"Целиком; версии normal и slow.";materials/audio/incoming/ru/male/word-102-normal.wav;public/audio/ru/male/word-102-normal.mp3
word-102;male;slow;АВТО́БУС;"Целиком; версии normal и slow.";materials/audio/incoming/ru/male/word-102-slow.wav;public/audio/ru/male/word-102-slow.mp3
word-103;female;normal;МОХ;"Целиком; версии normal и slow.";materials/audio/incoming/ru/female/word-103-normal.wav;public/audio/ru/female/word-103-normal.mp3
word-103;female;slow;МОХ;"Целиком; версии normal и slow.";materials/audio/incoming/ru/female/word-103-slow.wav;public/audio/ru/female/word-103-slow.mp3
word-103;male;normal;МОХ;"Целиком; версии normal и slow.";materials/audio/incoming/ru/male/word-103-normal.wav;public/audio/ru/male/word-103-normal.mp3
word-103;male;slow;МОХ;"Целиком; версии normal и slow.";materials/audio/incoming/ru/male/word-103-slow.wav;public/audio/ru/male/word-103-slow.mp3
word-104;female;normal;САМА́;"Целиком; версии normal и slow.";materials/audio/incoming/ru/female/word-104-normal.wav;public/audio/ru/female/word-104-normal.mp3
word-104;female;slow;САМА́;"Целиком; версии normal и slow.";materials/audio/incoming/ru/female/word-104-slow.wav;public/audio/ru/female/word-104-slow.mp3
word-104;male;normal;САМА́;"Целиком; версии normal и slow.";materials/audio/incoming/ru/male/word-104-normal.wav;public/audio/ru/male/word-104-normal.mp3
word-104;male;slow;САМА́;"Целиком; версии normal и slow.";materials/audio/incoming/ru/male/word-104-slow.wav;public/audio/ru/male/word-104-slow.mp3
word-105;female;normal;ОНА́;"Целиком; версии normal и slow.";materials/audio/incoming/ru/female/word-105-normal.wav;public/audio/ru/female/word-105-normal.mp3
word-105;female;slow;ОНА́;"Целиком; версии normal и slow.";materials/audio/incoming/ru/female/word-105-slow.wav;public/audio/ru/female/word-105-slow.mp3
word-105;male;normal;ОНА́;"Целиком; версии normal и slow.";materials/audio/incoming/ru/male/word-105-normal.wav;public/audio/ru/male/word-105-normal.mp3
word-105;male;slow;ОНА́;"Целиком; версии normal и slow.";materials/audio/incoming/ru/male/word-105-slow.wav;public/audio/ru/male/word-105-slow.mp3
word-106;female;normal;НОСЫ́;"Целиком; версии normal и slow.";materials/audio/incoming/ru/female/word-106-normal.wav;public/audio/ru/female/word-106-normal.mp3
word-106;female;slow;НОСЫ́;"Целиком; версии normal и slow.";materials/audio/incoming/ru/female/word-106-slow.wav;public/audio/ru/female/word-106-slow.mp3
word-106;male;normal;НОСЫ́;"Целиком; версии normal и slow.";materials/audio/incoming/ru/male/word-106-normal.wav;public/audio/ru/male/word-106-normal.mp3
word-106;male;slow;НОСЫ́;"Целиком; версии normal и slow.";materials/audio/incoming/ru/male/word-106-slow.wav;public/audio/ru/male/word-106-slow.mp3
word-107;female;normal;СОМЫ́;"Целиком; версии normal и slow.";materials/audio/incoming/ru/female/word-107-normal.wav;public/audio/ru/female/word-107-normal.mp3
word-107;female;slow;СОМЫ́;"Целиком; версии normal и slow.";materials/audio/incoming/ru/female/word-107-slow.wav;public/audio/ru/female/word-107-slow.mp3
word-107;male;normal;СОМЫ́;"Целиком; версии normal и slow.";materials/audio/incoming/ru/male/word-107-normal.wav;public/audio/ru/male/word-107-normal.mp3
word-107;male;slow;СОМЫ́;"Целиком; версии normal и slow.";materials/audio/incoming/ru/male/word-107-slow.wav;public/audio/ru/male/word-107-slow.mp3
word-108;female;normal;О́СЫ;"Целиком; версии normal и slow.";materials/audio/incoming/ru/female/word-108-normal.wav;public/audio/ru/female/word-108-normal.mp3
word-108;female;slow;О́СЫ;"Целиком; версии normal и slow.";materials/audio/incoming/ru/female/word-108-slow.wav;public/audio/ru/female/word-108-slow.mp3
word-108;male;normal;О́СЫ;"Целиком; версии normal и slow.";materials/audio/incoming/ru/male/word-108-normal.wav;public/audio/ru/male/word-108-normal.mp3
word-108;male;slow;О́СЫ;"Целиком; версии normal и slow.";materials/audio/incoming/ru/male/word-108-slow.wav;public/audio/ru/male/word-108-slow.mp3
word-109;female;normal;МАЛЫ́;"Целиком; версии normal и slow.";materials/audio/incoming/ru/female/word-109-normal.wav;public/audio/ru/female/word-109-normal.mp3
word-109;female;slow;МАЛЫ́;"Целиком; версии normal и slow.";materials/audio/incoming/ru/female/word-109-slow.wav;public/audio/ru/female/word-109-slow.mp3
word-109;male;normal;МАЛЫ́;"Целиком; версии normal и slow.";materials/audio/incoming/ru/male/word-109-normal.wav;public/audio/ru/male/word-109-normal.mp3
word-109;male;slow;МАЛЫ́;"Целиком; версии normal и slow.";materials/audio/incoming/ru/male/word-109-slow.wav;public/audio/ru/male/word-109-slow.mp3
word-110;female;normal;МАЛА́;"Целиком; версии normal и slow.";materials/audio/incoming/ru/female/word-110-normal.wav;public/audio/ru/female/word-110-normal.mp3
word-110;female;slow;МАЛА́;"Целиком; версии normal и slow.";materials/audio/incoming/ru/female/word-110-slow.wav;public/audio/ru/female/word-110-slow.mp3
word-110;male;normal;МАЛА́;"Целиком; версии normal и slow.";materials/audio/incoming/ru/male/word-110-normal.wav;public/audio/ru/male/word-110-normal.mp3
word-110;male;slow;МАЛА́;"Целиком; версии normal и slow.";materials/audio/incoming/ru/male/word-110-slow.wav;public/audio/ru/male/word-110-slow.mp3
word-111;female;normal;МА́ЛО;"Целиком; версии normal и slow.";materials/audio/incoming/ru/female/word-111-normal.wav;public/audio/ru/female/word-111-normal.mp3
word-111;female;slow;МА́ЛО;"Целиком; версии normal и slow.";materials/audio/incoming/ru/female/word-111-slow.wav;public/audio/ru/female/word-111-slow.mp3
word-111;male;normal;МА́ЛО;"Целиком; версии normal и slow.";materials/audio/incoming/ru/male/word-111-normal.wav;public/audio/ru/male/word-111-normal.mp3
word-111;male;slow;МА́ЛО;"Целиком; версии normal и slow.";materials/audio/incoming/ru/male/word-111-slow.wav;public/audio/ru/male/word-111-slow.mp3
word-112;female;normal;СЛОН;"Целиком; версии normal и slow.";materials/audio/incoming/ru/female/word-112-normal.wav;public/audio/ru/female/word-112-normal.mp3
word-112;female;slow;СЛОН;"Целиком; версии normal и slow.";materials/audio/incoming/ru/female/word-112-slow.wav;public/audio/ru/female/word-112-slow.mp3
word-112;male;normal;СЛОН;"Целиком; версии normal и slow.";materials/audio/incoming/ru/male/word-112-normal.wav;public/audio/ru/male/word-112-normal.mp3
word-112;male;slow;СЛОН;"Целиком; версии normal и slow.";materials/audio/incoming/ru/male/word-112-slow.wav;public/audio/ru/male/word-112-slow.mp3
word-113;female;normal;РА́НА;"Целиком; версии normal и slow.";materials/audio/incoming/ru/female/word-113-normal.wav;public/audio/ru/female/word-113-normal.mp3
word-113;female;slow;РА́НА;"Целиком; версии normal и slow.";materials/audio/incoming/ru/female/word-113-slow.wav;public/audio/ru/female/word-113-slow.mp3
word-113;male;normal;РА́НА;"Целиком; версии normal и slow.";materials/audio/incoming/ru/male/word-113-normal.wav;public/audio/ru/male/word-113-normal.mp3
word-113;male;slow;РА́НА;"Целиком; версии normal и slow.";materials/audio/incoming/ru/male/word-113-slow.wav;public/audio/ru/male/word-113-slow.mp3
word-114;female;normal;КОСА́;"Целиком; версии normal и slow.";materials/audio/incoming/ru/female/word-114-normal.wav;public/audio/ru/female/word-114-normal.mp3
word-114;female;slow;КОСА́;"Целиком; версии normal и slow.";materials/audio/incoming/ru/female/word-114-slow.wav;public/audio/ru/female/word-114-slow.mp3
word-114;male;normal;КОСА́;"Целиком; версии normal и slow.";materials/audio/incoming/ru/male/word-114-normal.wav;public/audio/ru/male/word-114-normal.mp3
word-114;male;slow;КОСА́;"Целиком; версии normal и slow.";materials/audio/incoming/ru/male/word-114-slow.wav;public/audio/ru/male/word-114-slow.mp3
word-115;female;normal;МИР;"Целиком; версии normal и slow.";materials/audio/incoming/ru/female/word-115-normal.wav;public/audio/ru/female/word-115-normal.mp3
word-115;female;slow;МИР;"Целиком; версии normal и slow.";materials/audio/incoming/ru/female/word-115-slow.wav;public/audio/ru/female/word-115-slow.mp3
word-115;male;normal;МИР;"Целиком; версии normal и slow.";materials/audio/incoming/ru/male/word-115-normal.wav;public/audio/ru/male/word-115-normal.mp3
word-115;male;slow;МИР;"Целиком; версии normal и slow.";materials/audio/incoming/ru/male/word-115-slow.wav;public/audio/ru/male/word-115-slow.mp3
picture-hint-001;female;normal;В нём живут люди.;Доброжелательная подсказка. Не добавлять ответ.;materials/audio/incoming/ru/female/picture-hint-001-normal.wav;public/audio/ru/female/picture-hint-001-normal.mp3
picture-hint-001;male;normal;В нём живут люди.;Доброжелательная подсказка. Не добавлять ответ.;materials/audio/incoming/ru/male/picture-hint-001-normal.wav;public/audio/ru/male/picture-hint-001-normal.mp3
picture-hint-002;female;normal;Он говорит «мяу».;Доброжелательная подсказка. Не добавлять ответ.;materials/audio/incoming/ru/female/picture-hint-002-normal.wav;public/audio/ru/female/picture-hint-002-normal.mp3
picture-hint-002;male;normal;Он говорит «мяу».;Доброжелательная подсказка. Не добавлять ответ.;materials/audio/incoming/ru/male/picture-hint-002-normal.wav;public/audio/ru/male/picture-hint-002-normal.mp3
picture-hint-003;female;normal;Её видно ночью на небе.;Доброжелательная подсказка. Не добавлять ответ.;materials/audio/incoming/ru/female/picture-hint-003-normal.wav;public/audio/ru/female/picture-hint-003-normal.mp3
picture-hint-003;male;normal;Её видно ночью на небе.;Доброжелательная подсказка. Не добавлять ответ.;materials/audio/incoming/ru/male/picture-hint-003-normal.wav;public/audio/ru/male/picture-hint-003-normal.mp3
picture-hint-004;female;normal;Она живёт в воде.;Доброжелательная подсказка. Не добавлять ответ.;materials/audio/incoming/ru/female/picture-hint-004-normal.wav;public/audio/ru/female/picture-hint-004-normal.mp3
picture-hint-004;male;normal;Она живёт в воде.;Доброжелательная подсказка. Не добавлять ответ.;materials/audio/incoming/ru/male/picture-hint-004-normal.wav;public/audio/ru/male/picture-hint-004-normal.mp3
picture-hint-005;female;normal;Его делают из молока.;Доброжелательная подсказка. Не добавлять ответ.;materials/audio/incoming/ru/female/picture-hint-005-normal.wav;public/audio/ru/female/picture-hint-005-normal.mp3
picture-hint-005;male;normal;Его делают из молока.;Доброжелательная подсказка. Не добавлять ответ.;materials/audio/incoming/ru/male/picture-hint-005-normal.wav;public/audio/ru/male/picture-hint-005-normal.mp3
picture-hint-006;female;normal;Рыжая лесная жительница.;Доброжелательная подсказка. Не добавлять ответ.;materials/audio/incoming/ru/female/picture-hint-006-normal.wav;public/audio/ru/female/picture-hint-006-normal.mp3
picture-hint-006;male;normal;Рыжая лесная жительница.;Доброжелательная подсказка. Не добавлять ответ.;materials/audio/incoming/ru/male/picture-hint-006-normal.wav;public/audio/ru/male/picture-hint-006-normal.mp3
picture-hint-007;female;normal;Жёлтый и кислый фрукт.;Доброжелательная подсказка. Не добавлять ответ.;materials/audio/incoming/ru/female/picture-hint-007-normal.wav;public/audio/ru/female/picture-hint-007-normal.mp3
picture-hint-007;male;normal;Жёлтый и кислый фрукт.;Доброжелательная подсказка. Не добавлять ответ.;materials/audio/incoming/ru/male/picture-hint-007-normal.wav;public/audio/ru/male/picture-hint-007-normal.mp3
picture-hint-008;female;normal;Длинный жёлтый фрукт.;Доброжелательная подсказка. Не добавлять ответ.;materials/audio/incoming/ru/female/picture-hint-008-normal.wav;public/audio/ru/female/picture-hint-008-normal.mp3
picture-hint-008;male;normal;Длинный жёлтый фрукт.;Доброжелательная подсказка. Не добавлять ответ.;materials/audio/incoming/ru/male/picture-hint-008-normal.wav;public/audio/ru/male/picture-hint-008-normal.mp3
picture-hint-009;female;normal;Этот фрукт растёт на яблоне.;Доброжелательная подсказка. Не добавлять ответ.;materials/audio/incoming/ru/female/picture-hint-009-normal.wav;public/audio/ru/female/picture-hint-009-normal.mp3
picture-hint-009;male;normal;Этот фрукт растёт на яблоне.;Доброжелательная подсказка. Не добавлять ответ.;materials/audio/incoming/ru/male/picture-hint-009-normal.wav;public/audio/ru/male/picture-hint-009-normal.mp3
picture-hint-010;female;normal;У неё четыре колеса.;Доброжелательная подсказка. Не добавлять ответ.;materials/audio/incoming/ru/female/picture-hint-010-normal.wav;public/audio/ru/female/picture-hint-010-normal.mp3
picture-hint-010;male;normal;У неё четыре колеса.;Доброжелательная подсказка. Не добавлять ответ.;materials/audio/incoming/ru/male/picture-hint-010-normal.wav;public/audio/ru/male/picture-hint-010-normal.mp3
picture-hint-011;female;normal;У него есть ствол и листья.;Доброжелательная подсказка. Не добавлять ответ.;materials/audio/incoming/ru/female/picture-hint-011-normal.wav;public/audio/ru/female/picture-hint-011-normal.mp3
picture-hint-011;male;normal;У него есть ствол и листья.;Доброжелательная подсказка. Не добавлять ответ.;materials/audio/incoming/ru/male/picture-hint-011-normal.wav;public/audio/ru/male/picture-hint-011-normal.mp3
picture-hint-012;female;normal;Она говорит «гав».;Доброжелательная подсказка. Не добавлять ответ.;materials/audio/incoming/ru/female/picture-hint-012-normal.wav;public/audio/ru/female/picture-hint-012-normal.mp3
picture-hint-012;male;normal;Она говорит «гав».;Доброжелательная подсказка. Не добавлять ответ.;materials/audio/incoming/ru/male/picture-hint-012-normal.wav;public/audio/ru/male/picture-hint-012-normal.mp3
bridge-001;female;normal;Смотри, слоги умеют дружить! Собери слово по порядку: МА, МА.;"Мягкое приглашение; слоги не сливать при перечислении.";materials/audio/incoming/ru/female/bridge-001-normal.wav;public/audio/ru/female/bridge-001-normal.mp3
bridge-001;male;normal;Смотри, слоги умеют дружить! Собери слово по порядку: МА, МА.;"Мягкое приглашение; слоги не сливать при перечислении.";materials/audio/incoming/ru/male/bridge-001-normal.wav;public/audio/ru/male/bridge-001-normal.mp3
bridge-result-001;female;normal;МАМА! Мама — целое слово из двух одинаковых слогов.;Тёплое завершение без громкого восторга.;materials/audio/incoming/ru/female/bridge-result-001-normal.wav;public/audio/ru/female/bridge-result-001-normal.mp3
bridge-result-001;male;normal;МАМА! Мама — целое слово из двух одинаковых слогов.;Тёплое завершение без громкого восторга.;materials/audio/incoming/ru/male/bridge-result-001-normal.wav;public/audio/ru/male/bridge-result-001-normal.mp3
bridge-002;female;normal;Смотри, слоги умеют дружить! Собери слово по порядку: МУ, ХА.;"Мягкое приглашение; слоги не сливать при перечислении.";materials/audio/incoming/ru/female/bridge-002-normal.wav;public/audio/ru/female/bridge-002-normal.mp3
bridge-002;male;normal;Смотри, слоги умеют дружить! Собери слово по порядку: МУ, ХА.;"Мягкое приглашение; слоги не сливать при перечислении.";materials/audio/incoming/ru/male/bridge-002-normal.wav;public/audio/ru/male/bridge-002-normal.mp3
bridge-result-002;female;normal;МУХА! Муха — маленькое насекомое.;Тёплое завершение без громкого восторга.;materials/audio/incoming/ru/female/bridge-result-002-normal.wav;public/audio/ru/female/bridge-result-002-normal.mp3
bridge-result-002;male;normal;МУХА! Муха — маленькое насекомое.;Тёплое завершение без громкого восторга.;materials/audio/incoming/ru/male/bridge-result-002-normal.wav;public/audio/ru/male/bridge-result-002-normal.mp3
bridge-003;female;normal;Смотри, слоги умеют дружить! Собери слово по порядку: О, СА.;"Мягкое приглашение; слоги не сливать при перечислении.";materials/audio/incoming/ru/female/bridge-003-normal.wav;public/audio/ru/female/bridge-003-normal.mp3
bridge-003;male;normal;Смотри, слоги умеют дружить! Собери слово по порядку: О, СА.;"Мягкое приглашение; слоги не сливать при перечислении.";materials/audio/incoming/ru/male/bridge-003-normal.wav;public/audio/ru/male/bridge-003-normal.mp3
bridge-result-003;female;normal;ОСА! Оса — насекомое с полосками.;Тёплое завершение без громкого восторга.;materials/audio/incoming/ru/female/bridge-result-003-normal.wav;public/audio/ru/female/bridge-result-003-normal.mp3
bridge-result-003;male;normal;ОСА! Оса — насекомое с полосками.;Тёплое завершение без громкого восторга.;materials/audio/incoming/ru/male/bridge-result-003-normal.wav;public/audio/ru/male/bridge-result-003-normal.mp3
bridge-004;female;normal;Смотри, слоги умеют дружить! Собери слово по порядку: СОС, НА.;"Мягкое приглашение; слоги не сливать при перечислении.";materials/audio/incoming/ru/female/bridge-004-normal.wav;public/audio/ru/female/bridge-004-normal.mp3
bridge-004;male;normal;Смотри, слоги умеют дружить! Собери слово по порядку: СОС, НА.;"Мягкое приглашение; слоги не сливать при перечислении.";materials/audio/incoming/ru/male/bridge-004-normal.wav;public/audio/ru/male/bridge-004-normal.mp3
bridge-result-004;female;normal;СОСНА! Сосна — дерево с иголками.;Тёплое завершение без громкого восторга.;materials/audio/incoming/ru/female/bridge-result-004-normal.wav;public/audio/ru/female/bridge-result-004-normal.mp3
bridge-result-004;male;normal;СОСНА! Сосна — дерево с иголками.;Тёплое завершение без громкого восторга.;materials/audio/incoming/ru/male/bridge-result-004-normal.wav;public/audio/ru/male/bridge-result-004-normal.mp3
bridge-005;female;normal;Смотри, слоги умеют дружить! Собери слово по порядку: У, СЫ.;"Мягкое приглашение; слоги не сливать при перечислении.";materials/audio/incoming/ru/female/bridge-005-normal.wav;public/audio/ru/female/bridge-005-normal.mp3
bridge-005;male;normal;Смотри, слоги умеют дружить! Собери слово по порядку: У, СЫ.;"Мягкое приглашение; слоги не сливать при перечислении.";materials/audio/incoming/ru/male/bridge-005-normal.wav;public/audio/ru/male/bridge-005-normal.mp3
bridge-result-005;female;normal;УСЫ! У кота есть усы.;Тёплое завершение без громкого восторга.;materials/audio/incoming/ru/female/bridge-result-005-normal.wav;public/audio/ru/female/bridge-result-005-normal.mp3
bridge-result-005;male;normal;УСЫ! У кота есть усы.;Тёплое завершение без громкого восторга.;materials/audio/incoming/ru/male/bridge-result-005-normal.wav;public/audio/ru/male/bridge-result-005-normal.mp3
bridge-006;female;normal;Смотри, слоги умеют дружить! Собери слово по порядку: ЛУ, НА.;"Мягкое приглашение; слоги не сливать при перечислении.";materials/audio/incoming/ru/female/bridge-006-normal.wav;public/audio/ru/female/bridge-006-normal.mp3
bridge-006;male;normal;Смотри, слоги умеют дружить! Собери слово по порядку: ЛУ, НА.;"Мягкое приглашение; слоги не сливать при перечислении.";materials/audio/incoming/ru/male/bridge-006-normal.wav;public/audio/ru/male/bridge-006-normal.mp3
bridge-result-006;female;normal;ЛУНА! Луну видно в ночном небе.;Тёплое завершение без громкого восторга.;materials/audio/incoming/ru/female/bridge-result-006-normal.wav;public/audio/ru/female/bridge-result-006-normal.mp3
bridge-result-006;male;normal;ЛУНА! Луну видно в ночном небе.;Тёплое завершение без громкого восторга.;materials/audio/incoming/ru/male/bridge-result-006-normal.wav;public/audio/ru/male/bridge-result-006-normal.mp3
bridge-007;female;normal;Смотри, слоги умеют дружить! Собери слово по порядку: РА, МА.;"Мягкое приглашение; слоги не сливать при перечислении.";materials/audio/incoming/ru/female/bridge-007-normal.wav;public/audio/ru/female/bridge-007-normal.mp3
bridge-007;male;normal;Смотри, слоги умеют дружить! Собери слово по порядку: РА, МА.;"Мягкое приглашение; слоги не сливать при перечислении.";materials/audio/incoming/ru/male/bridge-007-normal.wav;public/audio/ru/male/bridge-007-normal.mp3
bridge-result-007;female;normal;РАМА! Рама держит оконное стекло.;Тёплое завершение без громкого восторга.;materials/audio/incoming/ru/female/bridge-result-007-normal.wav;public/audio/ru/female/bridge-result-007-normal.mp3
bridge-result-007;male;normal;РАМА! Рама держит оконное стекло.;Тёплое завершение без громкого восторга.;materials/audio/incoming/ru/male/bridge-result-007-normal.wav;public/audio/ru/male/bridge-result-007-normal.mp3
bridge-008;female;normal;Смотри, слоги умеют дружить! Собери слово по порядку: РУ, КА.;"Мягкое приглашение; слоги не сливать при перечислении.";materials/audio/incoming/ru/female/bridge-008-normal.wav;public/audio/ru/female/bridge-008-normal.mp3
bridge-008;male;normal;Смотри, слоги умеют дружить! Собери слово по порядку: РУ, КА.;"Мягкое приглашение; слоги не сливать при перечислении.";materials/audio/incoming/ru/male/bridge-008-normal.wav;public/audio/ru/male/bridge-008-normal.mp3
bridge-result-008;female;normal;РУКА! Рукой можно помахать другу.;Тёплое завершение без громкого восторга.;materials/audio/incoming/ru/female/bridge-result-008-normal.wav;public/audio/ru/female/bridge-result-008-normal.mp3
bridge-result-008;male;normal;РУКА! Рукой можно помахать другу.;Тёплое завершение без громкого восторга.;materials/audio/incoming/ru/male/bridge-result-008-normal.wav;public/audio/ru/male/bridge-result-008-normal.mp3
bridge-009;female;normal;Смотри, слоги умеют дружить! Собери слово по порядку: ЛИ, СА.;"Мягкое приглашение; слоги не сливать при перечислении.";materials/audio/incoming/ru/female/bridge-009-normal.wav;public/audio/ru/female/bridge-009-normal.mp3
bridge-009;male;normal;Смотри, слоги умеют дружить! Собери слово по порядку: ЛИ, СА.;"Мягкое приглашение; слоги не сливать при перечислении.";materials/audio/incoming/ru/male/bridge-009-normal.wav;public/audio/ru/male/bridge-009-normal.mp3
bridge-result-009;female;normal;ЛИСА! Лиса живёт в лесу.;Тёплое завершение без громкого восторга.;materials/audio/incoming/ru/female/bridge-result-009-normal.wav;public/audio/ru/female/bridge-result-009-normal.mp3
bridge-result-009;male;normal;ЛИСА! Лиса живёт в лесу.;Тёплое завершение без громкого восторга.;materials/audio/incoming/ru/male/bridge-result-009-normal.wav;public/audio/ru/male/bridge-result-009-normal.mp3
bridge-010;female;normal;Смотри, слоги умеют дружить! Собери слово по порядку: ПА, ПА.;"Мягкое приглашение; слоги не сливать при перечислении.";materials/audio/incoming/ru/female/bridge-010-normal.wav;public/audio/ru/female/bridge-010-normal.mp3
bridge-010;male;normal;Смотри, слоги умеют дружить! Собери слово по порядку: ПА, ПА.;"Мягкое приглашение; слоги не сливать при перечислении.";materials/audio/incoming/ru/male/bridge-010-normal.wav;public/audio/ru/male/bridge-010-normal.mp3
bridge-result-010;female;normal;ПАПА! Папа — слово из двух одинаковых слогов.;Тёплое завершение без громкого восторга.;materials/audio/incoming/ru/female/bridge-result-010-normal.wav;public/audio/ru/female/bridge-result-010-normal.mp3
bridge-result-010;male;normal;ПАПА! Папа — слово из двух одинаковых слогов.;Тёплое завершение без громкого восторга.;materials/audio/incoming/ru/male/bridge-result-010-normal.wav;public/audio/ru/male/bridge-result-010-normal.mp3
bridge-011;female;normal;Смотри, слоги умеют дружить! Собери слово по порядку: ЛА, ПА.;"Мягкое приглашение; слоги не сливать при перечислении.";materials/audio/incoming/ru/female/bridge-011-normal.wav;public/audio/ru/female/bridge-011-normal.mp3
bridge-011;male;normal;Смотри, слоги умеют дружить! Собери слово по порядку: ЛА, ПА.;"Мягкое приглашение; слоги не сливать при перечислении.";materials/audio/incoming/ru/male/bridge-011-normal.wav;public/audio/ru/male/bridge-011-normal.mp3
bridge-result-011;female;normal;ЛАПА! У кота мягкая лапа.;Тёплое завершение без громкого восторга.;materials/audio/incoming/ru/female/bridge-result-011-normal.wav;public/audio/ru/female/bridge-result-011-normal.mp3
bridge-result-011;male;normal;ЛАПА! У кота мягкая лапа.;Тёплое завершение без громкого восторга.;materials/audio/incoming/ru/male/bridge-result-011-normal.wav;public/audio/ru/male/bridge-result-011-normal.mp3
topic-call-mum-title;female;normal;Мама! Ау!;Заголовок отдельным файлом.;materials/audio/incoming/ru/female/topic-call-mum-title-normal.wav;public/audio/ru/female/topic-call-mum-title-normal.mp3
topic-call-mum-title;male;normal;Мама! Ау!;Заголовок отдельным файлом.;materials/audio/incoming/ru/male/topic-call-mum-title-normal.wav;public/audio/ru/male/topic-call-mum-title-normal.mp3
topic-call-mum-full;female;normal;Мама! Ау!;"Ровное смысловое чтение; финальную точку завершить. «Ау» — зов без крика; ответ чуть мягче. Тире в начале реплики не произносить.";materials/audio/incoming/ru/female/topic-call-mum-full-normal.wav;public/audio/ru/female/topic-call-mum-full-normal.mp3
topic-call-mum-full;female;slow;Мама! Ау!;"Ровное смысловое чтение; финальную точку завершить. «Ау» — зов без крика; ответ чуть мягче. Тире в начале реплики не произносить.";materials/audio/incoming/ru/female/topic-call-mum-full-slow.wav;public/audio/ru/female/topic-call-mum-full-slow.mp3
topic-call-mum-full;male;normal;Мама! Ау!;"Ровное смысловое чтение; финальную точку завершить. «Ау» — зов без крика; ответ чуть мягче. Тире в начале реплики не произносить.";materials/audio/incoming/ru/male/topic-call-mum-full-normal.wav;public/audio/ru/male/topic-call-mum-full-normal.mp3
topic-call-mum-full;male;slow;Мама! Ау!;"Ровное смысловое чтение; финальную точку завершить. «Ау» — зов без крика; ответ чуть мягче. Тире в начале реплики не произносить.";materials/audio/incoming/ru/male/topic-call-mum-full-slow.wav;public/audio/ru/male/topic-call-mum-full-slow.mp3
topic-call-mum-line-01;female;normal;Мама! Ау!;"Ровное смысловое чтение; финальную точку завершить. «Ау» — зов без крика; ответ чуть мягче. Тире в начале реплики не произносить.";materials/audio/incoming/ru/female/topic-call-mum-line-01-normal.wav;public/audio/ru/female/topic-call-mum-line-01-normal.mp3
topic-call-mum-line-01;female;slow;Мама! Ау!;"Ровное смысловое чтение; финальную точку завершить. «Ау» — зов без крика; ответ чуть мягче. Тире в начале реплики не произносить.";materials/audio/incoming/ru/female/topic-call-mum-line-01-slow.wav;public/audio/ru/female/topic-call-mum-line-01-slow.mp3
topic-call-mum-line-01;male;normal;Мама! Ау!;"Ровное смысловое чтение; финальную точку завершить. «Ау» — зов без крика; ответ чуть мягче. Тире в начале реплики не произносить.";materials/audio/incoming/ru/male/topic-call-mum-line-01-normal.wav;public/audio/ru/male/topic-call-mum-line-01-normal.mp3
topic-call-mum-line-01;male;slow;Мама! Ау!;"Ровное смысловое чтение; финальную точку завершить. «Ау» — зов без крика; ответ чуть мягче. Тире в начале реплики не произносить.";materials/audio/incoming/ru/male/topic-call-mum-line-01-slow.wav;public/audio/ru/male/topic-call-mum-line-01-slow.mp3
topic-call-mum-question;female;normal;Кого зовут?;Вопросительно, без подсказки правильного ответа.;materials/audio/incoming/ru/female/topic-call-mum-question-normal.wav;public/audio/ru/female/topic-call-mum-question-normal.mp3
topic-call-mum-question;male;normal;Кого зовут?;Вопросительно, без подсказки правильного ответа.;materials/audio/incoming/ru/male/topic-call-mum-question-normal.wav;public/audio/ru/male/topic-call-mum-question-normal.mp3
answer-001;female;normal;Мама;"Нейтрально; одинаковый тон у всех вариантов.";materials/audio/incoming/ru/female/answer-001-normal.wav;public/audio/ru/female/answer-001-normal.mp3
answer-001;male;normal;Мама;"Нейтрально; одинаковый тон у всех вариантов.";materials/audio/incoming/ru/male/answer-001-normal.wav;public/audio/ru/male/answer-001-normal.mp3
answer-002;female;normal;Ау;"Нейтрально; одинаковый тон у всех вариантов.";materials/audio/incoming/ru/female/answer-002-normal.wav;public/audio/ru/female/answer-002-normal.mp3
answer-002;male;normal;Ау;"Нейтрально; одинаковый тон у всех вариантов.";materials/audio/incoming/ru/male/answer-002-normal.wav;public/audio/ru/male/answer-002-normal.mp3
text-hint-001;female;normal;Послушай вопрос и перечитай строку.;Спокойная помощь, без раздражения.;materials/audio/incoming/ru/female/text-hint-001-normal.wav;public/audio/ru/female/text-hint-001-normal.mp3
text-hint-001;male;normal;Послушай вопрос и перечитай строку.;Спокойная помощь, без раздражения.;materials/audio/incoming/ru/male/text-hint-001-normal.wav;public/audio/ru/male/text-hint-001-normal.mp3
topic-mum-call-title;female;normal;Ау, мама!;Заголовок отдельным файлом.;materials/audio/incoming/ru/female/topic-mum-call-title-normal.wav;public/audio/ru/female/topic-mum-call-title-normal.mp3
topic-mum-call-title;male;normal;Ау, мама!;Заголовок отдельным файлом.;materials/audio/incoming/ru/male/topic-mum-call-title-normal.wav;public/audio/ru/male/topic-mum-call-title-normal.mp3
topic-mum-call-full;female;normal;Ау, мама!;"Ровное смысловое чтение; финальную точку завершить. «Ау» — зов без крика; ответ чуть мягче. Тире в начале реплики не произносить.";materials/audio/incoming/ru/female/topic-mum-call-full-normal.wav;public/audio/ru/female/topic-mum-call-full-normal.mp3
topic-mum-call-full;female;slow;Ау, мама!;"Ровное смысловое чтение; финальную точку завершить. «Ау» — зов без крика; ответ чуть мягче. Тире в начале реплики не произносить.";materials/audio/incoming/ru/female/topic-mum-call-full-slow.wav;public/audio/ru/female/topic-mum-call-full-slow.mp3
topic-mum-call-full;male;normal;Ау, мама!;"Ровное смысловое чтение; финальную точку завершить. «Ау» — зов без крика; ответ чуть мягче. Тире в начале реплики не произносить.";materials/audio/incoming/ru/male/topic-mum-call-full-normal.wav;public/audio/ru/male/topic-mum-call-full-normal.mp3
topic-mum-call-full;male;slow;Ау, мама!;"Ровное смысловое чтение; финальную точку завершить. «Ау» — зов без крика; ответ чуть мягче. Тире в начале реплики не произносить.";materials/audio/incoming/ru/male/topic-mum-call-full-slow.wav;public/audio/ru/male/topic-mum-call-full-slow.mp3
topic-mum-call-line-01;female;normal;Ау, мама!;"Ровное смысловое чтение; финальную точку завершить. «Ау» — зов без крика; ответ чуть мягче. Тире в начале реплики не произносить.";materials/audio/incoming/ru/female/topic-mum-call-line-01-normal.wav;public/audio/ru/female/topic-mum-call-line-01-normal.mp3
topic-mum-call-line-01;female;slow;Ау, мама!;"Ровное смысловое чтение; финальную точку завершить. «Ау» — зов без крика; ответ чуть мягче. Тире в начале реплики не произносить.";materials/audio/incoming/ru/female/topic-mum-call-line-01-slow.wav;public/audio/ru/female/topic-mum-call-line-01-slow.mp3
topic-mum-call-line-01;male;normal;Ау, мама!;"Ровное смысловое чтение; финальную точку завершить. «Ау» — зов без крика; ответ чуть мягче. Тире в начале реплики не произносить.";materials/audio/incoming/ru/male/topic-mum-call-line-01-normal.wav;public/audio/ru/male/topic-mum-call-line-01-normal.mp3
topic-mum-call-line-01;male;slow;Ау, мама!;"Ровное смысловое чтение; финальную точку завершить. «Ау» — зов без крика; ответ чуть мягче. Тире в начале реплики не произносить.";materials/audio/incoming/ru/male/topic-mum-call-line-01-slow.wav;public/audio/ru/male/topic-mum-call-line-01-slow.mp3
topic-mum-call-question;female;normal;Как зовут маму?;Вопросительно, без подсказки правильного ответа.;materials/audio/incoming/ru/female/topic-mum-call-question-normal.wav;public/audio/ru/female/topic-mum-call-question-normal.mp3
topic-mum-call-question;male;normal;Как зовут маму?;Вопросительно, без подсказки правильного ответа.;materials/audio/incoming/ru/male/topic-mum-call-question-normal.wav;public/audio/ru/male/topic-mum-call-question-normal.mp3
answer-003;female;normal;Му;"Нейтрально; одинаковый тон у всех вариантов.";materials/audio/incoming/ru/female/answer-003-normal.wav;public/audio/ru/female/answer-003-normal.mp3
answer-003;male;normal;Му;"Нейтрально; одинаковый тон у всех вариантов.";materials/audio/incoming/ru/male/answer-003-normal.wav;public/audio/ru/male/answer-003-normal.mp3
topic-mum-home-title;female;normal;Мама дома.;Заголовок отдельным файлом.;materials/audio/incoming/ru/female/topic-mum-home-title-normal.wav;public/audio/ru/female/topic-mum-home-title-normal.mp3
topic-mum-home-title;male;normal;Мама дома.;Заголовок отдельным файлом.;materials/audio/incoming/ru/male/topic-mum-home-title-normal.wav;public/audio/ru/male/topic-mum-home-title-normal.mp3
topic-mum-home-full;female;normal;Мама дома.;"Ровное смысловое чтение; финальную точку завершить.";materials/audio/incoming/ru/female/topic-mum-home-full-normal.wav;public/audio/ru/female/topic-mum-home-full-normal.mp3
topic-mum-home-full;female;slow;Мама дома.;"Ровное смысловое чтение; финальную точку завершить.";materials/audio/incoming/ru/female/topic-mum-home-full-slow.wav;public/audio/ru/female/topic-mum-home-full-slow.mp3
topic-mum-home-full;male;normal;Мама дома.;"Ровное смысловое чтение; финальную точку завершить.";materials/audio/incoming/ru/male/topic-mum-home-full-normal.wav;public/audio/ru/male/topic-mum-home-full-normal.mp3
topic-mum-home-full;male;slow;Мама дома.;"Ровное смысловое чтение; финальную точку завершить.";materials/audio/incoming/ru/male/topic-mum-home-full-slow.wav;public/audio/ru/male/topic-mum-home-full-slow.mp3
topic-mum-home-line-01;female;normal;Мама дома.;"Ровное смысловое чтение; финальную точку завершить.";materials/audio/incoming/ru/female/topic-mum-home-line-01-normal.wav;public/audio/ru/female/topic-mum-home-line-01-normal.mp3
topic-mum-home-line-01;female;slow;Мама дома.;"Ровное смысловое чтение; финальную точку завершить.";materials/audio/incoming/ru/female/topic-mum-home-line-01-slow.wav;public/audio/ru/female/topic-mum-home-line-01-slow.mp3
topic-mum-home-line-01;male;normal;Мама дома.;"Ровное смысловое чтение; финальную точку завершить.";materials/audio/incoming/ru/male/topic-mum-home-line-01-normal.wav;public/audio/ru/male/topic-mum-home-line-01-normal.mp3
topic-mum-home-line-01;male;slow;Мама дома.;"Ровное смысловое чтение; финальную точку завершить.";materials/audio/incoming/ru/male/topic-mum-home-line-01-slow.wav;public/audio/ru/male/topic-mum-home-line-01-slow.mp3
topic-mum-home-question;female;normal;Кто дома?;Вопросительно, без подсказки правильного ответа.;materials/audio/incoming/ru/female/topic-mum-home-question-normal.wav;public/audio/ru/female/topic-mum-home-question-normal.mp3
topic-mum-home-question;male;normal;Кто дома?;Вопросительно, без подсказки правильного ответа.;materials/audio/incoming/ru/male/topic-mum-home-question-normal.wav;public/audio/ru/male/topic-mum-home-question-normal.mp3
answer-004;female;normal;Папа;"Нейтрально; одинаковый тон у всех вариантов.";materials/audio/incoming/ru/female/answer-004-normal.wav;public/audio/ru/female/answer-004-normal.mp3
answer-004;male;normal;Папа;"Нейтрально; одинаковый тон у всех вариантов.";materials/audio/incoming/ru/male/answer-004-normal.wav;public/audio/ru/male/answer-004-normal.mp3
topic-fly-title;female;normal;Муха! Ах!;Заголовок отдельным файлом.;materials/audio/incoming/ru/female/topic-fly-title-normal.wav;public/audio/ru/female/topic-fly-title-normal.mp3
topic-fly-title;male;normal;Муха! Ах!;Заголовок отдельным файлом.;materials/audio/incoming/ru/male/topic-fly-title-normal.wav;public/audio/ru/male/topic-fly-title-normal.mp3
topic-fly-full;female;normal;Муха! Ах!;"Ровное смысловое чтение; финальную точку завершить. «Ах» — лёгкое удивление. В строке «Мама: …» слово «Мама» произнести, затем короткая пауза перед репликой.";materials/audio/incoming/ru/female/topic-fly-full-normal.wav;public/audio/ru/female/topic-fly-full-normal.mp3
topic-fly-full;female;slow;Муха! Ах!;"Ровное смысловое чтение; финальную точку завершить. «Ах» — лёгкое удивление. В строке «Мама: …» слово «Мама» произнести, затем короткая пауза перед репликой.";materials/audio/incoming/ru/female/topic-fly-full-slow.wav;public/audio/ru/female/topic-fly-full-slow.mp3
topic-fly-full;male;normal;Муха! Ах!;"Ровное смысловое чтение; финальную точку завершить. «Ах» — лёгкое удивление. В строке «Мама: …» слово «Мама» произнести, затем короткая пауза перед репликой.";materials/audio/incoming/ru/male/topic-fly-full-normal.wav;public/audio/ru/male/topic-fly-full-normal.mp3
topic-fly-full;male;slow;Муха! Ах!;"Ровное смысловое чтение; финальную точку завершить. «Ах» — лёгкое удивление. В строке «Мама: …» слово «Мама» произнести, затем короткая пауза перед репликой.";materials/audio/incoming/ru/male/topic-fly-full-slow.wav;public/audio/ru/male/topic-fly-full-slow.mp3
topic-fly-line-01;female;normal;Муха! Ах!;"Ровное смысловое чтение; финальную точку завершить. «Ах» — лёгкое удивление. В строке «Мама: …» слово «Мама» произнести, затем короткая пауза перед репликой.";materials/audio/incoming/ru/female/topic-fly-line-01-normal.wav;public/audio/ru/female/topic-fly-line-01-normal.mp3
topic-fly-line-01;female;slow;Муха! Ах!;"Ровное смысловое чтение; финальную точку завершить. «Ах» — лёгкое удивление. В строке «Мама: …» слово «Мама» произнести, затем короткая пауза перед репликой.";materials/audio/incoming/ru/female/topic-fly-line-01-slow.wav;public/audio/ru/female/topic-fly-line-01-slow.mp3
topic-fly-line-01;male;normal;Муха! Ах!;"Ровное смысловое чтение; финальную точку завершить. «Ах» — лёгкое удивление. В строке «Мама: …» слово «Мама» произнести, затем короткая пауза перед репликой.";materials/audio/incoming/ru/male/topic-fly-line-01-normal.wav;public/audio/ru/male/topic-fly-line-01-normal.mp3
topic-fly-line-01;male;slow;Муха! Ах!;"Ровное смысловое чтение; финальную точку завершить. «Ах» — лёгкое удивление. В строке «Мама: …» слово «Мама» произнести, затем короткая пауза перед репликой.";materials/audio/incoming/ru/male/topic-fly-line-01-slow.wav;public/audio/ru/male/topic-fly-line-01-slow.mp3
topic-fly-question;female;normal;Кого увидели?;Вопросительно, без подсказки правильного ответа.;materials/audio/incoming/ru/female/topic-fly-question-normal.wav;public/audio/ru/female/topic-fly-question-normal.mp3
topic-fly-question;male;normal;Кого увидели?;Вопросительно, без подсказки правильного ответа.;materials/audio/incoming/ru/male/topic-fly-question-normal.wav;public/audio/ru/male/topic-fly-question-normal.mp3
answer-005;female;normal;Муха;"Нейтрально; одинаковый тон у всех вариантов.";materials/audio/incoming/ru/female/answer-005-normal.wav;public/audio/ru/female/answer-005-normal.mp3
answer-005;male;normal;Муха;"Нейтрально; одинаковый тон у всех вариантов.";materials/audio/incoming/ru/male/answer-005-normal.wav;public/audio/ru/male/answer-005-normal.mp3
topic-ear-title;female;normal;У мамы ухо.;Заголовок отдельным файлом.;materials/audio/incoming/ru/female/topic-ear-title-normal.wav;public/audio/ru/female/topic-ear-title-normal.mp3
topic-ear-title;male;normal;У мамы ухо.;Заголовок отдельным файлом.;materials/audio/incoming/ru/male/topic-ear-title-normal.wav;public/audio/ru/male/topic-ear-title-normal.mp3
topic-ear-full;female;normal;У мамы ухо.;"Ровное смысловое чтение; финальную точку завершить.";materials/audio/incoming/ru/female/topic-ear-full-normal.wav;public/audio/ru/female/topic-ear-full-normal.mp3
topic-ear-full;female;slow;У мамы ухо.;"Ровное смысловое чтение; финальную точку завершить.";materials/audio/incoming/ru/female/topic-ear-full-slow.wav;public/audio/ru/female/topic-ear-full-slow.mp3
topic-ear-full;male;normal;У мамы ухо.;"Ровное смысловое чтение; финальную точку завершить.";materials/audio/incoming/ru/male/topic-ear-full-normal.wav;public/audio/ru/male/topic-ear-full-normal.mp3
topic-ear-full;male;slow;У мамы ухо.;"Ровное смысловое чтение; финальную точку завершить.";materials/audio/incoming/ru/male/topic-ear-full-slow.wav;public/audio/ru/male/topic-ear-full-slow.mp3
topic-ear-line-01;female;normal;У мамы ухо.;"Ровное смысловое чтение; финальную точку завершить.";materials/audio/incoming/ru/female/topic-ear-line-01-normal.wav;public/audio/ru/female/topic-ear-line-01-normal.mp3
topic-ear-line-01;female;slow;У мамы ухо.;"Ровное смысловое чтение; финальную точку завершить.";materials/audio/incoming/ru/female/topic-ear-line-01-slow.wav;public/audio/ru/female/topic-ear-line-01-slow.mp3
topic-ear-line-01;male;normal;У мамы ухо.;"Ровное смысловое чтение; финальную точку завершить.";materials/audio/incoming/ru/male/topic-ear-line-01-normal.wav;public/audio/ru/male/topic-ear-line-01-normal.mp3
topic-ear-line-01;male;slow;У мамы ухо.;"Ровное смысловое чтение; финальную точку завершить.";materials/audio/incoming/ru/male/topic-ear-line-01-slow.wav;public/audio/ru/male/topic-ear-line-01-slow.mp3
topic-ear-question;female;normal;Что у мамы?;Вопросительно, без подсказки правильного ответа.;materials/audio/incoming/ru/female/topic-ear-question-normal.wav;public/audio/ru/female/topic-ear-question-normal.mp3
topic-ear-question;male;normal;Что у мамы?;Вопросительно, без подсказки правильного ответа.;materials/audio/incoming/ru/male/topic-ear-question-normal.wav;public/audio/ru/male/topic-ear-question-normal.mp3
answer-006;female;normal;Ухо;"Нейтрально; одинаковый тон у всех вариантов.";materials/audio/incoming/ru/female/answer-006-normal.wav;public/audio/ru/female/answer-006-normal.mp3
answer-006;male;normal;Ухо;"Нейтрально; одинаковый тон у всех вариантов.";materials/audio/incoming/ru/male/answer-006-normal.wav;public/audio/ru/male/answer-006-normal.mp3
answer-007;female;normal;Нос;"Нейтрально; одинаковый тон у всех вариантов.";materials/audio/incoming/ru/female/answer-007-normal.wav;public/audio/ru/female/answer-007-normal.mp3
answer-007;male;normal;Нос;"Нейтрально; одинаковый тон у всех вариантов.";materials/audio/incoming/ru/male/answer-007-normal.wav;public/audio/ru/male/answer-007-normal.mp3
topic-catfish-title;female;normal;У сома усы.;Заголовок отдельным файлом.;materials/audio/incoming/ru/female/topic-catfish-title-normal.wav;public/audio/ru/female/topic-catfish-title-normal.mp3
topic-catfish-title;male;normal;У сома усы.;Заголовок отдельным файлом.;materials/audio/incoming/ru/male/topic-catfish-title-normal.wav;public/audio/ru/male/topic-catfish-title-normal.mp3
topic-catfish-full;female;normal;У сома усы.;"Ровное смысловое чтение; финальную точку завершить.";materials/audio/incoming/ru/female/topic-catfish-full-normal.wav;public/audio/ru/female/topic-catfish-full-normal.mp3
topic-catfish-full;female;slow;У сома усы.;"Ровное смысловое чтение; финальную точку завершить.";materials/audio/incoming/ru/female/topic-catfish-full-slow.wav;public/audio/ru/female/topic-catfish-full-slow.mp3
topic-catfish-full;male;normal;У сома усы.;"Ровное смысловое чтение; финальную точку завершить.";materials/audio/incoming/ru/male/topic-catfish-full-normal.wav;public/audio/ru/male/topic-catfish-full-normal.mp3
topic-catfish-full;male;slow;У сома усы.;"Ровное смысловое чтение; финальную точку завершить.";materials/audio/incoming/ru/male/topic-catfish-full-slow.wav;public/audio/ru/male/topic-catfish-full-slow.mp3
topic-catfish-line-01;female;normal;У сома усы.;"Ровное смысловое чтение; финальную точку завершить.";materials/audio/incoming/ru/female/topic-catfish-line-01-normal.wav;public/audio/ru/female/topic-catfish-line-01-normal.mp3
topic-catfish-line-01;female;slow;У сома усы.;"Ровное смысловое чтение; финальную точку завершить.";materials/audio/incoming/ru/female/topic-catfish-line-01-slow.wav;public/audio/ru/female/topic-catfish-line-01-slow.mp3
topic-catfish-line-01;male;normal;У сома усы.;"Ровное смысловое чтение; финальную точку завершить.";materials/audio/incoming/ru/male/topic-catfish-line-01-normal.wav;public/audio/ru/male/topic-catfish-line-01-normal.mp3
topic-catfish-line-01;male;slow;У сома усы.;"Ровное смысловое чтение; финальную точку завершить.";materials/audio/incoming/ru/male/topic-catfish-line-01-slow.wav;public/audio/ru/male/topic-catfish-line-01-slow.mp3
topic-catfish-question;female;normal;Что у сома?;Вопросительно, без подсказки правильного ответа.;materials/audio/incoming/ru/female/topic-catfish-question-normal.wav;public/audio/ru/female/topic-catfish-question-normal.mp3
topic-catfish-question;male;normal;Что у сома?;Вопросительно, без подсказки правильного ответа.;materials/audio/incoming/ru/male/topic-catfish-question-normal.wav;public/audio/ru/male/topic-catfish-question-normal.mp3
answer-008;female;normal;Усы;"Нейтрально; одинаковый тон у всех вариантов.";materials/audio/incoming/ru/female/answer-008-normal.wav;public/audio/ru/female/answer-008-normal.mp3
answer-008;male;normal;Усы;"Нейтрально; одинаковый тон у всех вариантов.";materials/audio/incoming/ru/male/answer-008-normal.wav;public/audio/ru/male/answer-008-normal.mp3
topic-wasp-title;female;normal;Оса у мха.;Заголовок отдельным файлом.;materials/audio/incoming/ru/female/topic-wasp-title-normal.wav;public/audio/ru/female/topic-wasp-title-normal.mp3
topic-wasp-title;male;normal;Оса у мха.;Заголовок отдельным файлом.;materials/audio/incoming/ru/male/topic-wasp-title-normal.wav;public/audio/ru/male/topic-wasp-title-normal.mp3
topic-wasp-full;female;normal;Оса у мха.;"Ровное смысловое чтение; финальную точку завершить.";materials/audio/incoming/ru/female/topic-wasp-full-normal.wav;public/audio/ru/female/topic-wasp-full-normal.mp3
topic-wasp-full;female;slow;Оса у мха.;"Ровное смысловое чтение; финальную точку завершить.";materials/audio/incoming/ru/female/topic-wasp-full-slow.wav;public/audio/ru/female/topic-wasp-full-slow.mp3
topic-wasp-full;male;normal;Оса у мха.;"Ровное смысловое чтение; финальную точку завершить.";materials/audio/incoming/ru/male/topic-wasp-full-normal.wav;public/audio/ru/male/topic-wasp-full-normal.mp3
topic-wasp-full;male;slow;Оса у мха.;"Ровное смысловое чтение; финальную точку завершить.";materials/audio/incoming/ru/male/topic-wasp-full-slow.wav;public/audio/ru/male/topic-wasp-full-slow.mp3
topic-wasp-line-01;female;normal;Оса у мха.;"Ровное смысловое чтение; финальную точку завершить.";materials/audio/incoming/ru/female/topic-wasp-line-01-normal.wav;public/audio/ru/female/topic-wasp-line-01-normal.mp3
topic-wasp-line-01;female;slow;Оса у мха.;"Ровное смысловое чтение; финальную точку завершить.";materials/audio/incoming/ru/female/topic-wasp-line-01-slow.wav;public/audio/ru/female/topic-wasp-line-01-slow.mp3
topic-wasp-line-01;male;normal;Оса у мха.;"Ровное смысловое чтение; финальную точку завершить.";materials/audio/incoming/ru/male/topic-wasp-line-01-normal.wav;public/audio/ru/male/topic-wasp-line-01-normal.mp3
topic-wasp-line-01;male;slow;Оса у мха.;"Ровное смысловое чтение; финальную точку завершить.";materials/audio/incoming/ru/male/topic-wasp-line-01-slow.wav;public/audio/ru/male/topic-wasp-line-01-slow.mp3
topic-wasp-question;female;normal;Кто у мха?;Вопросительно, без подсказки правильного ответа.;materials/audio/incoming/ru/female/topic-wasp-question-normal.wav;public/audio/ru/female/topic-wasp-question-normal.mp3
topic-wasp-question;male;normal;Кто у мха?;Вопросительно, без подсказки правильного ответа.;materials/audio/incoming/ru/male/topic-wasp-question-normal.wav;public/audio/ru/male/topic-wasp-question-normal.mp3
answer-009;female;normal;Оса;"Нейтрально; одинаковый тон у всех вариантов.";materials/audio/incoming/ru/female/answer-009-normal.wav;public/audio/ru/female/answer-009-normal.mp3
answer-009;male;normal;Оса;"Нейтрально; одинаковый тон у всех вариантов.";materials/audio/incoming/ru/male/answer-009-normal.wav;public/audio/ru/male/answer-009-normal.mp3
answer-010;female;normal;Сом;"Нейтрально; одинаковый тон у всех вариантов.";materials/audio/incoming/ru/female/answer-010-normal.wav;public/audio/ru/female/answer-010-normal.mp3
answer-010;male;normal;Сом;"Нейтрально; одинаковый тон у всех вариантов.";materials/audio/incoming/ru/male/answer-010-normal.wav;public/audio/ru/male/answer-010-normal.mp3
topic-pine-title;female;normal;У сосны мох.;Заголовок отдельным файлом.;materials/audio/incoming/ru/female/topic-pine-title-normal.wav;public/audio/ru/female/topic-pine-title-normal.mp3
topic-pine-title;male;normal;У сосны мох.;Заголовок отдельным файлом.;materials/audio/incoming/ru/male/topic-pine-title-normal.wav;public/audio/ru/male/topic-pine-title-normal.mp3
topic-pine-full;female;normal;У сосны мох.;"Ровное смысловое чтение; финальную точку завершить.";materials/audio/incoming/ru/female/topic-pine-full-normal.wav;public/audio/ru/female/topic-pine-full-normal.mp3
topic-pine-full;female;slow;У сосны мох.;"Ровное смысловое чтение; финальную точку завершить.";materials/audio/incoming/ru/female/topic-pine-full-slow.wav;public/audio/ru/female/topic-pine-full-slow.mp3
topic-pine-full;male;normal;У сосны мох.;"Ровное смысловое чтение; финальную точку завершить.";materials/audio/incoming/ru/male/topic-pine-full-normal.wav;public/audio/ru/male/topic-pine-full-normal.mp3
topic-pine-full;male;slow;У сосны мох.;"Ровное смысловое чтение; финальную точку завершить.";materials/audio/incoming/ru/male/topic-pine-full-slow.wav;public/audio/ru/male/topic-pine-full-slow.mp3
topic-pine-line-01;female;normal;У сосны мох.;"Ровное смысловое чтение; финальную точку завершить.";materials/audio/incoming/ru/female/topic-pine-line-01-normal.wav;public/audio/ru/female/topic-pine-line-01-normal.mp3
topic-pine-line-01;female;slow;У сосны мох.;"Ровное смысловое чтение; финальную точку завершить.";materials/audio/incoming/ru/female/topic-pine-line-01-slow.wav;public/audio/ru/female/topic-pine-line-01-slow.mp3
topic-pine-line-01;male;normal;У сосны мох.;"Ровное смысловое чтение; финальную точку завершить.";materials/audio/incoming/ru/male/topic-pine-line-01-normal.wav;public/audio/ru/male/topic-pine-line-01-normal.mp3
topic-pine-line-01;male;slow;У сосны мох.;"Ровное смысловое чтение; финальную точку завершить.";materials/audio/incoming/ru/male/topic-pine-line-01-slow.wav;public/audio/ru/male/topic-pine-line-01-slow.mp3
topic-pine-question;female;normal;Что у сосны?;Вопросительно, без подсказки правильного ответа.;materials/audio/incoming/ru/female/topic-pine-question-normal.wav;public/audio/ru/female/topic-pine-question-normal.mp3
topic-pine-question;male;normal;Что у сосны?;Вопросительно, без подсказки правильного ответа.;materials/audio/incoming/ru/male/topic-pine-question-normal.wav;public/audio/ru/male/topic-pine-question-normal.mp3
answer-011;female;normal;Мох;"Нейтрально; одинаковый тон у всех вариантов.";materials/audio/incoming/ru/female/answer-011-normal.wav;public/audio/ru/female/answer-011-normal.mp3
answer-011;male;normal;Мох;"Нейтрально; одинаковый тон у всех вариантов.";materials/audio/incoming/ru/male/answer-011-normal.wav;public/audio/ru/male/answer-011-normal.mp3
topic-moon-title;female;normal;Луна мала.;Заголовок отдельным файлом.;materials/audio/incoming/ru/female/topic-moon-title-normal.wav;public/audio/ru/female/topic-moon-title-normal.mp3
topic-moon-title;male;normal;Луна мала.;Заголовок отдельным файлом.;materials/audio/incoming/ru/male/topic-moon-title-normal.wav;public/audio/ru/male/topic-moon-title-normal.mp3
topic-moon-full;female;normal;Луна мала.;"Ровное смысловое чтение; финальную точку завершить.";materials/audio/incoming/ru/female/topic-moon-full-normal.wav;public/audio/ru/female/topic-moon-full-normal.mp3
topic-moon-full;female;slow;Луна мала.;"Ровное смысловое чтение; финальную точку завершить.";materials/audio/incoming/ru/female/topic-moon-full-slow.wav;public/audio/ru/female/topic-moon-full-slow.mp3
topic-moon-full;male;normal;Луна мала.;"Ровное смысловое чтение; финальную точку завершить.";materials/audio/incoming/ru/male/topic-moon-full-normal.wav;public/audio/ru/male/topic-moon-full-normal.mp3
topic-moon-full;male;slow;Луна мала.;"Ровное смысловое чтение; финальную точку завершить.";materials/audio/incoming/ru/male/topic-moon-full-slow.wav;public/audio/ru/male/topic-moon-full-slow.mp3
topic-moon-line-01;female;normal;Луна мала.;"Ровное смысловое чтение; финальную точку завершить.";materials/audio/incoming/ru/female/topic-moon-line-01-normal.wav;public/audio/ru/female/topic-moon-line-01-normal.mp3
topic-moon-line-01;female;slow;Луна мала.;"Ровное смысловое чтение; финальную точку завершить.";materials/audio/incoming/ru/female/topic-moon-line-01-slow.wav;public/audio/ru/female/topic-moon-line-01-slow.mp3
topic-moon-line-01;male;normal;Луна мала.;"Ровное смысловое чтение; финальную точку завершить.";materials/audio/incoming/ru/male/topic-moon-line-01-normal.wav;public/audio/ru/male/topic-moon-line-01-normal.mp3
topic-moon-line-01;male;slow;Луна мала.;"Ровное смысловое чтение; финальную точку завершить.";materials/audio/incoming/ru/male/topic-moon-line-01-slow.wav;public/audio/ru/male/topic-moon-line-01-slow.mp3
topic-moon-question;female;normal;Что мало?;Вопросительно, без подсказки правильного ответа.;materials/audio/incoming/ru/female/topic-moon-question-normal.wav;public/audio/ru/female/topic-moon-question-normal.mp3
topic-moon-question;male;normal;Что мало?;Вопросительно, без подсказки правильного ответа.;materials/audio/incoming/ru/male/topic-moon-question-normal.wav;public/audio/ru/male/topic-moon-question-normal.mp3
answer-012;female;normal;Луна;"Нейтрально; одинаковый тон у всех вариантов.";materials/audio/incoming/ru/female/answer-012-normal.wav;public/audio/ru/female/answer-012-normal.mp3
answer-012;male;normal;Луна;"Нейтрально; одинаковый тон у всех вариантов.";materials/audio/incoming/ru/male/answer-012-normal.wav;public/audio/ru/male/answer-012-normal.mp3
topic-elephant-title;female;normal;Слон у сосны.;Заголовок отдельным файлом.;materials/audio/incoming/ru/female/topic-elephant-title-normal.wav;public/audio/ru/female/topic-elephant-title-normal.mp3
topic-elephant-title;male;normal;Слон у сосны.;Заголовок отдельным файлом.;materials/audio/incoming/ru/male/topic-elephant-title-normal.wav;public/audio/ru/male/topic-elephant-title-normal.mp3
topic-elephant-full;female;normal;Слон у сосны.;"Ровное смысловое чтение; финальную точку завершить.";materials/audio/incoming/ru/female/topic-elephant-full-normal.wav;public/audio/ru/female/topic-elephant-full-normal.mp3
topic-elephant-full;female;slow;Слон у сосны.;"Ровное смысловое чтение; финальную точку завершить.";materials/audio/incoming/ru/female/topic-elephant-full-slow.wav;public/audio/ru/female/topic-elephant-full-slow.mp3
topic-elephant-full;male;normal;Слон у сосны.;"Ровное смысловое чтение; финальную точку завершить.";materials/audio/incoming/ru/male/topic-elephant-full-normal.wav;public/audio/ru/male/topic-elephant-full-normal.mp3
topic-elephant-full;male;slow;Слон у сосны.;"Ровное смысловое чтение; финальную точку завершить.";materials/audio/incoming/ru/male/topic-elephant-full-slow.wav;public/audio/ru/male/topic-elephant-full-slow.mp3
topic-elephant-line-01;female;normal;Слон у сосны.;"Ровное смысловое чтение; финальную точку завершить.";materials/audio/incoming/ru/female/topic-elephant-line-01-normal.wav;public/audio/ru/female/topic-elephant-line-01-normal.mp3
topic-elephant-line-01;female;slow;Слон у сосны.;"Ровное смысловое чтение; финальную точку завершить.";materials/audio/incoming/ru/female/topic-elephant-line-01-slow.wav;public/audio/ru/female/topic-elephant-line-01-slow.mp3
topic-elephant-line-01;male;normal;Слон у сосны.;"Ровное смысловое чтение; финальную точку завершить.";materials/audio/incoming/ru/male/topic-elephant-line-01-normal.wav;public/audio/ru/male/topic-elephant-line-01-normal.mp3
topic-elephant-line-01;male;slow;Слон у сосны.;"Ровное смысловое чтение; финальную точку завершить.";materials/audio/incoming/ru/male/topic-elephant-line-01-slow.wav;public/audio/ru/male/topic-elephant-line-01-slow.mp3
topic-elephant-question;female;normal;Кто у сосны?;Вопросительно, без подсказки правильного ответа.;materials/audio/incoming/ru/female/topic-elephant-question-normal.wav;public/audio/ru/female/topic-elephant-question-normal.mp3
topic-elephant-question;male;normal;Кто у сосны?;Вопросительно, без подсказки правильного ответа.;materials/audio/incoming/ru/male/topic-elephant-question-normal.wav;public/audio/ru/male/topic-elephant-question-normal.mp3
answer-013;female;normal;Слон;"Нейтрально; одинаковый тон у всех вариантов.";materials/audio/incoming/ru/female/answer-013-normal.wav;public/audio/ru/female/answer-013-normal.mp3
answer-013;male;normal;Слон;"Нейтрально; одинаковый тон у всех вариантов.";materials/audio/incoming/ru/male/answer-013-normal.wav;public/audio/ru/male/answer-013-normal.mp3
topic-mum-frame-title;female;normal;Мама мыла раму.;Заголовок отдельным файлом.;materials/audio/incoming/ru/female/topic-mum-frame-title-normal.wav;public/audio/ru/female/topic-mum-frame-title-normal.mp3
topic-mum-frame-title;male;normal;Мама мыла раму.;Заголовок отдельным файлом.;materials/audio/incoming/ru/male/topic-mum-frame-title-normal.wav;public/audio/ru/male/topic-mum-frame-title-normal.mp3
topic-mum-frame-full;female;normal;Мама мыла раму.;"Ровное смысловое чтение; финальную точку завершить.";materials/audio/incoming/ru/female/topic-mum-frame-full-normal.wav;public/audio/ru/female/topic-mum-frame-full-normal.mp3
topic-mum-frame-full;female;slow;Мама мыла раму.;"Ровное смысловое чтение; финальную точку завершить.";materials/audio/incoming/ru/female/topic-mum-frame-full-slow.wav;public/audio/ru/female/topic-mum-frame-full-slow.mp3
topic-mum-frame-full;male;normal;Мама мыла раму.;"Ровное смысловое чтение; финальную точку завершить.";materials/audio/incoming/ru/male/topic-mum-frame-full-normal.wav;public/audio/ru/male/topic-mum-frame-full-normal.mp3
topic-mum-frame-full;male;slow;Мама мыла раму.;"Ровное смысловое чтение; финальную точку завершить.";materials/audio/incoming/ru/male/topic-mum-frame-full-slow.wav;public/audio/ru/male/topic-mum-frame-full-slow.mp3
topic-mum-frame-line-01;female;normal;Мама мыла раму.;"Ровное смысловое чтение; финальную точку завершить.";materials/audio/incoming/ru/female/topic-mum-frame-line-01-normal.wav;public/audio/ru/female/topic-mum-frame-line-01-normal.mp3
topic-mum-frame-line-01;female;slow;Мама мыла раму.;"Ровное смысловое чтение; финальную точку завершить.";materials/audio/incoming/ru/female/topic-mum-frame-line-01-slow.wav;public/audio/ru/female/topic-mum-frame-line-01-slow.mp3
topic-mum-frame-line-01;male;normal;Мама мыла раму.;"Ровное смысловое чтение; финальную точку завершить.";materials/audio/incoming/ru/male/topic-mum-frame-line-01-normal.wav;public/audio/ru/male/topic-mum-frame-line-01-normal.mp3
topic-mum-frame-line-01;male;slow;Мама мыла раму.;"Ровное смысловое чтение; финальную точку завершить.";materials/audio/incoming/ru/male/topic-mum-frame-line-01-slow.wav;public/audio/ru/male/topic-mum-frame-line-01-slow.mp3
topic-mum-frame-question;female;normal;Что мыла мама?;Вопросительно, без подсказки правильного ответа.;materials/audio/incoming/ru/female/topic-mum-frame-question-normal.wav;public/audio/ru/female/topic-mum-frame-question-normal.mp3
topic-mum-frame-question;male;normal;Что мыла мама?;Вопросительно, без подсказки правильного ответа.;materials/audio/incoming/ru/male/topic-mum-frame-question-normal.wav;public/audio/ru/male/topic-mum-frame-question-normal.mp3
answer-014;female;normal;Раму;"Нейтрально; одинаковый тон у всех вариантов.";materials/audio/incoming/ru/female/answer-014-normal.wav;public/audio/ru/female/answer-014-normal.mp3
answer-014;male;normal;Раму;"Нейтрально; одинаковый тон у всех вариантов.";materials/audio/incoming/ru/male/answer-014-normal.wav;public/audio/ru/male/answer-014-normal.mp3
answer-015;female;normal;Луну;"Нейтрально; одинаковый тон у всех вариантов.";materials/audio/incoming/ru/female/answer-015-normal.wav;public/audio/ru/female/answer-015-normal.mp3
answer-015;male;normal;Луну;"Нейтрально; одинаковый тон у всех вариантов.";materials/audio/incoming/ru/male/answer-015-normal.wav;public/audio/ru/male/answer-015-normal.mp3
topic-dew-title;female;normal;У сосны роса.;Заголовок отдельным файлом.;materials/audio/incoming/ru/female/topic-dew-title-normal.wav;public/audio/ru/female/topic-dew-title-normal.mp3
topic-dew-title;male;normal;У сосны роса.;Заголовок отдельным файлом.;materials/audio/incoming/ru/male/topic-dew-title-normal.wav;public/audio/ru/male/topic-dew-title-normal.mp3
topic-dew-full;female;normal;У сосны роса.;"Ровное смысловое чтение; финальную точку завершить.";materials/audio/incoming/ru/female/topic-dew-full-normal.wav;public/audio/ru/female/topic-dew-full-normal.mp3
topic-dew-full;female;slow;У сосны роса.;"Ровное смысловое чтение; финальную точку завершить.";materials/audio/incoming/ru/female/topic-dew-full-slow.wav;public/audio/ru/female/topic-dew-full-slow.mp3
topic-dew-full;male;normal;У сосны роса.;"Ровное смысловое чтение; финальную точку завершить.";materials/audio/incoming/ru/male/topic-dew-full-normal.wav;public/audio/ru/male/topic-dew-full-normal.mp3
topic-dew-full;male;slow;У сосны роса.;"Ровное смысловое чтение; финальную точку завершить.";materials/audio/incoming/ru/male/topic-dew-full-slow.wav;public/audio/ru/male/topic-dew-full-slow.mp3
topic-dew-line-01;female;normal;У сосны роса.;"Ровное смысловое чтение; финальную точку завершить.";materials/audio/incoming/ru/female/topic-dew-line-01-normal.wav;public/audio/ru/female/topic-dew-line-01-normal.mp3
topic-dew-line-01;female;slow;У сосны роса.;"Ровное смысловое чтение; финальную точку завершить.";materials/audio/incoming/ru/female/topic-dew-line-01-slow.wav;public/audio/ru/female/topic-dew-line-01-slow.mp3
topic-dew-line-01;male;normal;У сосны роса.;"Ровное смысловое чтение; финальную точку завершить.";materials/audio/incoming/ru/male/topic-dew-line-01-normal.wav;public/audio/ru/male/topic-dew-line-01-normal.mp3
topic-dew-line-01;male;slow;У сосны роса.;"Ровное смысловое чтение; финальную точку завершить.";materials/audio/incoming/ru/male/topic-dew-line-01-slow.wav;public/audio/ru/male/topic-dew-line-01-slow.mp3
topic-dew-question;female;normal;Что у сосны?;Вопросительно, без подсказки правильного ответа.;materials/audio/incoming/ru/female/topic-dew-question-normal.wav;public/audio/ru/female/topic-dew-question-normal.mp3
topic-dew-question;male;normal;Что у сосны?;Вопросительно, без подсказки правильного ответа.;materials/audio/incoming/ru/male/topic-dew-question-normal.wav;public/audio/ru/male/topic-dew-question-normal.mp3
answer-016;female;normal;Роса;"Нейтрально; одинаковый тон у всех вариантов.";materials/audio/incoming/ru/female/answer-016-normal.wav;public/audio/ru/female/answer-016-normal.mp3
answer-016;male;normal;Роса;"Нейтрально; одинаковый тон у всех вариантов.";materials/audio/incoming/ru/male/answer-016-normal.wav;public/audio/ru/male/answer-016-normal.mp3
answer-017;female;normal;Сыр;"Нейтрально; одинаковый тон у всех вариантов.";materials/audio/incoming/ru/female/answer-017-normal.wav;public/audio/ru/female/answer-017-normal.mp3
answer-017;male;normal;Сыр;"Нейтрально; одинаковый тон у всех вариантов.";materials/audio/incoming/ru/male/answer-017-normal.wav;public/audio/ru/male/answer-017-normal.mp3
topic-poppy-title;female;normal;У мамы мак.;Заголовок отдельным файлом.;materials/audio/incoming/ru/female/topic-poppy-title-normal.wav;public/audio/ru/female/topic-poppy-title-normal.mp3
topic-poppy-title;male;normal;У мамы мак.;Заголовок отдельным файлом.;materials/audio/incoming/ru/male/topic-poppy-title-normal.wav;public/audio/ru/male/topic-poppy-title-normal.mp3
topic-poppy-full;female;normal;У мамы мак.;"Ровное смысловое чтение; финальную точку завершить.";materials/audio/incoming/ru/female/topic-poppy-full-normal.wav;public/audio/ru/female/topic-poppy-full-normal.mp3
topic-poppy-full;female;slow;У мамы мак.;"Ровное смысловое чтение; финальную точку завершить.";materials/audio/incoming/ru/female/topic-poppy-full-slow.wav;public/audio/ru/female/topic-poppy-full-slow.mp3
topic-poppy-full;male;normal;У мамы мак.;"Ровное смысловое чтение; финальную точку завершить.";materials/audio/incoming/ru/male/topic-poppy-full-normal.wav;public/audio/ru/male/topic-poppy-full-normal.mp3
topic-poppy-full;male;slow;У мамы мак.;"Ровное смысловое чтение; финальную точку завершить.";materials/audio/incoming/ru/male/topic-poppy-full-slow.wav;public/audio/ru/male/topic-poppy-full-slow.mp3
topic-poppy-line-01;female;normal;У мамы мак.;"Ровное смысловое чтение; финальную точку завершить.";materials/audio/incoming/ru/female/topic-poppy-line-01-normal.wav;public/audio/ru/female/topic-poppy-line-01-normal.mp3
topic-poppy-line-01;female;slow;У мамы мак.;"Ровное смысловое чтение; финальную точку завершить.";materials/audio/incoming/ru/female/topic-poppy-line-01-slow.wav;public/audio/ru/female/topic-poppy-line-01-slow.mp3
topic-poppy-line-01;male;normal;У мамы мак.;"Ровное смысловое чтение; финальную точку завершить.";materials/audio/incoming/ru/male/topic-poppy-line-01-normal.wav;public/audio/ru/male/topic-poppy-line-01-normal.mp3
topic-poppy-line-01;male;slow;У мамы мак.;"Ровное смысловое чтение; финальную точку завершить.";materials/audio/incoming/ru/male/topic-poppy-line-01-slow.wav;public/audio/ru/male/topic-poppy-line-01-slow.mp3
topic-poppy-question;female;normal;Что у мамы?;Вопросительно, без подсказки правильного ответа.;materials/audio/incoming/ru/female/topic-poppy-question-normal.wav;public/audio/ru/female/topic-poppy-question-normal.mp3
topic-poppy-question;male;normal;Что у мамы?;Вопросительно, без подсказки правильного ответа.;materials/audio/incoming/ru/male/topic-poppy-question-normal.wav;public/audio/ru/male/topic-poppy-question-normal.mp3
answer-018;female;normal;Мак;"Нейтрально; одинаковый тон у всех вариантов.";materials/audio/incoming/ru/female/answer-018-normal.wav;public/audio/ru/female/answer-018-normal.mp3
answer-018;male;normal;Мак;"Нейтрально; одинаковый тон у всех вариантов.";materials/audio/incoming/ru/male/answer-018-normal.wav;public/audio/ru/male/answer-018-normal.mp3
topic-onion-title;female;normal;Лук у окна.;Заголовок отдельным файлом.;materials/audio/incoming/ru/female/topic-onion-title-normal.wav;public/audio/ru/female/topic-onion-title-normal.mp3
topic-onion-title;male;normal;Лук у окна.;Заголовок отдельным файлом.;materials/audio/incoming/ru/male/topic-onion-title-normal.wav;public/audio/ru/male/topic-onion-title-normal.mp3
topic-onion-full;female;normal;Лук у окна.;"Ровное смысловое чтение; финальную точку завершить.";materials/audio/incoming/ru/female/topic-onion-full-normal.wav;public/audio/ru/female/topic-onion-full-normal.mp3
topic-onion-full;female;slow;Лук у окна.;"Ровное смысловое чтение; финальную точку завершить.";materials/audio/incoming/ru/female/topic-onion-full-slow.wav;public/audio/ru/female/topic-onion-full-slow.mp3
topic-onion-full;male;normal;Лук у окна.;"Ровное смысловое чтение; финальную точку завершить.";materials/audio/incoming/ru/male/topic-onion-full-normal.wav;public/audio/ru/male/topic-onion-full-normal.mp3
topic-onion-full;male;slow;Лук у окна.;"Ровное смысловое чтение; финальную точку завершить.";materials/audio/incoming/ru/male/topic-onion-full-slow.wav;public/audio/ru/male/topic-onion-full-slow.mp3
topic-onion-line-01;female;normal;Лук у окна.;"Ровное смысловое чтение; финальную точку завершить.";materials/audio/incoming/ru/female/topic-onion-line-01-normal.wav;public/audio/ru/female/topic-onion-line-01-normal.mp3
topic-onion-line-01;female;slow;Лук у окна.;"Ровное смысловое чтение; финальную точку завершить.";materials/audio/incoming/ru/female/topic-onion-line-01-slow.wav;public/audio/ru/female/topic-onion-line-01-slow.mp3
topic-onion-line-01;male;normal;Лук у окна.;"Ровное смысловое чтение; финальную точку завершить.";materials/audio/incoming/ru/male/topic-onion-line-01-normal.wav;public/audio/ru/male/topic-onion-line-01-normal.mp3
topic-onion-line-01;male;slow;Лук у окна.;"Ровное смысловое чтение; финальную точку завершить.";materials/audio/incoming/ru/male/topic-onion-line-01-slow.wav;public/audio/ru/male/topic-onion-line-01-slow.mp3
topic-onion-question;female;normal;Что у окна?;Вопросительно, без подсказки правильного ответа.;materials/audio/incoming/ru/female/topic-onion-question-normal.wav;public/audio/ru/female/topic-onion-question-normal.mp3
topic-onion-question;male;normal;Что у окна?;Вопросительно, без подсказки правильного ответа.;materials/audio/incoming/ru/male/topic-onion-question-normal.wav;public/audio/ru/male/topic-onion-question-normal.mp3
answer-019;female;normal;Лук;"Нейтрально; одинаковый тон у всех вариантов.";materials/audio/incoming/ru/female/answer-019-normal.wav;public/audio/ru/female/answer-019-normal.mp3
answer-019;male;normal;Лук;"Нейтрально; одинаковый тон у всех вариантов.";materials/audio/incoming/ru/male/answer-019-normal.wav;public/audio/ru/male/answer-019-normal.mp3
topic-cat-title;female;normal;Кот у окна.;Заголовок отдельным файлом.;materials/audio/incoming/ru/female/topic-cat-title-normal.wav;public/audio/ru/female/topic-cat-title-normal.mp3
topic-cat-title;male;normal;Кот у окна.;Заголовок отдельным файлом.;materials/audio/incoming/ru/male/topic-cat-title-normal.wav;public/audio/ru/male/topic-cat-title-normal.mp3
topic-cat-full;female;normal;Кот у окна.;"Ровное смысловое чтение; финальную точку завершить.";materials/audio/incoming/ru/female/topic-cat-full-normal.wav;public/audio/ru/female/topic-cat-full-normal.mp3
topic-cat-full;female;slow;Кот у окна.;"Ровное смысловое чтение; финальную точку завершить.";materials/audio/incoming/ru/female/topic-cat-full-slow.wav;public/audio/ru/female/topic-cat-full-slow.mp3
topic-cat-full;male;normal;Кот у окна.;"Ровное смысловое чтение; финальную точку завершить.";materials/audio/incoming/ru/male/topic-cat-full-normal.wav;public/audio/ru/male/topic-cat-full-normal.mp3
topic-cat-full;male;slow;Кот у окна.;"Ровное смысловое чтение; финальную точку завершить.";materials/audio/incoming/ru/male/topic-cat-full-slow.wav;public/audio/ru/male/topic-cat-full-slow.mp3
topic-cat-line-01;female;normal;Кот у окна.;"Ровное смысловое чтение; финальную точку завершить.";materials/audio/incoming/ru/female/topic-cat-line-01-normal.wav;public/audio/ru/female/topic-cat-line-01-normal.mp3
topic-cat-line-01;female;slow;Кот у окна.;"Ровное смысловое чтение; финальную точку завершить.";materials/audio/incoming/ru/female/topic-cat-line-01-slow.wav;public/audio/ru/female/topic-cat-line-01-slow.mp3
topic-cat-line-01;male;normal;Кот у окна.;"Ровное смысловое чтение; финальную точку завершить.";materials/audio/incoming/ru/male/topic-cat-line-01-normal.wav;public/audio/ru/male/topic-cat-line-01-normal.mp3
topic-cat-line-01;male;slow;Кот у окна.;"Ровное смысловое чтение; финальную точку завершить.";materials/audio/incoming/ru/male/topic-cat-line-01-slow.wav;public/audio/ru/male/topic-cat-line-01-slow.mp3
topic-cat-question;female;normal;Кто у окна?;Вопросительно, без подсказки правильного ответа.;materials/audio/incoming/ru/female/topic-cat-question-normal.wav;public/audio/ru/female/topic-cat-question-normal.mp3
topic-cat-question;male;normal;Кто у окна?;Вопросительно, без подсказки правильного ответа.;materials/audio/incoming/ru/male/topic-cat-question-normal.wav;public/audio/ru/male/topic-cat-question-normal.mp3
answer-020;female;normal;Кот;"Нейтрально; одинаковый тон у всех вариантов.";materials/audio/incoming/ru/female/answer-020-normal.wav;public/audio/ru/female/answer-020-normal.mp3
answer-020;male;normal;Кот;"Нейтрально; одинаковый тон у всех вариантов.";materials/audio/incoming/ru/male/answer-020-normal.wav;public/audio/ru/male/answer-020-normal.mp3
topic-cake-title;female;normal;У мамы торт.;Заголовок отдельным файлом.;materials/audio/incoming/ru/female/topic-cake-title-normal.wav;public/audio/ru/female/topic-cake-title-normal.mp3
topic-cake-title;male;normal;У мамы торт.;Заголовок отдельным файлом.;materials/audio/incoming/ru/male/topic-cake-title-normal.wav;public/audio/ru/male/topic-cake-title-normal.mp3
topic-cake-full;female;normal;У мамы торт.;"Ровное смысловое чтение; финальную точку завершить.";materials/audio/incoming/ru/female/topic-cake-full-normal.wav;public/audio/ru/female/topic-cake-full-normal.mp3
topic-cake-full;female;slow;У мамы торт.;"Ровное смысловое чтение; финальную точку завершить.";materials/audio/incoming/ru/female/topic-cake-full-slow.wav;public/audio/ru/female/topic-cake-full-slow.mp3
topic-cake-full;male;normal;У мамы торт.;"Ровное смысловое чтение; финальную точку завершить.";materials/audio/incoming/ru/male/topic-cake-full-normal.wav;public/audio/ru/male/topic-cake-full-normal.mp3
topic-cake-full;male;slow;У мамы торт.;"Ровное смысловое чтение; финальную точку завершить.";materials/audio/incoming/ru/male/topic-cake-full-slow.wav;public/audio/ru/male/topic-cake-full-slow.mp3
topic-cake-line-01;female;normal;У мамы торт.;"Ровное смысловое чтение; финальную точку завершить.";materials/audio/incoming/ru/female/topic-cake-line-01-normal.wav;public/audio/ru/female/topic-cake-line-01-normal.mp3
topic-cake-line-01;female;slow;У мамы торт.;"Ровное смысловое чтение; финальную точку завершить.";materials/audio/incoming/ru/female/topic-cake-line-01-slow.wav;public/audio/ru/female/topic-cake-line-01-slow.mp3
topic-cake-line-01;male;normal;У мамы торт.;"Ровное смысловое чтение; финальную точку завершить.";materials/audio/incoming/ru/male/topic-cake-line-01-normal.wav;public/audio/ru/male/topic-cake-line-01-normal.mp3
topic-cake-line-01;male;slow;У мамы торт.;"Ровное смысловое чтение; финальную точку завершить.";materials/audio/incoming/ru/male/topic-cake-line-01-slow.wav;public/audio/ru/male/topic-cake-line-01-slow.mp3
topic-cake-question;female;normal;Что у мамы?;Вопросительно, без подсказки правильного ответа.;materials/audio/incoming/ru/female/topic-cake-question-normal.wav;public/audio/ru/female/topic-cake-question-normal.mp3
topic-cake-question;male;normal;Что у мамы?;Вопросительно, без подсказки правильного ответа.;materials/audio/incoming/ru/male/topic-cake-question-normal.wav;public/audio/ru/male/topic-cake-question-normal.mp3
answer-021;female;normal;Торт;"Нейтрально; одинаковый тон у всех вариантов.";materials/audio/incoming/ru/female/answer-021-normal.wav;public/audio/ru/female/answer-021-normal.mp3
answer-021;male;normal;Торт;"Нейтрально; одинаковый тон у всех вариантов.";materials/audio/incoming/ru/male/answer-021-normal.wav;public/audio/ru/male/answer-021-normal.mp3
topic-fox-title;female;normal;Лиса у сосны.;Заголовок отдельным файлом.;materials/audio/incoming/ru/female/topic-fox-title-normal.wav;public/audio/ru/female/topic-fox-title-normal.mp3
topic-fox-title;male;normal;Лиса у сосны.;Заголовок отдельным файлом.;materials/audio/incoming/ru/male/topic-fox-title-normal.wav;public/audio/ru/male/topic-fox-title-normal.mp3
topic-fox-full;female;normal;Лиса у сосны.;"Ровное смысловое чтение; финальную точку завершить.";materials/audio/incoming/ru/female/topic-fox-full-normal.wav;public/audio/ru/female/topic-fox-full-normal.mp3
topic-fox-full;female;slow;Лиса у сосны.;"Ровное смысловое чтение; финальную точку завершить.";materials/audio/incoming/ru/female/topic-fox-full-slow.wav;public/audio/ru/female/topic-fox-full-slow.mp3
topic-fox-full;male;normal;Лиса у сосны.;"Ровное смысловое чтение; финальную точку завершить.";materials/audio/incoming/ru/male/topic-fox-full-normal.wav;public/audio/ru/male/topic-fox-full-normal.mp3
topic-fox-full;male;slow;Лиса у сосны.;"Ровное смысловое чтение; финальную точку завершить.";materials/audio/incoming/ru/male/topic-fox-full-slow.wav;public/audio/ru/male/topic-fox-full-slow.mp3
topic-fox-line-01;female;normal;Лиса у сосны.;"Ровное смысловое чтение; финальную точку завершить.";materials/audio/incoming/ru/female/topic-fox-line-01-normal.wav;public/audio/ru/female/topic-fox-line-01-normal.mp3
topic-fox-line-01;female;slow;Лиса у сосны.;"Ровное смысловое чтение; финальную точку завершить.";materials/audio/incoming/ru/female/topic-fox-line-01-slow.wav;public/audio/ru/female/topic-fox-line-01-slow.mp3
topic-fox-line-01;male;normal;Лиса у сосны.;"Ровное смысловое чтение; финальную точку завершить.";materials/audio/incoming/ru/male/topic-fox-line-01-normal.wav;public/audio/ru/male/topic-fox-line-01-normal.mp3
topic-fox-line-01;male;slow;Лиса у сосны.;"Ровное смысловое чтение; финальную точку завершить.";materials/audio/incoming/ru/male/topic-fox-line-01-slow.wav;public/audio/ru/male/topic-fox-line-01-slow.mp3
topic-fox-question;female;normal;Кто у сосны?;Вопросительно, без подсказки правильного ответа.;materials/audio/incoming/ru/female/topic-fox-question-normal.wav;public/audio/ru/female/topic-fox-question-normal.mp3
topic-fox-question;male;normal;Кто у сосны?;Вопросительно, без подсказки правильного ответа.;materials/audio/incoming/ru/male/topic-fox-question-normal.wav;public/audio/ru/male/topic-fox-question-normal.mp3
answer-022;female;normal;Лиса;"Нейтрально; одинаковый тон у всех вариантов.";materials/audio/incoming/ru/female/answer-022-normal.wav;public/audio/ru/female/answer-022-normal.mp3
answer-022;male;normal;Лиса;"Нейтрально; одинаковый тон у всех вариантов.";materials/audio/incoming/ru/male/answer-022-normal.wav;public/audio/ru/male/answer-022-normal.mp3
answer-023;female;normal;Кит;"Нейтрально; одинаковый тон у всех вариантов.";materials/audio/incoming/ru/female/answer-023-normal.wav;public/audio/ru/female/answer-023-normal.mp3
answer-023;male;normal;Кит;"Нейтрально; одинаковый тон у всех вариантов.";materials/audio/incoming/ru/male/answer-023-normal.wav;public/audio/ru/male/answer-023-normal.mp3
topic-sled-title;female;normal;У Иры сани.;Заголовок отдельным файлом.;materials/audio/incoming/ru/female/topic-sled-title-normal.wav;public/audio/ru/female/topic-sled-title-normal.mp3
topic-sled-title;male;normal;У Иры сани.;Заголовок отдельным файлом.;materials/audio/incoming/ru/male/topic-sled-title-normal.wav;public/audio/ru/male/topic-sled-title-normal.mp3
topic-sled-full;female;normal;У Иры сани.;"Ровное смысловое чтение; финальную точку завершить.";materials/audio/incoming/ru/female/topic-sled-full-normal.wav;public/audio/ru/female/topic-sled-full-normal.mp3
topic-sled-full;female;slow;У Иры сани.;"Ровное смысловое чтение; финальную точку завершить.";materials/audio/incoming/ru/female/topic-sled-full-slow.wav;public/audio/ru/female/topic-sled-full-slow.mp3
topic-sled-full;male;normal;У Иры сани.;"Ровное смысловое чтение; финальную точку завершить.";materials/audio/incoming/ru/male/topic-sled-full-normal.wav;public/audio/ru/male/topic-sled-full-normal.mp3
topic-sled-full;male;slow;У Иры сани.;"Ровное смысловое чтение; финальную точку завершить.";materials/audio/incoming/ru/male/topic-sled-full-slow.wav;public/audio/ru/male/topic-sled-full-slow.mp3
topic-sled-line-01;female;normal;У Иры сани.;"Ровное смысловое чтение; финальную точку завершить.";materials/audio/incoming/ru/female/topic-sled-line-01-normal.wav;public/audio/ru/female/topic-sled-line-01-normal.mp3
topic-sled-line-01;female;slow;У Иры сани.;"Ровное смысловое чтение; финальную точку завершить.";materials/audio/incoming/ru/female/topic-sled-line-01-slow.wav;public/audio/ru/female/topic-sled-line-01-slow.mp3
topic-sled-line-01;male;normal;У Иры сани.;"Ровное смысловое чтение; финальную точку завершить.";materials/audio/incoming/ru/male/topic-sled-line-01-normal.wav;public/audio/ru/male/topic-sled-line-01-normal.mp3
topic-sled-line-01;male;slow;У Иры сани.;"Ровное смысловое чтение; финальную точку завершить.";materials/audio/incoming/ru/male/topic-sled-line-01-slow.wav;public/audio/ru/male/topic-sled-line-01-slow.mp3
topic-sled-question;female;normal;Что у Иры?;Вопросительно, без подсказки правильного ответа.;materials/audio/incoming/ru/female/topic-sled-question-normal.wav;public/audio/ru/female/topic-sled-question-normal.mp3
topic-sled-question;male;normal;Что у Иры?;Вопросительно, без подсказки правильного ответа.;materials/audio/incoming/ru/male/topic-sled-question-normal.wav;public/audio/ru/male/topic-sled-question-normal.mp3
answer-024;female;normal;Сани;"Нейтрально; одинаковый тон у всех вариантов.";materials/audio/incoming/ru/female/answer-024-normal.wav;public/audio/ru/female/answer-024-normal.mp3
answer-024;male;normal;Сани;"Нейтрально; одинаковый тон у всех вариантов.";materials/audio/incoming/ru/male/answer-024-normal.wav;public/audio/ru/male/answer-024-normal.mp3
answer-025;female;normal;Нитки;"Нейтрально; одинаковый тон у всех вариантов.";materials/audio/incoming/ru/female/answer-025-normal.wav;public/audio/ru/female/answer-025-normal.mp3
answer-025;male;normal;Нитки;"Нейтрально; одинаковый тон у всех вариантов.";materials/audio/incoming/ru/male/answer-025-normal.wav;public/audio/ru/male/answer-025-normal.mp3
topic-dad-title;female;normal;Папа пилит.;Заголовок отдельным файлом.;materials/audio/incoming/ru/female/topic-dad-title-normal.wav;public/audio/ru/female/topic-dad-title-normal.mp3
topic-dad-title;male;normal;Папа пилит.;Заголовок отдельным файлом.;materials/audio/incoming/ru/male/topic-dad-title-normal.wav;public/audio/ru/male/topic-dad-title-normal.mp3
topic-dad-full;female;normal;Папа пилит.;"Ровное смысловое чтение; финальную точку завершить.";materials/audio/incoming/ru/female/topic-dad-full-normal.wav;public/audio/ru/female/topic-dad-full-normal.mp3
topic-dad-full;female;slow;Папа пилит.;"Ровное смысловое чтение; финальную точку завершить.";materials/audio/incoming/ru/female/topic-dad-full-slow.wav;public/audio/ru/female/topic-dad-full-slow.mp3
topic-dad-full;male;normal;Папа пилит.;"Ровное смысловое чтение; финальную точку завершить.";materials/audio/incoming/ru/male/topic-dad-full-normal.wav;public/audio/ru/male/topic-dad-full-normal.mp3
topic-dad-full;male;slow;Папа пилит.;"Ровное смысловое чтение; финальную точку завершить.";materials/audio/incoming/ru/male/topic-dad-full-slow.wav;public/audio/ru/male/topic-dad-full-slow.mp3
topic-dad-line-01;female;normal;Папа пилит.;"Ровное смысловое чтение; финальную точку завершить.";materials/audio/incoming/ru/female/topic-dad-line-01-normal.wav;public/audio/ru/female/topic-dad-line-01-normal.mp3
topic-dad-line-01;female;slow;Папа пилит.;"Ровное смысловое чтение; финальную точку завершить.";materials/audio/incoming/ru/female/topic-dad-line-01-slow.wav;public/audio/ru/female/topic-dad-line-01-slow.mp3
topic-dad-line-01;male;normal;Папа пилит.;"Ровное смысловое чтение; финальную точку завершить.";materials/audio/incoming/ru/male/topic-dad-line-01-normal.wav;public/audio/ru/male/topic-dad-line-01-normal.mp3
topic-dad-line-01;male;slow;Папа пилит.;"Ровное смысловое чтение; финальную точку завершить.";materials/audio/incoming/ru/male/topic-dad-line-01-slow.wav;public/audio/ru/male/topic-dad-line-01-slow.mp3
topic-dad-question;female;normal;Кто пилит?;Вопросительно, без подсказки правильного ответа.;materials/audio/incoming/ru/female/topic-dad-question-normal.wav;public/audio/ru/female/topic-dad-question-normal.mp3
topic-dad-question;male;normal;Кто пилит?;Вопросительно, без подсказки правильного ответа.;materials/audio/incoming/ru/male/topic-dad-question-normal.wav;public/audio/ru/male/topic-dad-question-normal.mp3
topic-cat-sleep-title;female;normal;Кот спит.;Заголовок отдельным файлом.;materials/audio/incoming/ru/female/topic-cat-sleep-title-normal.wav;public/audio/ru/female/topic-cat-sleep-title-normal.mp3
topic-cat-sleep-title;male;normal;Кот спит.;Заголовок отдельным файлом.;materials/audio/incoming/ru/male/topic-cat-sleep-title-normal.wav;public/audio/ru/male/topic-cat-sleep-title-normal.mp3
topic-cat-sleep-full;female;normal;Кот спит.;"Ровное смысловое чтение; финальную точку завершить.";materials/audio/incoming/ru/female/topic-cat-sleep-full-normal.wav;public/audio/ru/female/topic-cat-sleep-full-normal.mp3
topic-cat-sleep-full;female;slow;Кот спит.;"Ровное смысловое чтение; финальную точку завершить.";materials/audio/incoming/ru/female/topic-cat-sleep-full-slow.wav;public/audio/ru/female/topic-cat-sleep-full-slow.mp3
topic-cat-sleep-full;male;normal;Кот спит.;"Ровное смысловое чтение; финальную точку завершить.";materials/audio/incoming/ru/male/topic-cat-sleep-full-normal.wav;public/audio/ru/male/topic-cat-sleep-full-normal.mp3
topic-cat-sleep-full;male;slow;Кот спит.;"Ровное смысловое чтение; финальную точку завершить.";materials/audio/incoming/ru/male/topic-cat-sleep-full-slow.wav;public/audio/ru/male/topic-cat-sleep-full-slow.mp3
topic-cat-sleep-line-01;female;normal;Кот спит.;"Ровное смысловое чтение; финальную точку завершить.";materials/audio/incoming/ru/female/topic-cat-sleep-line-01-normal.wav;public/audio/ru/female/topic-cat-sleep-line-01-normal.mp3
topic-cat-sleep-line-01;female;slow;Кот спит.;"Ровное смысловое чтение; финальную точку завершить.";materials/audio/incoming/ru/female/topic-cat-sleep-line-01-slow.wav;public/audio/ru/female/topic-cat-sleep-line-01-slow.mp3
topic-cat-sleep-line-01;male;normal;Кот спит.;"Ровное смысловое чтение; финальную точку завершить.";materials/audio/incoming/ru/male/topic-cat-sleep-line-01-normal.wav;public/audio/ru/male/topic-cat-sleep-line-01-normal.mp3
topic-cat-sleep-line-01;male;slow;Кот спит.;"Ровное смысловое чтение; финальную точку завершить.";materials/audio/incoming/ru/male/topic-cat-sleep-line-01-slow.wav;public/audio/ru/male/topic-cat-sleep-line-01-slow.mp3
topic-cat-sleep-question;female;normal;Что делает кот?;Вопросительно, без подсказки правильного ответа.;materials/audio/incoming/ru/female/topic-cat-sleep-question-normal.wav;public/audio/ru/female/topic-cat-sleep-question-normal.mp3
topic-cat-sleep-question;male;normal;Что делает кот?;Вопросительно, без подсказки правильного ответа.;materials/audio/incoming/ru/male/topic-cat-sleep-question-normal.wav;public/audio/ru/male/topic-cat-sleep-question-normal.mp3
answer-026;female;normal;Спит;"Нейтрально; одинаковый тон у всех вариантов.";materials/audio/incoming/ru/female/answer-026-normal.wav;public/audio/ru/female/answer-026-normal.mp3
answer-026;male;normal;Спит;"Нейтрально; одинаковый тон у всех вариантов.";materials/audio/incoming/ru/male/answer-026-normal.wav;public/audio/ru/male/answer-026-normal.mp3
answer-027;female;normal;Пилит;"Нейтрально; одинаковый тон у всех вариантов.";materials/audio/incoming/ru/female/answer-027-normal.wav;public/audio/ru/female/answer-027-normal.mp3
answer-027;male;normal;Пилит;"Нейтрально; одинаковый тон у всех вариантов.";materials/audio/incoming/ru/male/answer-027-normal.wav;public/audio/ru/male/answer-027-normal.mp3
topic-story-call-title;female;normal;Мама! Ау!;Заголовок отдельным файлом.;materials/audio/incoming/ru/female/topic-story-call-title-normal.wav;public/audio/ru/female/topic-story-call-title-normal.mp3
topic-story-call-title;male;normal;Мама! Ау!;Заголовок отдельным файлом.;materials/audio/incoming/ru/male/topic-story-call-title-normal.wav;public/audio/ru/male/topic-story-call-title-normal.mp3
topic-story-call-full;female;normal;"— Мама! Ау!
— Ау!";"Спокойный маленький рассказ; связанные предложения, ясные паузы, без лишнего драматизма. «Ау» — зов без крика; ответ чуть мягче. Тире в начале реплики не произносить.";materials/audio/incoming/ru/female/topic-story-call-full-normal.wav;public/audio/ru/female/topic-story-call-full-normal.mp3
topic-story-call-full;female;slow;"— Мама! Ау!
— Ау!";"Спокойный маленький рассказ; связанные предложения, ясные паузы, без лишнего драматизма. «Ау» — зов без крика; ответ чуть мягче. Тире в начале реплики не произносить.";materials/audio/incoming/ru/female/topic-story-call-full-slow.wav;public/audio/ru/female/topic-story-call-full-slow.mp3
topic-story-call-full;male;normal;"— Мама! Ау!
— Ау!";"Спокойный маленький рассказ; связанные предложения, ясные паузы, без лишнего драматизма. «Ау» — зов без крика; ответ чуть мягче. Тире в начале реплики не произносить.";materials/audio/incoming/ru/male/topic-story-call-full-normal.wav;public/audio/ru/male/topic-story-call-full-normal.mp3
topic-story-call-full;male;slow;"— Мама! Ау!
— Ау!";"Спокойный маленький рассказ; связанные предложения, ясные паузы, без лишнего драматизма. «Ау» — зов без крика; ответ чуть мягче. Тире в начале реплики не произносить.";materials/audio/incoming/ru/male/topic-story-call-full-slow.wav;public/audio/ru/male/topic-story-call-full-slow.mp3
topic-story-call-line-01;female;normal;— Мама! Ау!;"Спокойный маленький рассказ; связанные предложения, ясные паузы, без лишнего драматизма. «Ау» — зов без крика; ответ чуть мягче. Тире в начале реплики не произносить.";materials/audio/incoming/ru/female/topic-story-call-line-01-normal.wav;public/audio/ru/female/topic-story-call-line-01-normal.mp3
topic-story-call-line-01;female;slow;— Мама! Ау!;"Спокойный маленький рассказ; связанные предложения, ясные паузы, без лишнего драматизма. «Ау» — зов без крика; ответ чуть мягче. Тире в начале реплики не произносить.";materials/audio/incoming/ru/female/topic-story-call-line-01-slow.wav;public/audio/ru/female/topic-story-call-line-01-slow.mp3
topic-story-call-line-01;male;normal;— Мама! Ау!;"Спокойный маленький рассказ; связанные предложения, ясные паузы, без лишнего драматизма. «Ау» — зов без крика; ответ чуть мягче. Тире в начале реплики не произносить.";materials/audio/incoming/ru/male/topic-story-call-line-01-normal.wav;public/audio/ru/male/topic-story-call-line-01-normal.mp3
topic-story-call-line-01;male;slow;— Мама! Ау!;"Спокойный маленький рассказ; связанные предложения, ясные паузы, без лишнего драматизма. «Ау» — зов без крика; ответ чуть мягче. Тире в начале реплики не произносить.";materials/audio/incoming/ru/male/topic-story-call-line-01-slow.wav;public/audio/ru/male/topic-story-call-line-01-slow.mp3
topic-story-call-line-02;female;normal;— Ау!;"Спокойный маленький рассказ; связанные предложения, ясные паузы, без лишнего драматизма. «Ау» — зов без крика; ответ чуть мягче. Тире в начале реплики не произносить.";materials/audio/incoming/ru/female/topic-story-call-line-02-normal.wav;public/audio/ru/female/topic-story-call-line-02-normal.mp3
topic-story-call-line-02;female;slow;— Ау!;"Спокойный маленький рассказ; связанные предложения, ясные паузы, без лишнего драматизма. «Ау» — зов без крика; ответ чуть мягче. Тире в начале реплики не произносить.";materials/audio/incoming/ru/female/topic-story-call-line-02-slow.wav;public/audio/ru/female/topic-story-call-line-02-slow.mp3
topic-story-call-line-02;male;normal;— Ау!;"Спокойный маленький рассказ; связанные предложения, ясные паузы, без лишнего драматизма. «Ау» — зов без крика; ответ чуть мягче. Тире в начале реплики не произносить.";materials/audio/incoming/ru/male/topic-story-call-line-02-normal.wav;public/audio/ru/male/topic-story-call-line-02-normal.mp3
topic-story-call-line-02;male;slow;— Ау!;"Спокойный маленький рассказ; связанные предложения, ясные паузы, без лишнего драматизма. «Ау» — зов без крика; ответ чуть мягче. Тире в начале реплики не произносить.";materials/audio/incoming/ru/male/topic-story-call-line-02-slow.wav;public/audio/ru/male/topic-story-call-line-02-slow.mp3
topic-story-call-question;female;normal;Как перекликаются?;Вопросительно, без подсказки правильного ответа.;materials/audio/incoming/ru/female/topic-story-call-question-normal.wav;public/audio/ru/female/topic-story-call-question-normal.mp3
topic-story-call-question;male;normal;Как перекликаются?;Вопросительно, без подсказки правильного ответа.;materials/audio/incoming/ru/male/topic-story-call-question-normal.wav;public/audio/ru/male/topic-story-call-question-normal.mp3
text-hint-002;female;normal;Найди ответ в этих строках.;Спокойная помощь, без раздражения.;materials/audio/incoming/ru/female/text-hint-002-normal.wav;public/audio/ru/female/text-hint-002-normal.mp3
text-hint-002;male;normal;Найди ответ в этих строках.;Спокойная помощь, без раздражения.;materials/audio/incoming/ru/male/text-hint-002-normal.wav;public/audio/ru/male/text-hint-002-normal.mp3
topic-story-echo-title;female;normal;Ау, мама!;Заголовок отдельным файлом.;materials/audio/incoming/ru/female/topic-story-echo-title-normal.wav;public/audio/ru/female/topic-story-echo-title-normal.mp3
topic-story-echo-title;male;normal;Ау, мама!;Заголовок отдельным файлом.;materials/audio/incoming/ru/male/topic-story-echo-title-normal.wav;public/audio/ru/male/topic-story-echo-title-normal.mp3
topic-story-echo-full;female;normal;"— Ау, мама!
— Ау, ау!";"Спокойный маленький рассказ; связанные предложения, ясные паузы, без лишнего драматизма. «Ау» — зов без крика; ответ чуть мягче. Тире в начале реплики не произносить.";materials/audio/incoming/ru/female/topic-story-echo-full-normal.wav;public/audio/ru/female/topic-story-echo-full-normal.mp3
topic-story-echo-full;female;slow;"— Ау, мама!
— Ау, ау!";"Спокойный маленький рассказ; связанные предложения, ясные паузы, без лишнего драматизма. «Ау» — зов без крика; ответ чуть мягче. Тире в начале реплики не произносить.";materials/audio/incoming/ru/female/topic-story-echo-full-slow.wav;public/audio/ru/female/topic-story-echo-full-slow.mp3
topic-story-echo-full;male;normal;"— Ау, мама!
— Ау, ау!";"Спокойный маленький рассказ; связанные предложения, ясные паузы, без лишнего драматизма. «Ау» — зов без крика; ответ чуть мягче. Тире в начале реплики не произносить.";materials/audio/incoming/ru/male/topic-story-echo-full-normal.wav;public/audio/ru/male/topic-story-echo-full-normal.mp3
topic-story-echo-full;male;slow;"— Ау, мама!
— Ау, ау!";"Спокойный маленький рассказ; связанные предложения, ясные паузы, без лишнего драматизма. «Ау» — зов без крика; ответ чуть мягче. Тире в начале реплики не произносить.";materials/audio/incoming/ru/male/topic-story-echo-full-slow.wav;public/audio/ru/male/topic-story-echo-full-slow.mp3
topic-story-echo-line-01;female;normal;— Ау, мама!;"Спокойный маленький рассказ; связанные предложения, ясные паузы, без лишнего драматизма. «Ау» — зов без крика; ответ чуть мягче. Тире в начале реплики не произносить.";materials/audio/incoming/ru/female/topic-story-echo-line-01-normal.wav;public/audio/ru/female/topic-story-echo-line-01-normal.mp3
topic-story-echo-line-01;female;slow;— Ау, мама!;"Спокойный маленький рассказ; связанные предложения, ясные паузы, без лишнего драматизма. «Ау» — зов без крика; ответ чуть мягче. Тире в начале реплики не произносить.";materials/audio/incoming/ru/female/topic-story-echo-line-01-slow.wav;public/audio/ru/female/topic-story-echo-line-01-slow.mp3
topic-story-echo-line-01;male;normal;— Ау, мама!;"Спокойный маленький рассказ; связанные предложения, ясные паузы, без лишнего драматизма. «Ау» — зов без крика; ответ чуть мягче. Тире в начале реплики не произносить.";materials/audio/incoming/ru/male/topic-story-echo-line-01-normal.wav;public/audio/ru/male/topic-story-echo-line-01-normal.mp3
topic-story-echo-line-01;male;slow;— Ау, мама!;"Спокойный маленький рассказ; связанные предложения, ясные паузы, без лишнего драматизма. «Ау» — зов без крика; ответ чуть мягче. Тире в начале реплики не произносить.";materials/audio/incoming/ru/male/topic-story-echo-line-01-slow.wav;public/audio/ru/male/topic-story-echo-line-01-slow.mp3
topic-story-echo-line-02;female;normal;— Ау, ау!;"Спокойный маленький рассказ; связанные предложения, ясные паузы, без лишнего драматизма. «Ау» — зов без крика; ответ чуть мягче. Тире в начале реплики не произносить.";materials/audio/incoming/ru/female/topic-story-echo-line-02-normal.wav;public/audio/ru/female/topic-story-echo-line-02-normal.mp3
topic-story-echo-line-02;female;slow;— Ау, ау!;"Спокойный маленький рассказ; связанные предложения, ясные паузы, без лишнего драматизма. «Ау» — зов без крика; ответ чуть мягче. Тире в начале реплики не произносить.";materials/audio/incoming/ru/female/topic-story-echo-line-02-slow.wav;public/audio/ru/female/topic-story-echo-line-02-slow.mp3
topic-story-echo-line-02;male;normal;— Ау, ау!;"Спокойный маленький рассказ; связанные предложения, ясные паузы, без лишнего драматизма. «Ау» — зов без крика; ответ чуть мягче. Тире в начале реплики не произносить.";materials/audio/incoming/ru/male/topic-story-echo-line-02-normal.wav;public/audio/ru/male/topic-story-echo-line-02-normal.mp3
topic-story-echo-line-02;male;slow;— Ау, ау!;"Спокойный маленький рассказ; связанные предложения, ясные паузы, без лишнего драматизма. «Ау» — зов без крика; ответ чуть мягче. Тире в начале реплики не произносить.";materials/audio/incoming/ru/male/topic-story-echo-line-02-slow.wav;public/audio/ru/male/topic-story-echo-line-02-slow.mp3
topic-story-echo-question;female;normal;Кого зовут?;Вопросительно, без подсказки правильного ответа.;materials/audio/incoming/ru/female/topic-story-echo-question-normal.wav;public/audio/ru/female/topic-story-echo-question-normal.mp3
topic-story-echo-question;male;normal;Кого зовут?;Вопросительно, без подсказки правильного ответа.;materials/audio/incoming/ru/male/topic-story-echo-question-normal.wav;public/audio/ru/male/topic-story-echo-question-normal.mp3
topic-story-fly-title;female;normal;Муха у мха.;Заголовок отдельным файлом.;materials/audio/incoming/ru/female/topic-story-fly-title-normal.wav;public/audio/ru/female/topic-story-fly-title-normal.mp3
topic-story-fly-title;male;normal;Муха у мха.;Заголовок отдельным файлом.;materials/audio/incoming/ru/male/topic-story-fly-title-normal.wav;public/audio/ru/male/topic-story-fly-title-normal.mp3
topic-story-fly-full;female;normal;"Муха у мха.
Мама: «Ах, муха!»";"Спокойный маленький рассказ; связанные предложения, ясные паузы, без лишнего драматизма. «Ах» — лёгкое удивление. В строке «Мама: …» слово «Мама» произнести, затем короткая пауза перед репликой.";materials/audio/incoming/ru/female/topic-story-fly-full-normal.wav;public/audio/ru/female/topic-story-fly-full-normal.mp3
topic-story-fly-full;female;slow;"Муха у мха.
Мама: «Ах, муха!»";"Спокойный маленький рассказ; связанные предложения, ясные паузы, без лишнего драматизма. «Ах» — лёгкое удивление. В строке «Мама: …» слово «Мама» произнести, затем короткая пауза перед репликой.";materials/audio/incoming/ru/female/topic-story-fly-full-slow.wav;public/audio/ru/female/topic-story-fly-full-slow.mp3
topic-story-fly-full;male;normal;"Муха у мха.
Мама: «Ах, муха!»";"Спокойный маленький рассказ; связанные предложения, ясные паузы, без лишнего драматизма. «Ах» — лёгкое удивление. В строке «Мама: …» слово «Мама» произнести, затем короткая пауза перед репликой.";materials/audio/incoming/ru/male/topic-story-fly-full-normal.wav;public/audio/ru/male/topic-story-fly-full-normal.mp3
topic-story-fly-full;male;slow;"Муха у мха.
Мама: «Ах, муха!»";"Спокойный маленький рассказ; связанные предложения, ясные паузы, без лишнего драматизма. «Ах» — лёгкое удивление. В строке «Мама: …» слово «Мама» произнести, затем короткая пауза перед репликой.";materials/audio/incoming/ru/male/topic-story-fly-full-slow.wav;public/audio/ru/male/topic-story-fly-full-slow.mp3
topic-story-fly-line-01;female;normal;Муха у мха.;"Спокойный маленький рассказ; связанные предложения, ясные паузы, без лишнего драматизма. «Ах» — лёгкое удивление. В строке «Мама: …» слово «Мама» произнести, затем короткая пауза перед репликой.";materials/audio/incoming/ru/female/topic-story-fly-line-01-normal.wav;public/audio/ru/female/topic-story-fly-line-01-normal.mp3
topic-story-fly-line-01;female;slow;Муха у мха.;"Спокойный маленький рассказ; связанные предложения, ясные паузы, без лишнего драматизма. «Ах» — лёгкое удивление. В строке «Мама: …» слово «Мама» произнести, затем короткая пауза перед репликой.";materials/audio/incoming/ru/female/topic-story-fly-line-01-slow.wav;public/audio/ru/female/topic-story-fly-line-01-slow.mp3
topic-story-fly-line-01;male;normal;Муха у мха.;"Спокойный маленький рассказ; связанные предложения, ясные паузы, без лишнего драматизма. «Ах» — лёгкое удивление. В строке «Мама: …» слово «Мама» произнести, затем короткая пауза перед репликой.";materials/audio/incoming/ru/male/topic-story-fly-line-01-normal.wav;public/audio/ru/male/topic-story-fly-line-01-normal.mp3
topic-story-fly-line-01;male;slow;Муха у мха.;"Спокойный маленький рассказ; связанные предложения, ясные паузы, без лишнего драматизма. «Ах» — лёгкое удивление. В строке «Мама: …» слово «Мама» произнести, затем короткая пауза перед репликой.";materials/audio/incoming/ru/male/topic-story-fly-line-01-slow.wav;public/audio/ru/male/topic-story-fly-line-01-slow.mp3
topic-story-fly-line-02;female;normal;Мама: «Ах, муха!»;"Спокойный маленький рассказ; связанные предложения, ясные паузы, без лишнего драматизма. «Ах» — лёгкое удивление. В строке «Мама: …» слово «Мама» произнести, затем короткая пауза перед репликой.";materials/audio/incoming/ru/female/topic-story-fly-line-02-normal.wav;public/audio/ru/female/topic-story-fly-line-02-normal.mp3
topic-story-fly-line-02;female;slow;Мама: «Ах, муха!»;"Спокойный маленький рассказ; связанные предложения, ясные паузы, без лишнего драматизма. «Ах» — лёгкое удивление. В строке «Мама: …» слово «Мама» произнести, затем короткая пауза перед репликой.";materials/audio/incoming/ru/female/topic-story-fly-line-02-slow.wav;public/audio/ru/female/topic-story-fly-line-02-slow.mp3
topic-story-fly-line-02;male;normal;Мама: «Ах, муха!»;"Спокойный маленький рассказ; связанные предложения, ясные паузы, без лишнего драматизма. «Ах» — лёгкое удивление. В строке «Мама: …» слово «Мама» произнести, затем короткая пауза перед репликой.";materials/audio/incoming/ru/male/topic-story-fly-line-02-normal.wav;public/audio/ru/male/topic-story-fly-line-02-normal.mp3
topic-story-fly-line-02;male;slow;Мама: «Ах, муха!»;"Спокойный маленький рассказ; связанные предложения, ясные паузы, без лишнего драматизма. «Ах» — лёгкое удивление. В строке «Мама: …» слово «Мама» произнести, затем короткая пауза перед репликой.";materials/audio/incoming/ru/male/topic-story-fly-line-02-slow.wav;public/audio/ru/male/topic-story-fly-line-02-slow.mp3
topic-story-fly-question;female;normal;Кто у мха?;Вопросительно, без подсказки правильного ответа.;materials/audio/incoming/ru/female/topic-story-fly-question-normal.wav;public/audio/ru/female/topic-story-fly-question-normal.mp3
topic-story-fly-question;male;normal;Кто у мха?;Вопросительно, без подсказки правильного ответа.;materials/audio/incoming/ru/male/topic-story-fly-question-normal.wav;public/audio/ru/male/topic-story-fly-question-normal.mp3
topic-story-pine-title;female;normal;У сосны мох.;Заголовок отдельным файлом.;materials/audio/incoming/ru/female/topic-story-pine-title-normal.wav;public/audio/ru/female/topic-story-pine-title-normal.mp3
topic-story-pine-title;male;normal;У сосны мох.;Заголовок отдельным файлом.;materials/audio/incoming/ru/male/topic-story-pine-title-normal.wav;public/audio/ru/male/topic-story-pine-title-normal.mp3
topic-story-pine-full;female;normal;"У сосны мох.
У мха оса.";"Спокойный маленький рассказ; связанные предложения, ясные паузы, без лишнего драматизма.";materials/audio/incoming/ru/female/topic-story-pine-full-normal.wav;public/audio/ru/female/topic-story-pine-full-normal.mp3
topic-story-pine-full;female;slow;"У сосны мох.
У мха оса.";"Спокойный маленький рассказ; связанные предложения, ясные паузы, без лишнего драматизма.";materials/audio/incoming/ru/female/topic-story-pine-full-slow.wav;public/audio/ru/female/topic-story-pine-full-slow.mp3
topic-story-pine-full;male;normal;"У сосны мох.
У мха оса.";"Спокойный маленький рассказ; связанные предложения, ясные паузы, без лишнего драматизма.";materials/audio/incoming/ru/male/topic-story-pine-full-normal.wav;public/audio/ru/male/topic-story-pine-full-normal.mp3
topic-story-pine-full;male;slow;"У сосны мох.
У мха оса.";"Спокойный маленький рассказ; связанные предложения, ясные паузы, без лишнего драматизма.";materials/audio/incoming/ru/male/topic-story-pine-full-slow.wav;public/audio/ru/male/topic-story-pine-full-slow.mp3
topic-story-pine-line-01;female;normal;У сосны мох.;"Спокойный маленький рассказ; связанные предложения, ясные паузы, без лишнего драматизма.";materials/audio/incoming/ru/female/topic-story-pine-line-01-normal.wav;public/audio/ru/female/topic-story-pine-line-01-normal.mp3
topic-story-pine-line-01;female;slow;У сосны мох.;"Спокойный маленький рассказ; связанные предложения, ясные паузы, без лишнего драматизма.";materials/audio/incoming/ru/female/topic-story-pine-line-01-slow.wav;public/audio/ru/female/topic-story-pine-line-01-slow.mp3
topic-story-pine-line-01;male;normal;У сосны мох.;"Спокойный маленький рассказ; связанные предложения, ясные паузы, без лишнего драматизма.";materials/audio/incoming/ru/male/topic-story-pine-line-01-normal.wav;public/audio/ru/male/topic-story-pine-line-01-normal.mp3
topic-story-pine-line-01;male;slow;У сосны мох.;"Спокойный маленький рассказ; связанные предложения, ясные паузы, без лишнего драматизма.";materials/audio/incoming/ru/male/topic-story-pine-line-01-slow.wav;public/audio/ru/male/topic-story-pine-line-01-slow.mp3
topic-story-pine-line-02;female;normal;У мха оса.;"Спокойный маленький рассказ; связанные предложения, ясные паузы, без лишнего драматизма.";materials/audio/incoming/ru/female/topic-story-pine-line-02-normal.wav;public/audio/ru/female/topic-story-pine-line-02-normal.mp3
topic-story-pine-line-02;female;slow;У мха оса.;"Спокойный маленький рассказ; связанные предложения, ясные паузы, без лишнего драматизма.";materials/audio/incoming/ru/female/topic-story-pine-line-02-slow.wav;public/audio/ru/female/topic-story-pine-line-02-slow.mp3
topic-story-pine-line-02;male;normal;У мха оса.;"Спокойный маленький рассказ; связанные предложения, ясные паузы, без лишнего драматизма.";materials/audio/incoming/ru/male/topic-story-pine-line-02-normal.wav;public/audio/ru/male/topic-story-pine-line-02-normal.mp3
topic-story-pine-line-02;male;slow;У мха оса.;"Спокойный маленький рассказ; связанные предложения, ясные паузы, без лишнего драматизма.";materials/audio/incoming/ru/male/topic-story-pine-line-02-slow.wav;public/audio/ru/male/topic-story-pine-line-02-slow.mp3
topic-story-pine-question;female;normal;Кто у мха?;Вопросительно, без подсказки правильного ответа.;materials/audio/incoming/ru/female/topic-story-pine-question-normal.wav;public/audio/ru/female/topic-story-pine-question-normal.mp3
topic-story-pine-question;male;normal;Кто у мха?;Вопросительно, без подсказки правильного ответа.;materials/audio/incoming/ru/male/topic-story-pine-question-normal.wav;public/audio/ru/male/topic-story-pine-question-normal.mp3
answer-028;female;normal;Сосна;"Нейтрально; одинаковый тон у всех вариантов.";materials/audio/incoming/ru/female/answer-028-normal.wav;public/audio/ru/female/answer-028-normal.mp3
answer-028;male;normal;Сосна;"Нейтрально; одинаковый тон у всех вариантов.";materials/audio/incoming/ru/male/answer-028-normal.wav;public/audio/ru/male/answer-028-normal.mp3
topic-story-frame-title;female;normal;Мама мыла раму.;Заголовок отдельным файлом.;materials/audio/incoming/ru/female/topic-story-frame-title-normal.wav;public/audio/ru/female/topic-story-frame-title-normal.mp3
topic-story-frame-title;male;normal;Мама мыла раму.;Заголовок отдельным файлом.;materials/audio/incoming/ru/male/topic-story-frame-title-normal.wav;public/audio/ru/male/topic-story-frame-title-normal.mp3
topic-story-frame-full;female;normal;"Мама мыла раму.
Мама мыла, мыла.";"Спокойный маленький рассказ; связанные предложения, ясные паузы, без лишнего драматизма.";materials/audio/incoming/ru/female/topic-story-frame-full-normal.wav;public/audio/ru/female/topic-story-frame-full-normal.mp3
topic-story-frame-full;female;slow;"Мама мыла раму.
Мама мыла, мыла.";"Спокойный маленький рассказ; связанные предложения, ясные паузы, без лишнего драматизма.";materials/audio/incoming/ru/female/topic-story-frame-full-slow.wav;public/audio/ru/female/topic-story-frame-full-slow.mp3
topic-story-frame-full;male;normal;"Мама мыла раму.
Мама мыла, мыла.";"Спокойный маленький рассказ; связанные предложения, ясные паузы, без лишнего драматизма.";materials/audio/incoming/ru/male/topic-story-frame-full-normal.wav;public/audio/ru/male/topic-story-frame-full-normal.mp3
topic-story-frame-full;male;slow;"Мама мыла раму.
Мама мыла, мыла.";"Спокойный маленький рассказ; связанные предложения, ясные паузы, без лишнего драматизма.";materials/audio/incoming/ru/male/topic-story-frame-full-slow.wav;public/audio/ru/male/topic-story-frame-full-slow.mp3
topic-story-frame-line-01;female;normal;Мама мыла раму.;"Спокойный маленький рассказ; связанные предложения, ясные паузы, без лишнего драматизма.";materials/audio/incoming/ru/female/topic-story-frame-line-01-normal.wav;public/audio/ru/female/topic-story-frame-line-01-normal.mp3
topic-story-frame-line-01;female;slow;Мама мыла раму.;"Спокойный маленький рассказ; связанные предложения, ясные паузы, без лишнего драматизма.";materials/audio/incoming/ru/female/topic-story-frame-line-01-slow.wav;public/audio/ru/female/topic-story-frame-line-01-slow.mp3
topic-story-frame-line-01;male;normal;Мама мыла раму.;"Спокойный маленький рассказ; связанные предложения, ясные паузы, без лишнего драматизма.";materials/audio/incoming/ru/male/topic-story-frame-line-01-normal.wav;public/audio/ru/male/topic-story-frame-line-01-normal.mp3
topic-story-frame-line-01;male;slow;Мама мыла раму.;"Спокойный маленький рассказ; связанные предложения, ясные паузы, без лишнего драматизма.";materials/audio/incoming/ru/male/topic-story-frame-line-01-slow.wav;public/audio/ru/male/topic-story-frame-line-01-slow.mp3
topic-story-frame-line-02;female;normal;Мама мыла, мыла.;"Спокойный маленький рассказ; связанные предложения, ясные паузы, без лишнего драматизма.";materials/audio/incoming/ru/female/topic-story-frame-line-02-normal.wav;public/audio/ru/female/topic-story-frame-line-02-normal.mp3
topic-story-frame-line-02;female;slow;Мама мыла, мыла.;"Спокойный маленький рассказ; связанные предложения, ясные паузы, без лишнего драматизма.";materials/audio/incoming/ru/female/topic-story-frame-line-02-slow.wav;public/audio/ru/female/topic-story-frame-line-02-slow.mp3
topic-story-frame-line-02;male;normal;Мама мыла, мыла.;"Спокойный маленький рассказ; связанные предложения, ясные паузы, без лишнего драматизма.";materials/audio/incoming/ru/male/topic-story-frame-line-02-normal.wav;public/audio/ru/male/topic-story-frame-line-02-normal.mp3
topic-story-frame-line-02;male;slow;Мама мыла, мыла.;"Спокойный маленький рассказ; связанные предложения, ясные паузы, без лишнего драматизма.";materials/audio/incoming/ru/male/topic-story-frame-line-02-slow.wav;public/audio/ru/male/topic-story-frame-line-02-slow.mp3
topic-story-frame-question;female;normal;Что мыла мама?;Вопросительно, без подсказки правильного ответа.;materials/audio/incoming/ru/female/topic-story-frame-question-normal.wav;public/audio/ru/female/topic-story-frame-question-normal.mp3
topic-story-frame-question;male;normal;Что мыла мама?;Вопросительно, без подсказки правильного ответа.;materials/audio/incoming/ru/male/topic-story-frame-question-normal.wav;public/audio/ru/male/topic-story-frame-question-normal.mp3
topic-story-poppy-title;female;normal;У мамы мак.;Заголовок отдельным файлом.;materials/audio/incoming/ru/female/topic-story-poppy-title-normal.wav;public/audio/ru/female/topic-story-poppy-title-normal.mp3
topic-story-poppy-title;male;normal;У мамы мак.;Заголовок отдельным файлом.;materials/audio/incoming/ru/male/topic-story-poppy-title-normal.wav;public/audio/ru/male/topic-story-poppy-title-normal.mp3
topic-story-poppy-full;female;normal;"У мамы мак.
Мак у окна.";"Спокойный маленький рассказ; связанные предложения, ясные паузы, без лишнего драматизма.";materials/audio/incoming/ru/female/topic-story-poppy-full-normal.wav;public/audio/ru/female/topic-story-poppy-full-normal.mp3
topic-story-poppy-full;female;slow;"У мамы мак.
Мак у окна.";"Спокойный маленький рассказ; связанные предложения, ясные паузы, без лишнего драматизма.";materials/audio/incoming/ru/female/topic-story-poppy-full-slow.wav;public/audio/ru/female/topic-story-poppy-full-slow.mp3
topic-story-poppy-full;male;normal;"У мамы мак.
Мак у окна.";"Спокойный маленький рассказ; связанные предложения, ясные паузы, без лишнего драматизма.";materials/audio/incoming/ru/male/topic-story-poppy-full-normal.wav;public/audio/ru/male/topic-story-poppy-full-normal.mp3
topic-story-poppy-full;male;slow;"У мамы мак.
Мак у окна.";"Спокойный маленький рассказ; связанные предложения, ясные паузы, без лишнего драматизма.";materials/audio/incoming/ru/male/topic-story-poppy-full-slow.wav;public/audio/ru/male/topic-story-poppy-full-slow.mp3
topic-story-poppy-line-01;female;normal;У мамы мак.;"Спокойный маленький рассказ; связанные предложения, ясные паузы, без лишнего драматизма.";materials/audio/incoming/ru/female/topic-story-poppy-line-01-normal.wav;public/audio/ru/female/topic-story-poppy-line-01-normal.mp3
topic-story-poppy-line-01;female;slow;У мамы мак.;"Спокойный маленький рассказ; связанные предложения, ясные паузы, без лишнего драматизма.";materials/audio/incoming/ru/female/topic-story-poppy-line-01-slow.wav;public/audio/ru/female/topic-story-poppy-line-01-slow.mp3
topic-story-poppy-line-01;male;normal;У мамы мак.;"Спокойный маленький рассказ; связанные предложения, ясные паузы, без лишнего драматизма.";materials/audio/incoming/ru/male/topic-story-poppy-line-01-normal.wav;public/audio/ru/male/topic-story-poppy-line-01-normal.mp3
topic-story-poppy-line-01;male;slow;У мамы мак.;"Спокойный маленький рассказ; связанные предложения, ясные паузы, без лишнего драматизма.";materials/audio/incoming/ru/male/topic-story-poppy-line-01-slow.wav;public/audio/ru/male/topic-story-poppy-line-01-slow.mp3
topic-story-poppy-line-02;female;normal;Мак у окна.;"Спокойный маленький рассказ; связанные предложения, ясные паузы, без лишнего драматизма.";materials/audio/incoming/ru/female/topic-story-poppy-line-02-normal.wav;public/audio/ru/female/topic-story-poppy-line-02-normal.mp3
topic-story-poppy-line-02;female;slow;Мак у окна.;"Спокойный маленький рассказ; связанные предложения, ясные паузы, без лишнего драматизма.";materials/audio/incoming/ru/female/topic-story-poppy-line-02-slow.wav;public/audio/ru/female/topic-story-poppy-line-02-slow.mp3
topic-story-poppy-line-02;male;normal;Мак у окна.;"Спокойный маленький рассказ; связанные предложения, ясные паузы, без лишнего драматизма.";materials/audio/incoming/ru/male/topic-story-poppy-line-02-normal.wav;public/audio/ru/male/topic-story-poppy-line-02-normal.mp3
topic-story-poppy-line-02;male;slow;Мак у окна.;"Спокойный маленький рассказ; связанные предложения, ясные паузы, без лишнего драматизма.";materials/audio/incoming/ru/male/topic-story-poppy-line-02-slow.wav;public/audio/ru/male/topic-story-poppy-line-02-slow.mp3
topic-story-poppy-question;female;normal;Что у окна?;Вопросительно, без подсказки правильного ответа.;materials/audio/incoming/ru/female/topic-story-poppy-question-normal.wav;public/audio/ru/female/topic-story-poppy-question-normal.mp3
topic-story-poppy-question;male;normal;Что у окна?;Вопросительно, без подсказки правильного ответа.;materials/audio/incoming/ru/male/topic-story-poppy-question-normal.wav;public/audio/ru/male/topic-story-poppy-question-normal.mp3
topic-story-cat-title;female;normal;Кот у окна.;Заголовок отдельным файлом.;materials/audio/incoming/ru/female/topic-story-cat-title-normal.wav;public/audio/ru/female/topic-story-cat-title-normal.mp3
topic-story-cat-title;male;normal;Кот у окна.;Заголовок отдельным файлом.;materials/audio/incoming/ru/male/topic-story-cat-title-normal.wav;public/audio/ru/male/topic-story-cat-title-normal.mp3
topic-story-cat-full;female;normal;"Кот у окна.
У кота усы.";"Спокойный маленький рассказ; связанные предложения, ясные паузы, без лишнего драматизма.";materials/audio/incoming/ru/female/topic-story-cat-full-normal.wav;public/audio/ru/female/topic-story-cat-full-normal.mp3
topic-story-cat-full;female;slow;"Кот у окна.
У кота усы.";"Спокойный маленький рассказ; связанные предложения, ясные паузы, без лишнего драматизма.";materials/audio/incoming/ru/female/topic-story-cat-full-slow.wav;public/audio/ru/female/topic-story-cat-full-slow.mp3
topic-story-cat-full;male;normal;"Кот у окна.
У кота усы.";"Спокойный маленький рассказ; связанные предложения, ясные паузы, без лишнего драматизма.";materials/audio/incoming/ru/male/topic-story-cat-full-normal.wav;public/audio/ru/male/topic-story-cat-full-normal.mp3
topic-story-cat-full;male;slow;"Кот у окна.
У кота усы.";"Спокойный маленький рассказ; связанные предложения, ясные паузы, без лишнего драматизма.";materials/audio/incoming/ru/male/topic-story-cat-full-slow.wav;public/audio/ru/male/topic-story-cat-full-slow.mp3
topic-story-cat-line-01;female;normal;Кот у окна.;"Спокойный маленький рассказ; связанные предложения, ясные паузы, без лишнего драматизма.";materials/audio/incoming/ru/female/topic-story-cat-line-01-normal.wav;public/audio/ru/female/topic-story-cat-line-01-normal.mp3
topic-story-cat-line-01;female;slow;Кот у окна.;"Спокойный маленький рассказ; связанные предложения, ясные паузы, без лишнего драматизма.";materials/audio/incoming/ru/female/topic-story-cat-line-01-slow.wav;public/audio/ru/female/topic-story-cat-line-01-slow.mp3
topic-story-cat-line-01;male;normal;Кот у окна.;"Спокойный маленький рассказ; связанные предложения, ясные паузы, без лишнего драматизма.";materials/audio/incoming/ru/male/topic-story-cat-line-01-normal.wav;public/audio/ru/male/topic-story-cat-line-01-normal.mp3
topic-story-cat-line-01;male;slow;Кот у окна.;"Спокойный маленький рассказ; связанные предложения, ясные паузы, без лишнего драматизма.";materials/audio/incoming/ru/male/topic-story-cat-line-01-slow.wav;public/audio/ru/male/topic-story-cat-line-01-slow.mp3
topic-story-cat-line-02;female;normal;У кота усы.;"Спокойный маленький рассказ; связанные предложения, ясные паузы, без лишнего драматизма.";materials/audio/incoming/ru/female/topic-story-cat-line-02-normal.wav;public/audio/ru/female/topic-story-cat-line-02-normal.mp3
topic-story-cat-line-02;female;slow;У кота усы.;"Спокойный маленький рассказ; связанные предложения, ясные паузы, без лишнего драматизма.";materials/audio/incoming/ru/female/topic-story-cat-line-02-slow.wav;public/audio/ru/female/topic-story-cat-line-02-slow.mp3
topic-story-cat-line-02;male;normal;У кота усы.;"Спокойный маленький рассказ; связанные предложения, ясные паузы, без лишнего драматизма.";materials/audio/incoming/ru/male/topic-story-cat-line-02-normal.wav;public/audio/ru/male/topic-story-cat-line-02-normal.mp3
topic-story-cat-line-02;male;slow;У кота усы.;"Спокойный маленький рассказ; связанные предложения, ясные паузы, без лишнего драматизма.";materials/audio/incoming/ru/male/topic-story-cat-line-02-slow.wav;public/audio/ru/male/topic-story-cat-line-02-slow.mp3
topic-story-cat-question;female;normal;Что у кота?;Вопросительно, без подсказки правильного ответа.;materials/audio/incoming/ru/female/topic-story-cat-question-normal.wav;public/audio/ru/female/topic-story-cat-question-normal.mp3
topic-story-cat-question;male;normal;Что у кота?;Вопросительно, без подсказки правильного ответа.;materials/audio/incoming/ru/male/topic-story-cat-question-normal.wav;public/audio/ru/male/topic-story-cat-question-normal.mp3
topic-story-fox-title;female;normal;Лиса у сосны.;Заголовок отдельным файлом.;materials/audio/incoming/ru/female/topic-story-fox-title-normal.wav;public/audio/ru/female/topic-story-fox-title-normal.mp3
topic-story-fox-title;male;normal;Лиса у сосны.;Заголовок отдельным файлом.;materials/audio/incoming/ru/male/topic-story-fox-title-normal.wav;public/audio/ru/male/topic-story-fox-title-normal.mp3
topic-story-fox-full;female;normal;"Лиса у сосны.
У сосны сани.";"Спокойный маленький рассказ; связанные предложения, ясные паузы, без лишнего драматизма.";materials/audio/incoming/ru/female/topic-story-fox-full-normal.wav;public/audio/ru/female/topic-story-fox-full-normal.mp3
topic-story-fox-full;female;slow;"Лиса у сосны.
У сосны сани.";"Спокойный маленький рассказ; связанные предложения, ясные паузы, без лишнего драматизма.";materials/audio/incoming/ru/female/topic-story-fox-full-slow.wav;public/audio/ru/female/topic-story-fox-full-slow.mp3
topic-story-fox-full;male;normal;"Лиса у сосны.
У сосны сани.";"Спокойный маленький рассказ; связанные предложения, ясные паузы, без лишнего драматизма.";materials/audio/incoming/ru/male/topic-story-fox-full-normal.wav;public/audio/ru/male/topic-story-fox-full-normal.mp3
topic-story-fox-full;male;slow;"Лиса у сосны.
У сосны сани.";"Спокойный маленький рассказ; связанные предложения, ясные паузы, без лишнего драматизма.";materials/audio/incoming/ru/male/topic-story-fox-full-slow.wav;public/audio/ru/male/topic-story-fox-full-slow.mp3
topic-story-fox-line-01;female;normal;Лиса у сосны.;"Спокойный маленький рассказ; связанные предложения, ясные паузы, без лишнего драматизма.";materials/audio/incoming/ru/female/topic-story-fox-line-01-normal.wav;public/audio/ru/female/topic-story-fox-line-01-normal.mp3
topic-story-fox-line-01;female;slow;Лиса у сосны.;"Спокойный маленький рассказ; связанные предложения, ясные паузы, без лишнего драматизма.";materials/audio/incoming/ru/female/topic-story-fox-line-01-slow.wav;public/audio/ru/female/topic-story-fox-line-01-slow.mp3
topic-story-fox-line-01;male;normal;Лиса у сосны.;"Спокойный маленький рассказ; связанные предложения, ясные паузы, без лишнего драматизма.";materials/audio/incoming/ru/male/topic-story-fox-line-01-normal.wav;public/audio/ru/male/topic-story-fox-line-01-normal.mp3
topic-story-fox-line-01;male;slow;Лиса у сосны.;"Спокойный маленький рассказ; связанные предложения, ясные паузы, без лишнего драматизма.";materials/audio/incoming/ru/male/topic-story-fox-line-01-slow.wav;public/audio/ru/male/topic-story-fox-line-01-slow.mp3
topic-story-fox-line-02;female;normal;У сосны сани.;"Спокойный маленький рассказ; связанные предложения, ясные паузы, без лишнего драматизма.";materials/audio/incoming/ru/female/topic-story-fox-line-02-normal.wav;public/audio/ru/female/topic-story-fox-line-02-normal.mp3
topic-story-fox-line-02;female;slow;У сосны сани.;"Спокойный маленький рассказ; связанные предложения, ясные паузы, без лишнего драматизма.";materials/audio/incoming/ru/female/topic-story-fox-line-02-slow.wav;public/audio/ru/female/topic-story-fox-line-02-slow.mp3
topic-story-fox-line-02;male;normal;У сосны сани.;"Спокойный маленький рассказ; связанные предложения, ясные паузы, без лишнего драматизма.";materials/audio/incoming/ru/male/topic-story-fox-line-02-normal.wav;public/audio/ru/male/topic-story-fox-line-02-normal.mp3
topic-story-fox-line-02;male;slow;У сосны сани.;"Спокойный маленький рассказ; связанные предложения, ясные паузы, без лишнего драматизма.";materials/audio/incoming/ru/male/topic-story-fox-line-02-slow.wav;public/audio/ru/male/topic-story-fox-line-02-slow.mp3
topic-story-fox-question;female;normal;Что у сосны?;Вопросительно, без подсказки правильного ответа.;materials/audio/incoming/ru/female/topic-story-fox-question-normal.wav;public/audio/ru/female/topic-story-fox-question-normal.mp3
topic-story-fox-question;male;normal;Что у сосны?;Вопросительно, без подсказки правильного ответа.;materials/audio/incoming/ru/male/topic-story-fox-question-normal.wav;public/audio/ru/male/topic-story-fox-question-normal.mp3
topic-story-dad-title;female;normal;Папа пилит.;Заголовок отдельным файлом.;materials/audio/incoming/ru/female/topic-story-dad-title-normal.wav;public/audio/ru/female/topic-story-dad-title-normal.mp3
topic-story-dad-title;male;normal;Папа пилит.;Заголовок отдельным файлом.;materials/audio/incoming/ru/male/topic-story-dad-title-normal.wav;public/audio/ru/male/topic-story-dad-title-normal.mp3
topic-story-dad-full;female;normal;"Папа пилит.
Кот спит у окна.";"Спокойный маленький рассказ; связанные предложения, ясные паузы, без лишнего драматизма.";materials/audio/incoming/ru/female/topic-story-dad-full-normal.wav;public/audio/ru/female/topic-story-dad-full-normal.mp3
topic-story-dad-full;female;slow;"Папа пилит.
Кот спит у окна.";"Спокойный маленький рассказ; связанные предложения, ясные паузы, без лишнего драматизма.";materials/audio/incoming/ru/female/topic-story-dad-full-slow.wav;public/audio/ru/female/topic-story-dad-full-slow.mp3
topic-story-dad-full;male;normal;"Папа пилит.
Кот спит у окна.";"Спокойный маленький рассказ; связанные предложения, ясные паузы, без лишнего драматизма.";materials/audio/incoming/ru/male/topic-story-dad-full-normal.wav;public/audio/ru/male/topic-story-dad-full-normal.mp3
topic-story-dad-full;male;slow;"Папа пилит.
Кот спит у окна.";"Спокойный маленький рассказ; связанные предложения, ясные паузы, без лишнего драматизма.";materials/audio/incoming/ru/male/topic-story-dad-full-slow.wav;public/audio/ru/male/topic-story-dad-full-slow.mp3
topic-story-dad-line-01;female;normal;Папа пилит.;"Спокойный маленький рассказ; связанные предложения, ясные паузы, без лишнего драматизма.";materials/audio/incoming/ru/female/topic-story-dad-line-01-normal.wav;public/audio/ru/female/topic-story-dad-line-01-normal.mp3
topic-story-dad-line-01;female;slow;Папа пилит.;"Спокойный маленький рассказ; связанные предложения, ясные паузы, без лишнего драматизма.";materials/audio/incoming/ru/female/topic-story-dad-line-01-slow.wav;public/audio/ru/female/topic-story-dad-line-01-slow.mp3
topic-story-dad-line-01;male;normal;Папа пилит.;"Спокойный маленький рассказ; связанные предложения, ясные паузы, без лишнего драматизма.";materials/audio/incoming/ru/male/topic-story-dad-line-01-normal.wav;public/audio/ru/male/topic-story-dad-line-01-normal.mp3
topic-story-dad-line-01;male;slow;Папа пилит.;"Спокойный маленький рассказ; связанные предложения, ясные паузы, без лишнего драматизма.";materials/audio/incoming/ru/male/topic-story-dad-line-01-slow.wav;public/audio/ru/male/topic-story-dad-line-01-slow.mp3
topic-story-dad-line-02;female;normal;Кот спит у окна.;"Спокойный маленький рассказ; связанные предложения, ясные паузы, без лишнего драматизма.";materials/audio/incoming/ru/female/topic-story-dad-line-02-normal.wav;public/audio/ru/female/topic-story-dad-line-02-normal.mp3
topic-story-dad-line-02;female;slow;Кот спит у окна.;"Спокойный маленький рассказ; связанные предложения, ясные паузы, без лишнего драматизма.";materials/audio/incoming/ru/female/topic-story-dad-line-02-slow.wav;public/audio/ru/female/topic-story-dad-line-02-slow.mp3
topic-story-dad-line-02;male;normal;Кот спит у окна.;"Спокойный маленький рассказ; связанные предложения, ясные паузы, без лишнего драматизма.";materials/audio/incoming/ru/male/topic-story-dad-line-02-normal.wav;public/audio/ru/male/topic-story-dad-line-02-normal.mp3
topic-story-dad-line-02;male;slow;Кот спит у окна.;"Спокойный маленький рассказ; связанные предложения, ясные паузы, без лишнего драматизма.";materials/audio/incoming/ru/male/topic-story-dad-line-02-slow.wav;public/audio/ru/male/topic-story-dad-line-02-slow.mp3
topic-story-dad-question;female;normal;Кто спит?;Вопросительно, без подсказки правильного ответа.;materials/audio/incoming/ru/female/topic-story-dad-question-normal.wav;public/audio/ru/female/topic-story-dad-question-normal.mp3
topic-story-dad-question;male;normal;Кто спит?;Вопросительно, без подсказки правильного ответа.;materials/audio/incoming/ru/male/topic-story-dad-question-normal.wav;public/audio/ru/male/topic-story-dad-question-normal.mp3
topic-rhythm-call-title;female;normal;Ритмическая разминка: Ау, ау!;Заголовок отдельным файлом.;materials/audio/incoming/ru/female/topic-rhythm-call-title-normal.wav;public/audio/ru/female/topic-rhythm-call-title-normal.mp3
topic-rhythm-call-title;male;normal;Ритмическая разминка: Ау, ау!;Заголовок отдельным файлом.;materials/audio/incoming/ru/male/topic-rhythm-call-title-normal.wav;public/audio/ru/male/topic-rhythm-call-title-normal.mp3
topic-rhythm-call-full;female;normal;"Ау, ау!
Мама, ау!";"Ритмично и естественно; не петь, не ставить ударение ради рифмы. Сохранять переносы строк. «Ау» — зов без крика; ответ чуть мягче. Тире в начале реплики не произносить.";materials/audio/incoming/ru/female/topic-rhythm-call-full-normal.wav;public/audio/ru/female/topic-rhythm-call-full-normal.mp3
topic-rhythm-call-full;female;slow;"Ау, ау!
Мама, ау!";"Ритмично и естественно; не петь, не ставить ударение ради рифмы. Сохранять переносы строк. «Ау» — зов без крика; ответ чуть мягче. Тире в начале реплики не произносить.";materials/audio/incoming/ru/female/topic-rhythm-call-full-slow.wav;public/audio/ru/female/topic-rhythm-call-full-slow.mp3
topic-rhythm-call-full;male;normal;"Ау, ау!
Мама, ау!";"Ритмично и естественно; не петь, не ставить ударение ради рифмы. Сохранять переносы строк. «Ау» — зов без крика; ответ чуть мягче. Тире в начале реплики не произносить.";materials/audio/incoming/ru/male/topic-rhythm-call-full-normal.wav;public/audio/ru/male/topic-rhythm-call-full-normal.mp3
topic-rhythm-call-full;male;slow;"Ау, ау!
Мама, ау!";"Ритмично и естественно; не петь, не ставить ударение ради рифмы. Сохранять переносы строк. «Ау» — зов без крика; ответ чуть мягче. Тире в начале реплики не произносить.";materials/audio/incoming/ru/male/topic-rhythm-call-full-slow.wav;public/audio/ru/male/topic-rhythm-call-full-slow.mp3
topic-rhythm-call-line-01;female;normal;Ау, ау!;"Ритмично и естественно; не петь, не ставить ударение ради рифмы. Сохранять переносы строк. «Ау» — зов без крика; ответ чуть мягче. Тире в начале реплики не произносить.";materials/audio/incoming/ru/female/topic-rhythm-call-line-01-normal.wav;public/audio/ru/female/topic-rhythm-call-line-01-normal.mp3
topic-rhythm-call-line-01;female;slow;Ау, ау!;"Ритмично и естественно; не петь, не ставить ударение ради рифмы. Сохранять переносы строк. «Ау» — зов без крика; ответ чуть мягче. Тире в начале реплики не произносить.";materials/audio/incoming/ru/female/topic-rhythm-call-line-01-slow.wav;public/audio/ru/female/topic-rhythm-call-line-01-slow.mp3
topic-rhythm-call-line-01;male;normal;Ау, ау!;"Ритмично и естественно; не петь, не ставить ударение ради рифмы. Сохранять переносы строк. «Ау» — зов без крика; ответ чуть мягче. Тире в начале реплики не произносить.";materials/audio/incoming/ru/male/topic-rhythm-call-line-01-normal.wav;public/audio/ru/male/topic-rhythm-call-line-01-normal.mp3
topic-rhythm-call-line-01;male;slow;Ау, ау!;"Ритмично и естественно; не петь, не ставить ударение ради рифмы. Сохранять переносы строк. «Ау» — зов без крика; ответ чуть мягче. Тире в начале реплики не произносить.";materials/audio/incoming/ru/male/topic-rhythm-call-line-01-slow.wav;public/audio/ru/male/topic-rhythm-call-line-01-slow.mp3
topic-rhythm-call-line-02;female;normal;Мама, ау!;"Ритмично и естественно; не петь, не ставить ударение ради рифмы. Сохранять переносы строк. «Ау» — зов без крика; ответ чуть мягче. Тире в начале реплики не произносить.";materials/audio/incoming/ru/female/topic-rhythm-call-line-02-normal.wav;public/audio/ru/female/topic-rhythm-call-line-02-normal.mp3
topic-rhythm-call-line-02;female;slow;Мама, ау!;"Ритмично и естественно; не петь, не ставить ударение ради рифмы. Сохранять переносы строк. «Ау» — зов без крика; ответ чуть мягче. Тире в начале реплики не произносить.";materials/audio/incoming/ru/female/topic-rhythm-call-line-02-slow.wav;public/audio/ru/female/topic-rhythm-call-line-02-slow.mp3
topic-rhythm-call-line-02;male;normal;Мама, ау!;"Ритмично и естественно; не петь, не ставить ударение ради рифмы. Сохранять переносы строк. «Ау» — зов без крика; ответ чуть мягче. Тире в начале реплики не произносить.";materials/audio/incoming/ru/male/topic-rhythm-call-line-02-normal.wav;public/audio/ru/male/topic-rhythm-call-line-02-normal.mp3
topic-rhythm-call-line-02;male;slow;Мама, ау!;"Ритмично и естественно; не петь, не ставить ударение ради рифмы. Сохранять переносы строк. «Ау» — зов без крика; ответ чуть мягче. Тире в начале реплики не произносить.";materials/audio/incoming/ru/male/topic-rhythm-call-line-02-slow.wav;public/audio/ru/male/topic-rhythm-call-line-02-slow.mp3
topic-rhythm-call-question;female;normal;Кого зовут?;Вопросительно, без подсказки правильного ответа.;materials/audio/incoming/ru/female/topic-rhythm-call-question-normal.wav;public/audio/ru/female/topic-rhythm-call-question-normal.mp3
topic-rhythm-call-question;male;normal;Кого зовут?;Вопросительно, без подсказки правильного ответа.;materials/audio/incoming/ru/male/topic-rhythm-call-question-normal.wav;public/audio/ru/male/topic-rhythm-call-question-normal.mp3
text-hint-003;female;normal;Это короткая ритмическая разминка. Перечитай строки.;Спокойная помощь, без раздражения.;materials/audio/incoming/ru/female/text-hint-003-normal.wav;public/audio/ru/female/text-hint-003-normal.mp3
text-hint-003;male;normal;Это короткая ритмическая разминка. Перечитай строки.;Спокойная помощь, без раздражения.;materials/audio/incoming/ru/male/text-hint-003-normal.wav;public/audio/ru/male/text-hint-003-normal.mp3
topic-rhythm-call-two-title;female;normal;Ритмическая разминка: Мама! Мама!;Заголовок отдельным файлом.;materials/audio/incoming/ru/female/topic-rhythm-call-two-title-normal.wav;public/audio/ru/female/topic-rhythm-call-two-title-normal.mp3
topic-rhythm-call-two-title;male;normal;Ритмическая разминка: Мама! Мама!;Заголовок отдельным файлом.;materials/audio/incoming/ru/male/topic-rhythm-call-two-title-normal.wav;public/audio/ru/male/topic-rhythm-call-two-title-normal.mp3
topic-rhythm-call-two-full;female;normal;"Мама! Мама!
Ау! Ау!";"Ритмично и естественно; не петь, не ставить ударение ради рифмы. Сохранять переносы строк. «Ау» — зов без крика; ответ чуть мягче. Тире в начале реплики не произносить.";materials/audio/incoming/ru/female/topic-rhythm-call-two-full-normal.wav;public/audio/ru/female/topic-rhythm-call-two-full-normal.mp3
topic-rhythm-call-two-full;female;slow;"Мама! Мама!
Ау! Ау!";"Ритмично и естественно; не петь, не ставить ударение ради рифмы. Сохранять переносы строк. «Ау» — зов без крика; ответ чуть мягче. Тире в начале реплики не произносить.";materials/audio/incoming/ru/female/topic-rhythm-call-two-full-slow.wav;public/audio/ru/female/topic-rhythm-call-two-full-slow.mp3
topic-rhythm-call-two-full;male;normal;"Мама! Мама!
Ау! Ау!";"Ритмично и естественно; не петь, не ставить ударение ради рифмы. Сохранять переносы строк. «Ау» — зов без крика; ответ чуть мягче. Тире в начале реплики не произносить.";materials/audio/incoming/ru/male/topic-rhythm-call-two-full-normal.wav;public/audio/ru/male/topic-rhythm-call-two-full-normal.mp3
topic-rhythm-call-two-full;male;slow;"Мама! Мама!
Ау! Ау!";"Ритмично и естественно; не петь, не ставить ударение ради рифмы. Сохранять переносы строк. «Ау» — зов без крика; ответ чуть мягче. Тире в начале реплики не произносить.";materials/audio/incoming/ru/male/topic-rhythm-call-two-full-slow.wav;public/audio/ru/male/topic-rhythm-call-two-full-slow.mp3
topic-rhythm-call-two-line-01;female;normal;Мама! Мама!;"Ритмично и естественно; не петь, не ставить ударение ради рифмы. Сохранять переносы строк. «Ау» — зов без крика; ответ чуть мягче. Тире в начале реплики не произносить.";materials/audio/incoming/ru/female/topic-rhythm-call-two-line-01-normal.wav;public/audio/ru/female/topic-rhythm-call-two-line-01-normal.mp3
topic-rhythm-call-two-line-01;female;slow;Мама! Мама!;"Ритмично и естественно; не петь, не ставить ударение ради рифмы. Сохранять переносы строк. «Ау» — зов без крика; ответ чуть мягче. Тире в начале реплики не произносить.";materials/audio/incoming/ru/female/topic-rhythm-call-two-line-01-slow.wav;public/audio/ru/female/topic-rhythm-call-two-line-01-slow.mp3
topic-rhythm-call-two-line-01;male;normal;Мама! Мама!;"Ритмично и естественно; не петь, не ставить ударение ради рифмы. Сохранять переносы строк. «Ау» — зов без крика; ответ чуть мягче. Тире в начале реплики не произносить.";materials/audio/incoming/ru/male/topic-rhythm-call-two-line-01-normal.wav;public/audio/ru/male/topic-rhythm-call-two-line-01-normal.mp3
topic-rhythm-call-two-line-01;male;slow;Мама! Мама!;"Ритмично и естественно; не петь, не ставить ударение ради рифмы. Сохранять переносы строк. «Ау» — зов без крика; ответ чуть мягче. Тире в начале реплики не произносить.";materials/audio/incoming/ru/male/topic-rhythm-call-two-line-01-slow.wav;public/audio/ru/male/topic-rhythm-call-two-line-01-slow.mp3
topic-rhythm-call-two-line-02;female;normal;Ау! Ау!;"Ритмично и естественно; не петь, не ставить ударение ради рифмы. Сохранять переносы строк. «Ау» — зов без крика; ответ чуть мягче. Тире в начале реплики не произносить.";materials/audio/incoming/ru/female/topic-rhythm-call-two-line-02-normal.wav;public/audio/ru/female/topic-rhythm-call-two-line-02-normal.mp3
topic-rhythm-call-two-line-02;female;slow;Ау! Ау!;"Ритмично и естественно; не петь, не ставить ударение ради рифмы. Сохранять переносы строк. «Ау» — зов без крика; ответ чуть мягче. Тире в начале реплики не произносить.";materials/audio/incoming/ru/female/topic-rhythm-call-two-line-02-slow.wav;public/audio/ru/female/topic-rhythm-call-two-line-02-slow.mp3
topic-rhythm-call-two-line-02;male;normal;Ау! Ау!;"Ритмично и естественно; не петь, не ставить ударение ради рифмы. Сохранять переносы строк. «Ау» — зов без крика; ответ чуть мягче. Тире в начале реплики не произносить.";materials/audio/incoming/ru/male/topic-rhythm-call-two-line-02-normal.wav;public/audio/ru/male/topic-rhythm-call-two-line-02-normal.mp3
topic-rhythm-call-two-line-02;male;slow;Ау! Ау!;"Ритмично и естественно; не петь, не ставить ударение ради рифмы. Сохранять переносы строк. «Ау» — зов без крика; ответ чуть мягче. Тире в начале реплики не произносить.";materials/audio/incoming/ru/male/topic-rhythm-call-two-line-02-slow.wav;public/audio/ru/male/topic-rhythm-call-two-line-02-slow.mp3
topic-rhythm-call-two-question;female;normal;Как зовут?;Вопросительно, без подсказки правильного ответа.;materials/audio/incoming/ru/female/topic-rhythm-call-two-question-normal.wav;public/audio/ru/female/topic-rhythm-call-two-question-normal.mp3
topic-rhythm-call-two-question;male;normal;Как зовут?;Вопросительно, без подсказки правильного ответа.;materials/audio/incoming/ru/male/topic-rhythm-call-two-question-normal.wav;public/audio/ru/male/topic-rhythm-call-two-question-normal.mp3
topic-rhythm-wasp-title;female;normal;Ритмическая разминка: Оса, оса!;Заголовок отдельным файлом.;materials/audio/incoming/ru/female/topic-rhythm-wasp-title-normal.wav;public/audio/ru/female/topic-rhythm-wasp-title-normal.mp3
topic-rhythm-wasp-title;male;normal;Ритмическая разминка: Оса, оса!;Заголовок отдельным файлом.;materials/audio/incoming/ru/male/topic-rhythm-wasp-title-normal.wav;public/audio/ru/male/topic-rhythm-wasp-title-normal.mp3
topic-rhythm-wasp-full;female;normal;"Оса, оса!
У сома усы.";"Ритмично и естественно; не петь, не ставить ударение ради рифмы. Сохранять переносы строк.";materials/audio/incoming/ru/female/topic-rhythm-wasp-full-normal.wav;public/audio/ru/female/topic-rhythm-wasp-full-normal.mp3
topic-rhythm-wasp-full;female;slow;"Оса, оса!
У сома усы.";"Ритмично и естественно; не петь, не ставить ударение ради рифмы. Сохранять переносы строк.";materials/audio/incoming/ru/female/topic-rhythm-wasp-full-slow.wav;public/audio/ru/female/topic-rhythm-wasp-full-slow.mp3
topic-rhythm-wasp-full;male;normal;"Оса, оса!
У сома усы.";"Ритмично и естественно; не петь, не ставить ударение ради рифмы. Сохранять переносы строк.";materials/audio/incoming/ru/male/topic-rhythm-wasp-full-normal.wav;public/audio/ru/male/topic-rhythm-wasp-full-normal.mp3
topic-rhythm-wasp-full;male;slow;"Оса, оса!
У сома усы.";"Ритмично и естественно; не петь, не ставить ударение ради рифмы. Сохранять переносы строк.";materials/audio/incoming/ru/male/topic-rhythm-wasp-full-slow.wav;public/audio/ru/male/topic-rhythm-wasp-full-slow.mp3
topic-rhythm-wasp-line-01;female;normal;Оса, оса!;"Ритмично и естественно; не петь, не ставить ударение ради рифмы. Сохранять переносы строк.";materials/audio/incoming/ru/female/topic-rhythm-wasp-line-01-normal.wav;public/audio/ru/female/topic-rhythm-wasp-line-01-normal.mp3
topic-rhythm-wasp-line-01;female;slow;Оса, оса!;"Ритмично и естественно; не петь, не ставить ударение ради рифмы. Сохранять переносы строк.";materials/audio/incoming/ru/female/topic-rhythm-wasp-line-01-slow.wav;public/audio/ru/female/topic-rhythm-wasp-line-01-slow.mp3
topic-rhythm-wasp-line-01;male;normal;Оса, оса!;"Ритмично и естественно; не петь, не ставить ударение ради рифмы. Сохранять переносы строк.";materials/audio/incoming/ru/male/topic-rhythm-wasp-line-01-normal.wav;public/audio/ru/male/topic-rhythm-wasp-line-01-normal.mp3
topic-rhythm-wasp-line-01;male;slow;Оса, оса!;"Ритмично и естественно; не петь, не ставить ударение ради рифмы. Сохранять переносы строк.";materials/audio/incoming/ru/male/topic-rhythm-wasp-line-01-slow.wav;public/audio/ru/male/topic-rhythm-wasp-line-01-slow.mp3
topic-rhythm-wasp-line-02;female;normal;У сома усы.;"Ритмично и естественно; не петь, не ставить ударение ради рифмы. Сохранять переносы строк.";materials/audio/incoming/ru/female/topic-rhythm-wasp-line-02-normal.wav;public/audio/ru/female/topic-rhythm-wasp-line-02-normal.mp3
topic-rhythm-wasp-line-02;female;slow;У сома усы.;"Ритмично и естественно; не петь, не ставить ударение ради рифмы. Сохранять переносы строк.";materials/audio/incoming/ru/female/topic-rhythm-wasp-line-02-slow.wav;public/audio/ru/female/topic-rhythm-wasp-line-02-slow.mp3
topic-rhythm-wasp-line-02;male;normal;У сома усы.;"Ритмично и естественно; не петь, не ставить ударение ради рифмы. Сохранять переносы строк.";materials/audio/incoming/ru/male/topic-rhythm-wasp-line-02-normal.wav;public/audio/ru/male/topic-rhythm-wasp-line-02-normal.mp3
topic-rhythm-wasp-line-02;male;slow;У сома усы.;"Ритмично и естественно; не петь, не ставить ударение ради рифмы. Сохранять переносы строк.";materials/audio/incoming/ru/male/topic-rhythm-wasp-line-02-slow.wav;public/audio/ru/male/topic-rhythm-wasp-line-02-slow.mp3
topic-rhythm-wasp-question;female;normal;У кого усы?;Вопросительно, без подсказки правильного ответа.;materials/audio/incoming/ru/female/topic-rhythm-wasp-question-normal.wav;public/audio/ru/female/topic-rhythm-wasp-question-normal.mp3
topic-rhythm-wasp-question;male;normal;У кого усы?;Вопросительно, без подсказки правильного ответа.;materials/audio/incoming/ru/male/topic-rhythm-wasp-question-normal.wav;public/audio/ru/male/topic-rhythm-wasp-question-normal.mp3
answer-029;female;normal;У сома;"Нейтрально; одинаковый тон у всех вариантов.";materials/audio/incoming/ru/female/answer-029-normal.wav;public/audio/ru/female/answer-029-normal.mp3
answer-029;male;normal;У сома;"Нейтрально; одинаковый тон у всех вариантов.";materials/audio/incoming/ru/male/answer-029-normal.wav;public/audio/ru/male/answer-029-normal.mp3
answer-030;female;normal;У осы;"Нейтрально; одинаковый тон у всех вариантов.";materials/audio/incoming/ru/female/answer-030-normal.wav;public/audio/ru/female/answer-030-normal.mp3
answer-030;male;normal;У осы;"Нейтрально; одинаковый тон у всех вариантов.";materials/audio/incoming/ru/male/answer-030-normal.wav;public/audio/ru/male/answer-030-normal.mp3
sentence-cat-title;female;normal;Кот;Заголовок отдельным файлом.;materials/audio/incoming/ru/female/sentence-cat-title-normal.wav;public/audio/ru/female/sentence-cat-title-normal.mp3
sentence-cat-title;male;normal;Кот;Заголовок отдельным файлом.;materials/audio/incoming/ru/male/sentence-cat-title-normal.wav;public/audio/ru/male/sentence-cat-title-normal.mp3
sentence-cat-full;female;normal;Кот спит.;"Ровное смысловое чтение; финальную точку завершить.";materials/audio/incoming/ru/female/sentence-cat-full-normal.wav;public/audio/ru/female/sentence-cat-full-normal.mp3
sentence-cat-full;female;slow;Кот спит.;"Ровное смысловое чтение; финальную точку завершить.";materials/audio/incoming/ru/female/sentence-cat-full-slow.wav;public/audio/ru/female/sentence-cat-full-slow.mp3
sentence-cat-full;male;normal;Кот спит.;"Ровное смысловое чтение; финальную точку завершить.";materials/audio/incoming/ru/male/sentence-cat-full-normal.wav;public/audio/ru/male/sentence-cat-full-normal.mp3
sentence-cat-full;male;slow;Кот спит.;"Ровное смысловое чтение; финальную точку завершить.";materials/audio/incoming/ru/male/sentence-cat-full-slow.wav;public/audio/ru/male/sentence-cat-full-slow.mp3
sentence-cat-line-01;female;normal;Кот спит.;"Ровное смысловое чтение; финальную точку завершить.";materials/audio/incoming/ru/female/sentence-cat-line-01-normal.wav;public/audio/ru/female/sentence-cat-line-01-normal.mp3
sentence-cat-line-01;female;slow;Кот спит.;"Ровное смысловое чтение; финальную точку завершить.";materials/audio/incoming/ru/female/sentence-cat-line-01-slow.wav;public/audio/ru/female/sentence-cat-line-01-slow.mp3
sentence-cat-line-01;male;normal;Кот спит.;"Ровное смысловое чтение; финальную точку завершить.";materials/audio/incoming/ru/male/sentence-cat-line-01-normal.wav;public/audio/ru/male/sentence-cat-line-01-normal.mp3
sentence-cat-line-01;male;slow;Кот спит.;"Ровное смысловое чтение; финальную точку завершить.";materials/audio/incoming/ru/male/sentence-cat-line-01-slow.wav;public/audio/ru/male/sentence-cat-line-01-slow.mp3
sentence-cat-question;female;normal;Что делает кот?;Вопросительно, без подсказки правильного ответа.;materials/audio/incoming/ru/female/sentence-cat-question-normal.wav;public/audio/ru/female/sentence-cat-question-normal.mp3
sentence-cat-question;male;normal;Что делает кот?;Вопросительно, без подсказки правильного ответа.;materials/audio/incoming/ru/male/sentence-cat-question-normal.wav;public/audio/ru/male/sentence-cat-question-normal.mp3
answer-031;female;normal;Бежит;"Нейтрально; одинаковый тон у всех вариантов.";materials/audio/incoming/ru/female/answer-031-normal.wav;public/audio/ru/female/answer-031-normal.mp3
answer-031;male;normal;Бежит;"Нейтрально; одинаковый тон у всех вариантов.";materials/audio/incoming/ru/male/answer-031-normal.wav;public/audio/ru/male/answer-031-normal.mp3
answer-032;female;normal;Ест;"Нейтрально; одинаковый тон у всех вариантов.";materials/audio/incoming/ru/female/answer-032-normal.wav;public/audio/ru/female/answer-032-normal.mp3
answer-032;male;normal;Ест;"Нейтрально; одинаковый тон у всех вариантов.";materials/audio/incoming/ru/male/answer-032-normal.wav;public/audio/ru/male/answer-032-normal.mp3
text-hint-004;female;normal;Найди слово после «кот».;Спокойная помощь, без раздражения.;materials/audio/incoming/ru/female/text-hint-004-normal.wav;public/audio/ru/female/text-hint-004-normal.mp3
text-hint-004;male;normal;Найди слово после «кот».;Спокойная помощь, без раздражения.;materials/audio/incoming/ru/male/text-hint-004-normal.wav;public/audio/ru/male/text-hint-004-normal.mp3
sentence-mum-title;female;normal;Мама;Заголовок отдельным файлом.;materials/audio/incoming/ru/female/sentence-mum-title-normal.wav;public/audio/ru/female/sentence-mum-title-normal.mp3
sentence-mum-title;male;normal;Мама;Заголовок отдельным файлом.;materials/audio/incoming/ru/male/sentence-mum-title-normal.wav;public/audio/ru/male/sentence-mum-title-normal.mp3
sentence-mum-full;female;normal;Мама мыла раму.;"Ровное смысловое чтение; финальную точку завершить.";materials/audio/incoming/ru/female/sentence-mum-full-normal.wav;public/audio/ru/female/sentence-mum-full-normal.mp3
sentence-mum-full;female;slow;Мама мыла раму.;"Ровное смысловое чтение; финальную точку завершить.";materials/audio/incoming/ru/female/sentence-mum-full-slow.wav;public/audio/ru/female/sentence-mum-full-slow.mp3
sentence-mum-full;male;normal;Мама мыла раму.;"Ровное смысловое чтение; финальную точку завершить.";materials/audio/incoming/ru/male/sentence-mum-full-normal.wav;public/audio/ru/male/sentence-mum-full-normal.mp3
sentence-mum-full;male;slow;Мама мыла раму.;"Ровное смысловое чтение; финальную точку завершить.";materials/audio/incoming/ru/male/sentence-mum-full-slow.wav;public/audio/ru/male/sentence-mum-full-slow.mp3
sentence-mum-line-01;female;normal;Мама мыла раму.;"Ровное смысловое чтение; финальную точку завершить.";materials/audio/incoming/ru/female/sentence-mum-line-01-normal.wav;public/audio/ru/female/sentence-mum-line-01-normal.mp3
sentence-mum-line-01;female;slow;Мама мыла раму.;"Ровное смысловое чтение; финальную точку завершить.";materials/audio/incoming/ru/female/sentence-mum-line-01-slow.wav;public/audio/ru/female/sentence-mum-line-01-slow.mp3
sentence-mum-line-01;male;normal;Мама мыла раму.;"Ровное смысловое чтение; финальную точку завершить.";materials/audio/incoming/ru/male/sentence-mum-line-01-normal.wav;public/audio/ru/male/sentence-mum-line-01-normal.mp3
sentence-mum-line-01;male;slow;Мама мыла раму.;"Ровное смысловое чтение; финальную точку завершить.";materials/audio/incoming/ru/male/sentence-mum-line-01-slow.wav;public/audio/ru/male/sentence-mum-line-01-slow.mp3
sentence-mum-question;female;normal;Что мыла мама?;Вопросительно, без подсказки правильного ответа.;materials/audio/incoming/ru/female/sentence-mum-question-normal.wav;public/audio/ru/female/sentence-mum-question-normal.mp3
sentence-mum-question;male;normal;Что мыла мама?;Вопросительно, без подсказки правильного ответа.;materials/audio/incoming/ru/male/sentence-mum-question-normal.wav;public/audio/ru/male/sentence-mum-question-normal.mp3
answer-033;female;normal;Чашку;"Нейтрально; одинаковый тон у всех вариантов.";materials/audio/incoming/ru/female/answer-033-normal.wav;public/audio/ru/female/answer-033-normal.mp3
answer-033;male;normal;Чашку;"Нейтрально; одинаковый тон у всех вариантов.";materials/audio/incoming/ru/male/answer-033-normal.wav;public/audio/ru/male/answer-033-normal.mp3
answer-034;female;normal;Руку;"Нейтрально; одинаковый тон у всех вариантов.";materials/audio/incoming/ru/female/answer-034-normal.wav;public/audio/ru/female/answer-034-normal.mp3
answer-034;male;normal;Руку;"Нейтрально; одинаковый тон у всех вариантов.";materials/audio/incoming/ru/male/answer-034-normal.wav;public/audio/ru/male/answer-034-normal.mp3
text-hint-005;female;normal;Прочитай последнее слово.;Спокойная помощь, без раздражения.;materials/audio/incoming/ru/female/text-hint-005-normal.wav;public/audio/ru/female/text-hint-005-normal.mp3
text-hint-005;male;normal;Прочитай последнее слово.;Спокойная помощь, без раздражения.;materials/audio/incoming/ru/male/text-hint-005-normal.wav;public/audio/ru/male/text-hint-005-normal.mp3
sentence-ball-title;female;normal;Мяч;Заголовок отдельным файлом.;materials/audio/incoming/ru/female/sentence-ball-title-normal.wav;public/audio/ru/female/sentence-ball-title-normal.mp3
sentence-ball-title;male;normal;Мяч;Заголовок отдельным файлом.;materials/audio/incoming/ru/male/sentence-ball-title-normal.wav;public/audio/ru/male/sentence-ball-title-normal.mp3
sentence-ball-full;female;normal;У Нины мяч.;"Ровное смысловое чтение; финальную точку завершить.";materials/audio/incoming/ru/female/sentence-ball-full-normal.wav;public/audio/ru/female/sentence-ball-full-normal.mp3
sentence-ball-full;female;slow;У Нины мяч.;"Ровное смысловое чтение; финальную точку завершить.";materials/audio/incoming/ru/female/sentence-ball-full-slow.wav;public/audio/ru/female/sentence-ball-full-slow.mp3
sentence-ball-full;male;normal;У Нины мяч.;"Ровное смысловое чтение; финальную точку завершить.";materials/audio/incoming/ru/male/sentence-ball-full-normal.wav;public/audio/ru/male/sentence-ball-full-normal.mp3
sentence-ball-full;male;slow;У Нины мяч.;"Ровное смысловое чтение; финальную точку завершить.";materials/audio/incoming/ru/male/sentence-ball-full-slow.wav;public/audio/ru/male/sentence-ball-full-slow.mp3
sentence-ball-line-01;female;normal;У Нины мяч.;"Ровное смысловое чтение; финальную точку завершить.";materials/audio/incoming/ru/female/sentence-ball-line-01-normal.wav;public/audio/ru/female/sentence-ball-line-01-normal.mp3
sentence-ball-line-01;female;slow;У Нины мяч.;"Ровное смысловое чтение; финальную точку завершить.";materials/audio/incoming/ru/female/sentence-ball-line-01-slow.wav;public/audio/ru/female/sentence-ball-line-01-slow.mp3
sentence-ball-line-01;male;normal;У Нины мяч.;"Ровное смысловое чтение; финальную точку завершить.";materials/audio/incoming/ru/male/sentence-ball-line-01-normal.wav;public/audio/ru/male/sentence-ball-line-01-normal.mp3
sentence-ball-line-01;male;slow;У Нины мяч.;"Ровное смысловое чтение; финальную точку завершить.";materials/audio/incoming/ru/male/sentence-ball-line-01-slow.wav;public/audio/ru/male/sentence-ball-line-01-slow.mp3
sentence-ball-question;female;normal;У кого мяч?;Вопросительно, без подсказки правильного ответа.;materials/audio/incoming/ru/female/sentence-ball-question-normal.wav;public/audio/ru/female/sentence-ball-question-normal.mp3
sentence-ball-question;male;normal;У кого мяч?;Вопросительно, без подсказки правильного ответа.;materials/audio/incoming/ru/male/sentence-ball-question-normal.wav;public/audio/ru/male/sentence-ball-question-normal.mp3
answer-035;female;normal;У Нины;"Нейтрально; одинаковый тон у всех вариантов.";materials/audio/incoming/ru/female/answer-035-normal.wav;public/audio/ru/female/answer-035-normal.mp3
answer-035;male;normal;У Нины;"Нейтрально; одинаковый тон у всех вариантов.";materials/audio/incoming/ru/male/answer-035-normal.wav;public/audio/ru/male/answer-035-normal.mp3
answer-036;female;normal;У мамы;"Нейтрально; одинаковый тон у всех вариантов.";materials/audio/incoming/ru/female/answer-036-normal.wav;public/audio/ru/female/answer-036-normal.mp3
answer-036;male;normal;У мамы;"Нейтрально; одинаковый тон у всех вариантов.";materials/audio/incoming/ru/male/answer-036-normal.wav;public/audio/ru/male/answer-036-normal.mp3
answer-037;female;normal;У кота;"Нейтрально; одинаковый тон у всех вариантов.";materials/audio/incoming/ru/female/answer-037-normal.wav;public/audio/ru/female/answer-037-normal.mp3
answer-037;male;normal;У кота;"Нейтрально; одинаковый тон у всех вариантов.";materials/audio/incoming/ru/male/answer-037-normal.wav;public/audio/ru/male/answer-037-normal.mp3
text-hint-006;female;normal;Найди имя в предложении.;Спокойная помощь, без раздражения.;materials/audio/incoming/ru/female/text-hint-006-normal.wav;public/audio/ru/female/text-hint-006-normal.mp3
text-hint-006;male;normal;Найди имя в предложении.;Спокойная помощь, без раздражения.;materials/audio/incoming/ru/male/text-hint-006-normal.wav;public/audio/ru/male/text-hint-006-normal.mp3
sentence-fox-title;female;normal;Лиса;Заголовок отдельным файлом.;materials/audio/incoming/ru/female/sentence-fox-title-normal.wav;public/audio/ru/female/sentence-fox-title-normal.mp3
sentence-fox-title;male;normal;Лиса;Заголовок отдельным файлом.;materials/audio/incoming/ru/male/sentence-fox-title-normal.wav;public/audio/ru/male/sentence-fox-title-normal.mp3
sentence-fox-full;female;normal;Лиса идёт в лес.;"Ровное смысловое чтение; финальную точку завершить.";materials/audio/incoming/ru/female/sentence-fox-full-normal.wav;public/audio/ru/female/sentence-fox-full-normal.mp3
sentence-fox-full;female;slow;Лиса идёт в лес.;"Ровное смысловое чтение; финальную точку завершить.";materials/audio/incoming/ru/female/sentence-fox-full-slow.wav;public/audio/ru/female/sentence-fox-full-slow.mp3
sentence-fox-full;male;normal;Лиса идёт в лес.;"Ровное смысловое чтение; финальную точку завершить.";materials/audio/incoming/ru/male/sentence-fox-full-normal.wav;public/audio/ru/male/sentence-fox-full-normal.mp3
sentence-fox-full;male;slow;Лиса идёт в лес.;"Ровное смысловое чтение; финальную точку завершить.";materials/audio/incoming/ru/male/sentence-fox-full-slow.wav;public/audio/ru/male/sentence-fox-full-slow.mp3
sentence-fox-line-01;female;normal;Лиса идёт в лес.;"Ровное смысловое чтение; финальную точку завершить.";materials/audio/incoming/ru/female/sentence-fox-line-01-normal.wav;public/audio/ru/female/sentence-fox-line-01-normal.mp3
sentence-fox-line-01;female;slow;Лиса идёт в лес.;"Ровное смысловое чтение; финальную точку завершить.";materials/audio/incoming/ru/female/sentence-fox-line-01-slow.wav;public/audio/ru/female/sentence-fox-line-01-slow.mp3
sentence-fox-line-01;male;normal;Лиса идёт в лес.;"Ровное смысловое чтение; финальную точку завершить.";materials/audio/incoming/ru/male/sentence-fox-line-01-normal.wav;public/audio/ru/male/sentence-fox-line-01-normal.mp3
sentence-fox-line-01;male;slow;Лиса идёт в лес.;"Ровное смысловое чтение; финальную точку завершить.";materials/audio/incoming/ru/male/sentence-fox-line-01-slow.wav;public/audio/ru/male/sentence-fox-line-01-slow.mp3
sentence-fox-question;female;normal;Куда идёт лиса?;Вопросительно, без подсказки правильного ответа.;materials/audio/incoming/ru/female/sentence-fox-question-normal.wav;public/audio/ru/female/sentence-fox-question-normal.mp3
sentence-fox-question;male;normal;Куда идёт лиса?;Вопросительно, без подсказки правильного ответа.;materials/audio/incoming/ru/male/sentence-fox-question-normal.wav;public/audio/ru/male/sentence-fox-question-normal.mp3
answer-038;female;normal;В лес;"Нейтрально; одинаковый тон у всех вариантов.";materials/audio/incoming/ru/female/answer-038-normal.wav;public/audio/ru/female/answer-038-normal.mp3
answer-038;male;normal;В лес;"Нейтрально; одинаковый тон у всех вариантов.";materials/audio/incoming/ru/male/answer-038-normal.wav;public/audio/ru/male/answer-038-normal.mp3
answer-039;female;normal;В дом;"Нейтрально; одинаковый тон у всех вариантов.";materials/audio/incoming/ru/female/answer-039-normal.wav;public/audio/ru/female/answer-039-normal.mp3
answer-039;male;normal;В дом;"Нейтрально; одинаковый тон у всех вариантов.";materials/audio/incoming/ru/male/answer-039-normal.wav;public/audio/ru/male/answer-039-normal.mp3
answer-040;female;normal;В парк;"Нейтрально; одинаковый тон у всех вариантов.";materials/audio/incoming/ru/female/answer-040-normal.wav;public/audio/ru/female/answer-040-normal.mp3
answer-040;male;normal;В парк;"Нейтрально; одинаковый тон у всех вариантов.";materials/audio/incoming/ru/male/answer-040-normal.wav;public/audio/ru/male/answer-040-normal.mp3
text-hint-007;female;normal;Прочитай два последних слова.;Спокойная помощь, без раздражения.;materials/audio/incoming/ru/female/text-hint-007-normal.wav;public/audio/ru/female/text-hint-007-normal.mp3
text-hint-007;male;normal;Прочитай два последних слова.;Спокойная помощь, без раздражения.;materials/audio/incoming/ru/male/text-hint-007-normal.wav;public/audio/ru/male/text-hint-007-normal.mp3
story-cat-title;female;normal;Тихий уголок;Заголовок отдельным файлом.;materials/audio/incoming/ru/female/story-cat-title-normal.wav;public/audio/ru/female/story-cat-title-normal.mp3
story-cat-title;male;normal;Тихий уголок;Заголовок отдельным файлом.;materials/audio/incoming/ru/male/story-cat-title-normal.wav;public/audio/ru/male/story-cat-title-normal.mp3
story-cat-full;female;normal;"У Сони кот. Его зовут Тим.
Тим лёг на коврик.
Соня села рядом. Кот уснул.";"Спокойный маленький рассказ; связанные предложения, ясные паузы, без лишнего драматизма.";materials/audio/incoming/ru/female/story-cat-full-normal.wav;public/audio/ru/female/story-cat-full-normal.mp3
story-cat-full;female;slow;"У Сони кот. Его зовут Тим.
Тим лёг на коврик.
Соня села рядом. Кот уснул.";"Спокойный маленький рассказ; связанные предложения, ясные паузы, без лишнего драматизма.";materials/audio/incoming/ru/female/story-cat-full-slow.wav;public/audio/ru/female/story-cat-full-slow.mp3
story-cat-full;male;normal;"У Сони кот. Его зовут Тим.
Тим лёг на коврик.
Соня села рядом. Кот уснул.";"Спокойный маленький рассказ; связанные предложения, ясные паузы, без лишнего драматизма.";materials/audio/incoming/ru/male/story-cat-full-normal.wav;public/audio/ru/male/story-cat-full-normal.mp3
story-cat-full;male;slow;"У Сони кот. Его зовут Тим.
Тим лёг на коврик.
Соня села рядом. Кот уснул.";"Спокойный маленький рассказ; связанные предложения, ясные паузы, без лишнего драматизма.";materials/audio/incoming/ru/male/story-cat-full-slow.wav;public/audio/ru/male/story-cat-full-slow.mp3
story-cat-line-01;female;normal;У Сони кот. Его зовут Тим.;"Спокойный маленький рассказ; связанные предложения, ясные паузы, без лишнего драматизма.";materials/audio/incoming/ru/female/story-cat-line-01-normal.wav;public/audio/ru/female/story-cat-line-01-normal.mp3
story-cat-line-01;female;slow;У Сони кот. Его зовут Тим.;"Спокойный маленький рассказ; связанные предложения, ясные паузы, без лишнего драматизма.";materials/audio/incoming/ru/female/story-cat-line-01-slow.wav;public/audio/ru/female/story-cat-line-01-slow.mp3
story-cat-line-01;male;normal;У Сони кот. Его зовут Тим.;"Спокойный маленький рассказ; связанные предложения, ясные паузы, без лишнего драматизма.";materials/audio/incoming/ru/male/story-cat-line-01-normal.wav;public/audio/ru/male/story-cat-line-01-normal.mp3
story-cat-line-01;male;slow;У Сони кот. Его зовут Тим.;"Спокойный маленький рассказ; связанные предложения, ясные паузы, без лишнего драматизма.";materials/audio/incoming/ru/male/story-cat-line-01-slow.wav;public/audio/ru/male/story-cat-line-01-slow.mp3
story-cat-line-02;female;normal;Тим лёг на коврик.;"Спокойный маленький рассказ; связанные предложения, ясные паузы, без лишнего драматизма.";materials/audio/incoming/ru/female/story-cat-line-02-normal.wav;public/audio/ru/female/story-cat-line-02-normal.mp3
story-cat-line-02;female;slow;Тим лёг на коврик.;"Спокойный маленький рассказ; связанные предложения, ясные паузы, без лишнего драматизма.";materials/audio/incoming/ru/female/story-cat-line-02-slow.wav;public/audio/ru/female/story-cat-line-02-slow.mp3
story-cat-line-02;male;normal;Тим лёг на коврик.;"Спокойный маленький рассказ; связанные предложения, ясные паузы, без лишнего драматизма.";materials/audio/incoming/ru/male/story-cat-line-02-normal.wav;public/audio/ru/male/story-cat-line-02-normal.mp3
story-cat-line-02;male;slow;Тим лёг на коврик.;"Спокойный маленький рассказ; связанные предложения, ясные паузы, без лишнего драматизма.";materials/audio/incoming/ru/male/story-cat-line-02-slow.wav;public/audio/ru/male/story-cat-line-02-slow.mp3
story-cat-line-03;female;normal;Соня села рядом. Кот уснул.;"Спокойный маленький рассказ; связанные предложения, ясные паузы, без лишнего драматизма.";materials/audio/incoming/ru/female/story-cat-line-03-normal.wav;public/audio/ru/female/story-cat-line-03-normal.mp3
story-cat-line-03;female;slow;Соня села рядом. Кот уснул.;"Спокойный маленький рассказ; связанные предложения, ясные паузы, без лишнего драматизма.";materials/audio/incoming/ru/female/story-cat-line-03-slow.wav;public/audio/ru/female/story-cat-line-03-slow.mp3
story-cat-line-03;male;normal;Соня села рядом. Кот уснул.;"Спокойный маленький рассказ; связанные предложения, ясные паузы, без лишнего драматизма.";materials/audio/incoming/ru/male/story-cat-line-03-normal.wav;public/audio/ru/male/story-cat-line-03-normal.mp3
story-cat-line-03;male;slow;Соня села рядом. Кот уснул.;"Спокойный маленький рассказ; связанные предложения, ясные паузы, без лишнего драматизма.";materials/audio/incoming/ru/male/story-cat-line-03-slow.wav;public/audio/ru/male/story-cat-line-03-slow.mp3
story-cat-question;female;normal;Где уснул Тим?;Вопросительно, без подсказки правильного ответа.;materials/audio/incoming/ru/female/story-cat-question-normal.wav;public/audio/ru/female/story-cat-question-normal.mp3
story-cat-question;male;normal;Где уснул Тим?;Вопросительно, без подсказки правильного ответа.;materials/audio/incoming/ru/male/story-cat-question-normal.wav;public/audio/ru/male/story-cat-question-normal.mp3
answer-041;female;normal;На коврике;"Нейтрально; одинаковый тон у всех вариантов.";materials/audio/incoming/ru/female/answer-041-normal.wav;public/audio/ru/female/answer-041-normal.mp3
answer-041;male;normal;На коврике;"Нейтрально; одинаковый тон у всех вариантов.";materials/audio/incoming/ru/male/answer-041-normal.wav;public/audio/ru/male/answer-041-normal.mp3
answer-042;female;normal;На столе;"Нейтрально; одинаковый тон у всех вариантов.";materials/audio/incoming/ru/female/answer-042-normal.wav;public/audio/ru/female/answer-042-normal.mp3
answer-042;male;normal;На столе;"Нейтрально; одинаковый тон у всех вариантов.";materials/audio/incoming/ru/male/answer-042-normal.wav;public/audio/ru/male/answer-042-normal.mp3
answer-043;female;normal;На окне;"Нейтрально; одинаковый тон у всех вариантов.";materials/audio/incoming/ru/female/answer-043-normal.wav;public/audio/ru/female/answer-043-normal.mp3
answer-043;male;normal;На окне;"Нейтрально; одинаковый тон у всех вариантов.";materials/audio/incoming/ru/male/answer-043-normal.wav;public/audio/ru/male/answer-043-normal.mp3
text-hint-008;female;normal;Во второй строке сказано, куда лёг кот.;Спокойная помощь, без раздражения.;materials/audio/incoming/ru/female/text-hint-008-normal.wav;public/audio/ru/female/text-hint-008-normal.mp3
text-hint-008;male;normal;Во второй строке сказано, куда лёг кот.;Спокойная помощь, без раздражения.;materials/audio/incoming/ru/male/text-hint-008-normal.wav;public/audio/ru/male/text-hint-008-normal.mp3
story-boat-title;female;normal;Бумажная лодка;Заголовок отдельным файлом.;materials/audio/incoming/ru/female/story-boat-title-normal.wav;public/audio/ru/female/story-boat-title-normal.mp3
story-boat-title;male;normal;Бумажная лодка;Заголовок отдельным файлом.;materials/audio/incoming/ru/male/story-boat-title-normal.wav;public/audio/ru/male/story-boat-title-normal.mp3
story-boat-full;female;normal;"Миша сделал лодку из бумаги.
Он пустил её в таз с водой.
Лодка плывёт. Миша машет ей рукой.";"Спокойный маленький рассказ; связанные предложения, ясные паузы, без лишнего драматизма.";materials/audio/incoming/ru/female/story-boat-full-normal.wav;public/audio/ru/female/story-boat-full-normal.mp3
story-boat-full;female;slow;"Миша сделал лодку из бумаги.
Он пустил её в таз с водой.
Лодка плывёт. Миша машет ей рукой.";"Спокойный маленький рассказ; связанные предложения, ясные паузы, без лишнего драматизма.";materials/audio/incoming/ru/female/story-boat-full-slow.wav;public/audio/ru/female/story-boat-full-slow.mp3
story-boat-full;male;normal;"Миша сделал лодку из бумаги.
Он пустил её в таз с водой.
Лодка плывёт. Миша машет ей рукой.";"Спокойный маленький рассказ; связанные предложения, ясные паузы, без лишнего драматизма.";materials/audio/incoming/ru/male/story-boat-full-normal.wav;public/audio/ru/male/story-boat-full-normal.mp3
story-boat-full;male;slow;"Миша сделал лодку из бумаги.
Он пустил её в таз с водой.
Лодка плывёт. Миша машет ей рукой.";"Спокойный маленький рассказ; связанные предложения, ясные паузы, без лишнего драматизма.";materials/audio/incoming/ru/male/story-boat-full-slow.wav;public/audio/ru/male/story-boat-full-slow.mp3
story-boat-line-01;female;normal;Миша сделал лодку из бумаги.;"Спокойный маленький рассказ; связанные предложения, ясные паузы, без лишнего драматизма.";materials/audio/incoming/ru/female/story-boat-line-01-normal.wav;public/audio/ru/female/story-boat-line-01-normal.mp3
story-boat-line-01;female;slow;Миша сделал лодку из бумаги.;"Спокойный маленький рассказ; связанные предложения, ясные паузы, без лишнего драматизма.";materials/audio/incoming/ru/female/story-boat-line-01-slow.wav;public/audio/ru/female/story-boat-line-01-slow.mp3
story-boat-line-01;male;normal;Миша сделал лодку из бумаги.;"Спокойный маленький рассказ; связанные предложения, ясные паузы, без лишнего драматизма.";materials/audio/incoming/ru/male/story-boat-line-01-normal.wav;public/audio/ru/male/story-boat-line-01-normal.mp3
story-boat-line-01;male;slow;Миша сделал лодку из бумаги.;"Спокойный маленький рассказ; связанные предложения, ясные паузы, без лишнего драматизма.";materials/audio/incoming/ru/male/story-boat-line-01-slow.wav;public/audio/ru/male/story-boat-line-01-slow.mp3
story-boat-line-02;female;normal;Он пустил её в таз с водой.;"Спокойный маленький рассказ; связанные предложения, ясные паузы, без лишнего драматизма.";materials/audio/incoming/ru/female/story-boat-line-02-normal.wav;public/audio/ru/female/story-boat-line-02-normal.mp3
story-boat-line-02;female;slow;Он пустил её в таз с водой.;"Спокойный маленький рассказ; связанные предложения, ясные паузы, без лишнего драматизма.";materials/audio/incoming/ru/female/story-boat-line-02-slow.wav;public/audio/ru/female/story-boat-line-02-slow.mp3
story-boat-line-02;male;normal;Он пустил её в таз с водой.;"Спокойный маленький рассказ; связанные предложения, ясные паузы, без лишнего драматизма.";materials/audio/incoming/ru/male/story-boat-line-02-normal.wav;public/audio/ru/male/story-boat-line-02-normal.mp3
story-boat-line-02;male;slow;Он пустил её в таз с водой.;"Спокойный маленький рассказ; связанные предложения, ясные паузы, без лишнего драматизма.";materials/audio/incoming/ru/male/story-boat-line-02-slow.wav;public/audio/ru/male/story-boat-line-02-slow.mp3
story-boat-line-03;female;normal;Лодка плывёт. Миша машет ей рукой.;"Спокойный маленький рассказ; связанные предложения, ясные паузы, без лишнего драматизма.";materials/audio/incoming/ru/female/story-boat-line-03-normal.wav;public/audio/ru/female/story-boat-line-03-normal.mp3
story-boat-line-03;female;slow;Лодка плывёт. Миша машет ей рукой.;"Спокойный маленький рассказ; связанные предложения, ясные паузы, без лишнего драматизма.";materials/audio/incoming/ru/female/story-boat-line-03-slow.wav;public/audio/ru/female/story-boat-line-03-slow.mp3
story-boat-line-03;male;normal;Лодка плывёт. Миша машет ей рукой.;"Спокойный маленький рассказ; связанные предложения, ясные паузы, без лишнего драматизма.";materials/audio/incoming/ru/male/story-boat-line-03-normal.wav;public/audio/ru/male/story-boat-line-03-normal.mp3
story-boat-line-03;male;slow;Лодка плывёт. Миша машет ей рукой.;"Спокойный маленький рассказ; связанные предложения, ясные паузы, без лишнего драматизма.";materials/audio/incoming/ru/male/story-boat-line-03-slow.wav;public/audio/ru/male/story-boat-line-03-slow.mp3
story-boat-question;female;normal;Из чего Миша сделал лодку?;Вопросительно, без подсказки правильного ответа.;materials/audio/incoming/ru/female/story-boat-question-normal.wav;public/audio/ru/female/story-boat-question-normal.mp3
story-boat-question;male;normal;Из чего Миша сделал лодку?;Вопросительно, без подсказки правильного ответа.;materials/audio/incoming/ru/male/story-boat-question-normal.wav;public/audio/ru/male/story-boat-question-normal.mp3
answer-044;female;normal;Из бумаги;"Нейтрально; одинаковый тон у всех вариантов.";materials/audio/incoming/ru/female/answer-044-normal.wav;public/audio/ru/female/answer-044-normal.mp3
answer-044;male;normal;Из бумаги;"Нейтрально; одинаковый тон у всех вариантов.";materials/audio/incoming/ru/male/answer-044-normal.wav;public/audio/ru/male/answer-044-normal.mp3
answer-045;female;normal;Из дерева;"Нейтрально; одинаковый тон у всех вариантов.";materials/audio/incoming/ru/female/answer-045-normal.wav;public/audio/ru/female/answer-045-normal.mp3
answer-045;male;normal;Из дерева;"Нейтрально; одинаковый тон у всех вариантов.";materials/audio/incoming/ru/male/answer-045-normal.wav;public/audio/ru/male/answer-045-normal.mp3
answer-046;female;normal;Из камня;"Нейтрально; одинаковый тон у всех вариантов.";materials/audio/incoming/ru/female/answer-046-normal.wav;public/audio/ru/female/answer-046-normal.mp3
answer-046;male;normal;Из камня;"Нейтрально; одинаковый тон у всех вариантов.";materials/audio/incoming/ru/male/answer-046-normal.wav;public/audio/ru/male/answer-046-normal.mp3
text-hint-009;female;normal;Ответ есть в первой строке.;Спокойная помощь, без раздражения.;materials/audio/incoming/ru/female/text-hint-009-normal.wav;public/audio/ru/female/text-hint-009-normal.mp3
text-hint-009;male;normal;Ответ есть в первой строке.;Спокойная помощь, без раздражения.;materials/audio/incoming/ru/male/text-hint-009-normal.wav;public/audio/ru/male/text-hint-009-normal.mp3
story-seed-title;female;normal;Росток;Заголовок отдельным файлом.;materials/audio/incoming/ru/female/story-seed-title-normal.wav;public/audio/ru/female/story-seed-title-normal.mp3
story-seed-title;male;normal;Росток;Заголовок отдельным файлом.;materials/audio/incoming/ru/male/story-seed-title-normal.wav;public/audio/ru/male/story-seed-title-normal.mp3
story-seed-full;female;normal;"Аня посадила семечко в горшок.
Она поливала землю.
Однажды появился маленький росток.
Аня поставила горшок поближе к свету.";"Спокойный маленький рассказ; связанные предложения, ясные паузы, без лишнего драматизма. Читать именно эти четыре строки. Фразы о красивом цветке в текущем тексте нет.";materials/audio/incoming/ru/female/story-seed-full-normal.wav;public/audio/ru/female/story-seed-full-normal.mp3
story-seed-full;female;slow;"Аня посадила семечко в горшок.
Она поливала землю.
Однажды появился маленький росток.
Аня поставила горшок поближе к свету.";"Спокойный маленький рассказ; связанные предложения, ясные паузы, без лишнего драматизма. Читать именно эти четыре строки. Фразы о красивом цветке в текущем тексте нет.";materials/audio/incoming/ru/female/story-seed-full-slow.wav;public/audio/ru/female/story-seed-full-slow.mp3
story-seed-full;male;normal;"Аня посадила семечко в горшок.
Она поливала землю.
Однажды появился маленький росток.
Аня поставила горшок поближе к свету.";"Спокойный маленький рассказ; связанные предложения, ясные паузы, без лишнего драматизма. Читать именно эти четыре строки. Фразы о красивом цветке в текущем тексте нет.";materials/audio/incoming/ru/male/story-seed-full-normal.wav;public/audio/ru/male/story-seed-full-normal.mp3
story-seed-full;male;slow;"Аня посадила семечко в горшок.
Она поливала землю.
Однажды появился маленький росток.
Аня поставила горшок поближе к свету.";"Спокойный маленький рассказ; связанные предложения, ясные паузы, без лишнего драматизма. Читать именно эти четыре строки. Фразы о красивом цветке в текущем тексте нет.";materials/audio/incoming/ru/male/story-seed-full-slow.wav;public/audio/ru/male/story-seed-full-slow.mp3
story-seed-line-01;female;normal;Аня посадила семечко в горшок.;"Спокойный маленький рассказ; связанные предложения, ясные паузы, без лишнего драматизма. Читать именно эти четыре строки. Фразы о красивом цветке в текущем тексте нет.";materials/audio/incoming/ru/female/story-seed-line-01-normal.wav;public/audio/ru/female/story-seed-line-01-normal.mp3
story-seed-line-01;female;slow;Аня посадила семечко в горшок.;"Спокойный маленький рассказ; связанные предложения, ясные паузы, без лишнего драматизма. Читать именно эти четыре строки. Фразы о красивом цветке в текущем тексте нет.";materials/audio/incoming/ru/female/story-seed-line-01-slow.wav;public/audio/ru/female/story-seed-line-01-slow.mp3
story-seed-line-01;male;normal;Аня посадила семечко в горшок.;"Спокойный маленький рассказ; связанные предложения, ясные паузы, без лишнего драматизма. Читать именно эти четыре строки. Фразы о красивом цветке в текущем тексте нет.";materials/audio/incoming/ru/male/story-seed-line-01-normal.wav;public/audio/ru/male/story-seed-line-01-normal.mp3
story-seed-line-01;male;slow;Аня посадила семечко в горшок.;"Спокойный маленький рассказ; связанные предложения, ясные паузы, без лишнего драматизма. Читать именно эти четыре строки. Фразы о красивом цветке в текущем тексте нет.";materials/audio/incoming/ru/male/story-seed-line-01-slow.wav;public/audio/ru/male/story-seed-line-01-slow.mp3
story-seed-line-02;female;normal;Она поливала землю.;"Спокойный маленький рассказ; связанные предложения, ясные паузы, без лишнего драматизма. Читать именно эти четыре строки. Фразы о красивом цветке в текущем тексте нет.";materials/audio/incoming/ru/female/story-seed-line-02-normal.wav;public/audio/ru/female/story-seed-line-02-normal.mp3
story-seed-line-02;female;slow;Она поливала землю.;"Спокойный маленький рассказ; связанные предложения, ясные паузы, без лишнего драматизма. Читать именно эти четыре строки. Фразы о красивом цветке в текущем тексте нет.";materials/audio/incoming/ru/female/story-seed-line-02-slow.wav;public/audio/ru/female/story-seed-line-02-slow.mp3
story-seed-line-02;male;normal;Она поливала землю.;"Спокойный маленький рассказ; связанные предложения, ясные паузы, без лишнего драматизма. Читать именно эти четыре строки. Фразы о красивом цветке в текущем тексте нет.";materials/audio/incoming/ru/male/story-seed-line-02-normal.wav;public/audio/ru/male/story-seed-line-02-normal.mp3
story-seed-line-02;male;slow;Она поливала землю.;"Спокойный маленький рассказ; связанные предложения, ясные паузы, без лишнего драматизма. Читать именно эти четыре строки. Фразы о красивом цветке в текущем тексте нет.";materials/audio/incoming/ru/male/story-seed-line-02-slow.wav;public/audio/ru/male/story-seed-line-02-slow.mp3
story-seed-line-03;female;normal;Однажды появился маленький росток.;"Спокойный маленький рассказ; связанные предложения, ясные паузы, без лишнего драматизма. Читать именно эти четыре строки. Фразы о красивом цветке в текущем тексте нет.";materials/audio/incoming/ru/female/story-seed-line-03-normal.wav;public/audio/ru/female/story-seed-line-03-normal.mp3
story-seed-line-03;female;slow;Однажды появился маленький росток.;"Спокойный маленький рассказ; связанные предложения, ясные паузы, без лишнего драматизма. Читать именно эти четыре строки. Фразы о красивом цветке в текущем тексте нет.";materials/audio/incoming/ru/female/story-seed-line-03-slow.wav;public/audio/ru/female/story-seed-line-03-slow.mp3
story-seed-line-03;male;normal;Однажды появился маленький росток.;"Спокойный маленький рассказ; связанные предложения, ясные паузы, без лишнего драматизма. Читать именно эти четыре строки. Фразы о красивом цветке в текущем тексте нет.";materials/audio/incoming/ru/male/story-seed-line-03-normal.wav;public/audio/ru/male/story-seed-line-03-normal.mp3
story-seed-line-03;male;slow;Однажды появился маленький росток.;"Спокойный маленький рассказ; связанные предложения, ясные паузы, без лишнего драматизма. Читать именно эти четыре строки. Фразы о красивом цветке в текущем тексте нет.";materials/audio/incoming/ru/male/story-seed-line-03-slow.wav;public/audio/ru/male/story-seed-line-03-slow.mp3
story-seed-line-04;female;normal;Аня поставила горшок поближе к свету.;"Спокойный маленький рассказ; связанные предложения, ясные паузы, без лишнего драматизма. Читать именно эти четыре строки. Фразы о красивом цветке в текущем тексте нет.";materials/audio/incoming/ru/female/story-seed-line-04-normal.wav;public/audio/ru/female/story-seed-line-04-normal.mp3
story-seed-line-04;female;slow;Аня поставила горшок поближе к свету.;"Спокойный маленький рассказ; связанные предложения, ясные паузы, без лишнего драматизма. Читать именно эти четыре строки. Фразы о красивом цветке в текущем тексте нет.";materials/audio/incoming/ru/female/story-seed-line-04-slow.wav;public/audio/ru/female/story-seed-line-04-slow.mp3
story-seed-line-04;male;normal;Аня поставила горшок поближе к свету.;"Спокойный маленький рассказ; связанные предложения, ясные паузы, без лишнего драматизма. Читать именно эти четыре строки. Фразы о красивом цветке в текущем тексте нет.";materials/audio/incoming/ru/male/story-seed-line-04-normal.wav;public/audio/ru/male/story-seed-line-04-normal.mp3
story-seed-line-04;male;slow;Аня поставила горшок поближе к свету.;"Спокойный маленький рассказ; связанные предложения, ясные паузы, без лишнего драматизма. Читать именно эти четыре строки. Фразы о красивом цветке в текущем тексте нет.";materials/audio/incoming/ru/male/story-seed-line-04-slow.wav;public/audio/ru/male/story-seed-line-04-slow.mp3
story-seed-question;female;normal;Что появилось в горшке?;Вопросительно, без подсказки правильного ответа.;materials/audio/incoming/ru/female/story-seed-question-normal.wav;public/audio/ru/female/story-seed-question-normal.mp3
story-seed-question;male;normal;Что появилось в горшке?;Вопросительно, без подсказки правильного ответа.;materials/audio/incoming/ru/male/story-seed-question-normal.wav;public/audio/ru/male/story-seed-question-normal.mp3
answer-047;female;normal;Росток;"Нейтрально; одинаковый тон у всех вариантов.";materials/audio/incoming/ru/female/answer-047-normal.wav;public/audio/ru/female/answer-047-normal.mp3
answer-047;male;normal;Росток;"Нейтрально; одинаковый тон у всех вариантов.";materials/audio/incoming/ru/male/answer-047-normal.wav;public/audio/ru/male/answer-047-normal.mp3
answer-048;female;normal;Мяч;"Нейтрально; одинаковый тон у всех вариантов.";materials/audio/incoming/ru/female/answer-048-normal.wav;public/audio/ru/female/answer-048-normal.mp3
answer-048;male;normal;Мяч;"Нейтрально; одинаковый тон у всех вариантов.";materials/audio/incoming/ru/male/answer-048-normal.wav;public/audio/ru/male/answer-048-normal.mp3
answer-049;female;normal;Камень;"Нейтрально; одинаковый тон у всех вариантов.";materials/audio/incoming/ru/female/answer-049-normal.wav;public/audio/ru/female/answer-049-normal.mp3
answer-049;male;normal;Камень;"Нейтрально; одинаковый тон у всех вариантов.";materials/audio/incoming/ru/male/answer-049-normal.wav;public/audio/ru/male/answer-049-normal.mp3
text-hint-010;female;normal;Посмотри на третью строку.;Спокойная помощь, без раздражения.;materials/audio/incoming/ru/female/text-hint-010-normal.wav;public/audio/ru/female/text-hint-010-normal.mp3
text-hint-010;male;normal;Посмотри на третью строку.;Спокойная помощь, без раздражения.;materials/audio/incoming/ru/male/text-hint-010-normal.wav;public/audio/ru/male/text-hint-010-normal.mp3
poem-cat-title;female;normal;Кот у окна;Заголовок отдельным файлом.;materials/audio/incoming/ru/female/poem-cat-title-normal.wav;public/audio/ru/female/poem-cat-title-normal.mp3
poem-cat-title;male;normal;Кот у окна;Заголовок отдельным файлом.;materials/audio/incoming/ru/male/poem-cat-title-normal.wav;public/audio/ru/male/poem-cat-title-normal.mp3
poem-cat-full;female;normal;"Кот уселся у окошка,
Греет солнце бок немножко.
Кот закрыл глаза и спит.
Солнце рядышком блестит.";"Ритмично и естественно; не петь, не ставить ударение ради рифмы. Сохранять переносы строк.";materials/audio/incoming/ru/female/poem-cat-full-normal.wav;public/audio/ru/female/poem-cat-full-normal.mp3
poem-cat-full;female;slow;"Кот уселся у окошка,
Греет солнце бок немножко.
Кот закрыл глаза и спит.
Солнце рядышком блестит.";"Ритмично и естественно; не петь, не ставить ударение ради рифмы. Сохранять переносы строк.";materials/audio/incoming/ru/female/poem-cat-full-slow.wav;public/audio/ru/female/poem-cat-full-slow.mp3
poem-cat-full;male;normal;"Кот уселся у окошка,
Греет солнце бок немножко.
Кот закрыл глаза и спит.
Солнце рядышком блестит.";"Ритмично и естественно; не петь, не ставить ударение ради рифмы. Сохранять переносы строк.";materials/audio/incoming/ru/male/poem-cat-full-normal.wav;public/audio/ru/male/poem-cat-full-normal.mp3
poem-cat-full;male;slow;"Кот уселся у окошка,
Греет солнце бок немножко.
Кот закрыл глаза и спит.
Солнце рядышком блестит.";"Ритмично и естественно; не петь, не ставить ударение ради рифмы. Сохранять переносы строк.";materials/audio/incoming/ru/male/poem-cat-full-slow.wav;public/audio/ru/male/poem-cat-full-slow.mp3
poem-cat-line-01;female;normal;Кот уселся у окошка,;"Ритмично и естественно; не петь, не ставить ударение ради рифмы. Сохранять переносы строк.";materials/audio/incoming/ru/female/poem-cat-line-01-normal.wav;public/audio/ru/female/poem-cat-line-01-normal.mp3
poem-cat-line-01;female;slow;Кот уселся у окошка,;"Ритмично и естественно; не петь, не ставить ударение ради рифмы. Сохранять переносы строк.";materials/audio/incoming/ru/female/poem-cat-line-01-slow.wav;public/audio/ru/female/poem-cat-line-01-slow.mp3
poem-cat-line-01;male;normal;Кот уселся у окошка,;"Ритмично и естественно; не петь, не ставить ударение ради рифмы. Сохранять переносы строк.";materials/audio/incoming/ru/male/poem-cat-line-01-normal.wav;public/audio/ru/male/poem-cat-line-01-normal.mp3
poem-cat-line-01;male;slow;Кот уселся у окошка,;"Ритмично и естественно; не петь, не ставить ударение ради рифмы. Сохранять переносы строк.";materials/audio/incoming/ru/male/poem-cat-line-01-slow.wav;public/audio/ru/male/poem-cat-line-01-slow.mp3
poem-cat-line-02;female;normal;Греет солнце бок немножко.;"Ритмично и естественно; не петь, не ставить ударение ради рифмы. Сохранять переносы строк.";materials/audio/incoming/ru/female/poem-cat-line-02-normal.wav;public/audio/ru/female/poem-cat-line-02-normal.mp3
poem-cat-line-02;female;slow;Греет солнце бок немножко.;"Ритмично и естественно; не петь, не ставить ударение ради рифмы. Сохранять переносы строк.";materials/audio/incoming/ru/female/poem-cat-line-02-slow.wav;public/audio/ru/female/poem-cat-line-02-slow.mp3
poem-cat-line-02;male;normal;Греет солнце бок немножко.;"Ритмично и естественно; не петь, не ставить ударение ради рифмы. Сохранять переносы строк.";materials/audio/incoming/ru/male/poem-cat-line-02-normal.wav;public/audio/ru/male/poem-cat-line-02-normal.mp3
poem-cat-line-02;male;slow;Греет солнце бок немножко.;"Ритмично и естественно; не петь, не ставить ударение ради рифмы. Сохранять переносы строк.";materials/audio/incoming/ru/male/poem-cat-line-02-slow.wav;public/audio/ru/male/poem-cat-line-02-slow.mp3
poem-cat-line-03;female;normal;Кот закрыл глаза и спит.;"Ритмично и естественно; не петь, не ставить ударение ради рифмы. Сохранять переносы строк.";materials/audio/incoming/ru/female/poem-cat-line-03-normal.wav;public/audio/ru/female/poem-cat-line-03-normal.mp3
poem-cat-line-03;female;slow;Кот закрыл глаза и спит.;"Ритмично и естественно; не петь, не ставить ударение ради рифмы. Сохранять переносы строк.";materials/audio/incoming/ru/female/poem-cat-line-03-slow.wav;public/audio/ru/female/poem-cat-line-03-slow.mp3
poem-cat-line-03;male;normal;Кот закрыл глаза и спит.;"Ритмично и естественно; не петь, не ставить ударение ради рифмы. Сохранять переносы строк.";materials/audio/incoming/ru/male/poem-cat-line-03-normal.wav;public/audio/ru/male/poem-cat-line-03-normal.mp3
poem-cat-line-03;male;slow;Кот закрыл глаза и спит.;"Ритмично и естественно; не петь, не ставить ударение ради рифмы. Сохранять переносы строк.";materials/audio/incoming/ru/male/poem-cat-line-03-slow.wav;public/audio/ru/male/poem-cat-line-03-slow.mp3
poem-cat-line-04;female;normal;Солнце рядышком блестит.;"Ритмично и естественно; не петь, не ставить ударение ради рифмы. Сохранять переносы строк.";materials/audio/incoming/ru/female/poem-cat-line-04-normal.wav;public/audio/ru/female/poem-cat-line-04-normal.mp3
poem-cat-line-04;female;slow;Солнце рядышком блестит.;"Ритмично и естественно; не петь, не ставить ударение ради рифмы. Сохранять переносы строк.";materials/audio/incoming/ru/female/poem-cat-line-04-slow.wav;public/audio/ru/female/poem-cat-line-04-slow.mp3
poem-cat-line-04;male;normal;Солнце рядышком блестит.;"Ритмично и естественно; не петь, не ставить ударение ради рифмы. Сохранять переносы строк.";materials/audio/incoming/ru/male/poem-cat-line-04-normal.wav;public/audio/ru/male/poem-cat-line-04-normal.mp3
poem-cat-line-04;male;slow;Солнце рядышком блестит.;"Ритмично и естественно; не петь, не ставить ударение ради рифмы. Сохранять переносы строк.";materials/audio/incoming/ru/male/poem-cat-line-04-slow.wav;public/audio/ru/male/poem-cat-line-04-slow.mp3
poem-cat-question;female;normal;Что греет кота?;Вопросительно, без подсказки правильного ответа.;materials/audio/incoming/ru/female/poem-cat-question-normal.wav;public/audio/ru/female/poem-cat-question-normal.mp3
poem-cat-question;male;normal;Что греет кота?;Вопросительно, без подсказки правильного ответа.;materials/audio/incoming/ru/male/poem-cat-question-normal.wav;public/audio/ru/male/poem-cat-question-normal.mp3
answer-050;female;normal;Солнце;"Нейтрально; одинаковый тон у всех вариантов.";materials/audio/incoming/ru/female/answer-050-normal.wav;public/audio/ru/female/answer-050-normal.mp3
answer-050;male;normal;Солнце;"Нейтрально; одинаковый тон у всех вариантов.";materials/audio/incoming/ru/male/answer-050-normal.wav;public/audio/ru/male/answer-050-normal.mp3
answer-051;female;normal;Ветер;"Нейтрально; одинаковый тон у всех вариантов.";materials/audio/incoming/ru/female/answer-051-normal.wav;public/audio/ru/female/answer-051-normal.mp3
answer-051;male;normal;Ветер;"Нейтрально; одинаковый тон у всех вариантов.";materials/audio/incoming/ru/male/answer-051-normal.wav;public/audio/ru/male/answer-051-normal.mp3
answer-052;female;normal;Дождь;"Нейтрально; одинаковый тон у всех вариантов.";materials/audio/incoming/ru/female/answer-052-normal.wav;public/audio/ru/female/answer-052-normal.mp3
answer-052;male;normal;Дождь;"Нейтрально; одинаковый тон у всех вариантов.";materials/audio/incoming/ru/male/answer-052-normal.wav;public/audio/ru/male/answer-052-normal.mp3
text-hint-011;female;normal;Прочитай вторую строку.;Спокойная помощь, без раздражения.;materials/audio/incoming/ru/female/text-hint-011-normal.wav;public/audio/ru/female/text-hint-011-normal.mp3
text-hint-011;male;normal;Прочитай вторую строку.;Спокойная помощь, без раздражения.;materials/audio/incoming/ru/male/text-hint-011-normal.wav;public/audio/ru/male/text-hint-011-normal.mp3
poem-rain-title;female;normal;После дождя;Заголовок отдельным файлом.;materials/audio/incoming/ru/female/poem-rain-title-normal.wav;public/audio/ru/female/poem-rain-title-normal.mp3
poem-rain-title;male;normal;После дождя;Заголовок отдельным файлом.;materials/audio/incoming/ru/male/poem-rain-title-normal.wav;public/audio/ru/male/poem-rain-title-normal.mp3
poem-rain-full;female;normal;"Дождик вымыл все дорожки,
Капли сели на окошки.
Солнце вышло из-за туч —
На ладошку прыгнул луч.";"Ритмично и естественно; не петь, не ставить ударение ради рифмы. Сохранять переносы строк.";materials/audio/incoming/ru/female/poem-rain-full-normal.wav;public/audio/ru/female/poem-rain-full-normal.mp3
poem-rain-full;female;slow;"Дождик вымыл все дорожки,
Капли сели на окошки.
Солнце вышло из-за туч —
На ладошку прыгнул луч.";"Ритмично и естественно; не петь, не ставить ударение ради рифмы. Сохранять переносы строк.";materials/audio/incoming/ru/female/poem-rain-full-slow.wav;public/audio/ru/female/poem-rain-full-slow.mp3
poem-rain-full;male;normal;"Дождик вымыл все дорожки,
Капли сели на окошки.
Солнце вышло из-за туч —
На ладошку прыгнул луч.";"Ритмично и естественно; не петь, не ставить ударение ради рифмы. Сохранять переносы строк.";materials/audio/incoming/ru/male/poem-rain-full-normal.wav;public/audio/ru/male/poem-rain-full-normal.mp3
poem-rain-full;male;slow;"Дождик вымыл все дорожки,
Капли сели на окошки.
Солнце вышло из-за туч —
На ладошку прыгнул луч.";"Ритмично и естественно; не петь, не ставить ударение ради рифмы. Сохранять переносы строк.";materials/audio/incoming/ru/male/poem-rain-full-slow.wav;public/audio/ru/male/poem-rain-full-slow.mp3
poem-rain-line-01;female;normal;Дождик вымыл все дорожки,;"Ритмично и естественно; не петь, не ставить ударение ради рифмы. Сохранять переносы строк.";materials/audio/incoming/ru/female/poem-rain-line-01-normal.wav;public/audio/ru/female/poem-rain-line-01-normal.mp3
poem-rain-line-01;female;slow;Дождик вымыл все дорожки,;"Ритмично и естественно; не петь, не ставить ударение ради рифмы. Сохранять переносы строк.";materials/audio/incoming/ru/female/poem-rain-line-01-slow.wav;public/audio/ru/female/poem-rain-line-01-slow.mp3
poem-rain-line-01;male;normal;Дождик вымыл все дорожки,;"Ритмично и естественно; не петь, не ставить ударение ради рифмы. Сохранять переносы строк.";materials/audio/incoming/ru/male/poem-rain-line-01-normal.wav;public/audio/ru/male/poem-rain-line-01-normal.mp3
poem-rain-line-01;male;slow;Дождик вымыл все дорожки,;"Ритмично и естественно; не петь, не ставить ударение ради рифмы. Сохранять переносы строк.";materials/audio/incoming/ru/male/poem-rain-line-01-slow.wav;public/audio/ru/male/poem-rain-line-01-slow.mp3
poem-rain-line-02;female;normal;Капли сели на окошки.;"Ритмично и естественно; не петь, не ставить ударение ради рифмы. Сохранять переносы строк.";materials/audio/incoming/ru/female/poem-rain-line-02-normal.wav;public/audio/ru/female/poem-rain-line-02-normal.mp3
poem-rain-line-02;female;slow;Капли сели на окошки.;"Ритмично и естественно; не петь, не ставить ударение ради рифмы. Сохранять переносы строк.";materials/audio/incoming/ru/female/poem-rain-line-02-slow.wav;public/audio/ru/female/poem-rain-line-02-slow.mp3
poem-rain-line-02;male;normal;Капли сели на окошки.;"Ритмично и естественно; не петь, не ставить ударение ради рифмы. Сохранять переносы строк.";materials/audio/incoming/ru/male/poem-rain-line-02-normal.wav;public/audio/ru/male/poem-rain-line-02-normal.mp3
poem-rain-line-02;male;slow;Капли сели на окошки.;"Ритмично и естественно; не петь, не ставить ударение ради рифмы. Сохранять переносы строк.";materials/audio/incoming/ru/male/poem-rain-line-02-slow.wav;public/audio/ru/male/poem-rain-line-02-slow.mp3
poem-rain-line-03;female;normal;Солнце вышло из-за туч —;"Ритмично и естественно; не петь, не ставить ударение ради рифмы. Сохранять переносы строк.";materials/audio/incoming/ru/female/poem-rain-line-03-normal.wav;public/audio/ru/female/poem-rain-line-03-normal.mp3
poem-rain-line-03;female;slow;Солнце вышло из-за туч —;"Ритмично и естественно; не петь, не ставить ударение ради рифмы. Сохранять переносы строк.";materials/audio/incoming/ru/female/poem-rain-line-03-slow.wav;public/audio/ru/female/poem-rain-line-03-slow.mp3
poem-rain-line-03;male;normal;Солнце вышло из-за туч —;"Ритмично и естественно; не петь, не ставить ударение ради рифмы. Сохранять переносы строк.";materials/audio/incoming/ru/male/poem-rain-line-03-normal.wav;public/audio/ru/male/poem-rain-line-03-normal.mp3
poem-rain-line-03;male;slow;Солнце вышло из-за туч —;"Ритмично и естественно; не петь, не ставить ударение ради рифмы. Сохранять переносы строк.";materials/audio/incoming/ru/male/poem-rain-line-03-slow.wav;public/audio/ru/male/poem-rain-line-03-slow.mp3
poem-rain-line-04;female;normal;На ладошку прыгнул луч.;"Ритмично и естественно; не петь, не ставить ударение ради рифмы. Сохранять переносы строк.";materials/audio/incoming/ru/female/poem-rain-line-04-normal.wav;public/audio/ru/female/poem-rain-line-04-normal.mp3
poem-rain-line-04;female;slow;На ладошку прыгнул луч.;"Ритмично и естественно; не петь, не ставить ударение ради рифмы. Сохранять переносы строк.";materials/audio/incoming/ru/female/poem-rain-line-04-slow.wav;public/audio/ru/female/poem-rain-line-04-slow.mp3
poem-rain-line-04;male;normal;На ладошку прыгнул луч.;"Ритмично и естественно; не петь, не ставить ударение ради рифмы. Сохранять переносы строк.";materials/audio/incoming/ru/male/poem-rain-line-04-normal.wav;public/audio/ru/male/poem-rain-line-04-normal.mp3
poem-rain-line-04;male;slow;На ладошку прыгнул луч.;"Ритмично и естественно; не петь, не ставить ударение ради рифмы. Сохранять переносы строк.";materials/audio/incoming/ru/male/poem-rain-line-04-slow.wav;public/audio/ru/male/poem-rain-line-04-slow.mp3
poem-rain-question;female;normal;Что вышло из-за туч?;Вопросительно, без подсказки правильного ответа.;materials/audio/incoming/ru/female/poem-rain-question-normal.wav;public/audio/ru/female/poem-rain-question-normal.mp3
poem-rain-question;male;normal;Что вышло из-за туч?;Вопросительно, без подсказки правильного ответа.;materials/audio/incoming/ru/male/poem-rain-question-normal.wav;public/audio/ru/male/poem-rain-question-normal.mp3
answer-053;female;normal;Снег;"Нейтрально; одинаковый тон у всех вариантов.";materials/audio/incoming/ru/female/answer-053-normal.wav;public/audio/ru/female/answer-053-normal.mp3
answer-053;male;normal;Снег;"Нейтрально; одинаковый тон у всех вариантов.";materials/audio/incoming/ru/male/answer-053-normal.wav;public/audio/ru/male/answer-053-normal.mp3
text-hint-012;female;normal;Ответ прячется в третьей строке.;Спокойная помощь, без раздражения.;materials/audio/incoming/ru/female/text-hint-012-normal.wav;public/audio/ru/female/text-hint-012-normal.mp3
text-hint-012;male;normal;Ответ прячется в третьей строке.;Спокойная помощь, без раздражения.;materials/audio/incoming/ru/male/text-hint-012-normal.wav;public/audio/ru/male/text-hint-012-normal.mp3
poem-step-title;female;normal;Мой шаг;Заголовок отдельным файлом.;materials/audio/incoming/ru/female/poem-step-title-normal.wav;public/audio/ru/female/poem-step-title-normal.mp3
poem-step-title;male;normal;Мой шаг;Заголовок отдельным файлом.;materials/audio/incoming/ru/male/poem-step-title-normal.wav;public/audio/ru/male/poem-step-title-normal.mp3
poem-step-full;female;normal;"Я читаю понемножку,
Буквы строятся в дорожку.
Шаг за шагом я иду,
Слово новое найду.";"Ритмично и естественно; не петь, не ставить ударение ради рифмы. Сохранять переносы строк.";materials/audio/incoming/ru/female/poem-step-full-normal.wav;public/audio/ru/female/poem-step-full-normal.mp3
poem-step-full;female;slow;"Я читаю понемножку,
Буквы строятся в дорожку.
Шаг за шагом я иду,
Слово новое найду.";"Ритмично и естественно; не петь, не ставить ударение ради рифмы. Сохранять переносы строк.";materials/audio/incoming/ru/female/poem-step-full-slow.wav;public/audio/ru/female/poem-step-full-slow.mp3
poem-step-full;male;normal;"Я читаю понемножку,
Буквы строятся в дорожку.
Шаг за шагом я иду,
Слово новое найду.";"Ритмично и естественно; не петь, не ставить ударение ради рифмы. Сохранять переносы строк.";materials/audio/incoming/ru/male/poem-step-full-normal.wav;public/audio/ru/male/poem-step-full-normal.mp3
poem-step-full;male;slow;"Я читаю понемножку,
Буквы строятся в дорожку.
Шаг за шагом я иду,
Слово новое найду.";"Ритмично и естественно; не петь, не ставить ударение ради рифмы. Сохранять переносы строк.";materials/audio/incoming/ru/male/poem-step-full-slow.wav;public/audio/ru/male/poem-step-full-slow.mp3
poem-step-line-01;female;normal;Я читаю понемножку,;"Ритмично и естественно; не петь, не ставить ударение ради рифмы. Сохранять переносы строк.";materials/audio/incoming/ru/female/poem-step-line-01-normal.wav;public/audio/ru/female/poem-step-line-01-normal.mp3
poem-step-line-01;female;slow;Я читаю понемножку,;"Ритмично и естественно; не петь, не ставить ударение ради рифмы. Сохранять переносы строк.";materials/audio/incoming/ru/female/poem-step-line-01-slow.wav;public/audio/ru/female/poem-step-line-01-slow.mp3
poem-step-line-01;male;normal;Я читаю понемножку,;"Ритмично и естественно; не петь, не ставить ударение ради рифмы. Сохранять переносы строк.";materials/audio/incoming/ru/male/poem-step-line-01-normal.wav;public/audio/ru/male/poem-step-line-01-normal.mp3
poem-step-line-01;male;slow;Я читаю понемножку,;"Ритмично и естественно; не петь, не ставить ударение ради рифмы. Сохранять переносы строк.";materials/audio/incoming/ru/male/poem-step-line-01-slow.wav;public/audio/ru/male/poem-step-line-01-slow.mp3
poem-step-line-02;female;normal;Буквы строятся в дорожку.;"Ритмично и естественно; не петь, не ставить ударение ради рифмы. Сохранять переносы строк.";materials/audio/incoming/ru/female/poem-step-line-02-normal.wav;public/audio/ru/female/poem-step-line-02-normal.mp3
poem-step-line-02;female;slow;Буквы строятся в дорожку.;"Ритмично и естественно; не петь, не ставить ударение ради рифмы. Сохранять переносы строк.";materials/audio/incoming/ru/female/poem-step-line-02-slow.wav;public/audio/ru/female/poem-step-line-02-slow.mp3
poem-step-line-02;male;normal;Буквы строятся в дорожку.;"Ритмично и естественно; не петь, не ставить ударение ради рифмы. Сохранять переносы строк.";materials/audio/incoming/ru/male/poem-step-line-02-normal.wav;public/audio/ru/male/poem-step-line-02-normal.mp3
poem-step-line-02;male;slow;Буквы строятся в дорожку.;"Ритмично и естественно; не петь, не ставить ударение ради рифмы. Сохранять переносы строк.";materials/audio/incoming/ru/male/poem-step-line-02-slow.wav;public/audio/ru/male/poem-step-line-02-slow.mp3
poem-step-line-03;female;normal;Шаг за шагом я иду,;"Ритмично и естественно; не петь, не ставить ударение ради рифмы. Сохранять переносы строк.";materials/audio/incoming/ru/female/poem-step-line-03-normal.wav;public/audio/ru/female/poem-step-line-03-normal.mp3
poem-step-line-03;female;slow;Шаг за шагом я иду,;"Ритмично и естественно; не петь, не ставить ударение ради рифмы. Сохранять переносы строк.";materials/audio/incoming/ru/female/poem-step-line-03-slow.wav;public/audio/ru/female/poem-step-line-03-slow.mp3
poem-step-line-03;male;normal;Шаг за шагом я иду,;"Ритмично и естественно; не петь, не ставить ударение ради рифмы. Сохранять переносы строк.";materials/audio/incoming/ru/male/poem-step-line-03-normal.wav;public/audio/ru/male/poem-step-line-03-normal.mp3
poem-step-line-03;male;slow;Шаг за шагом я иду,;"Ритмично и естественно; не петь, не ставить ударение ради рифмы. Сохранять переносы строк.";materials/audio/incoming/ru/male/poem-step-line-03-slow.wav;public/audio/ru/male/poem-step-line-03-slow.mp3
poem-step-line-04;female;normal;Слово новое найду.;"Ритмично и естественно; не петь, не ставить ударение ради рифмы. Сохранять переносы строк.";materials/audio/incoming/ru/female/poem-step-line-04-normal.wav;public/audio/ru/female/poem-step-line-04-normal.mp3
poem-step-line-04;female;slow;Слово новое найду.;"Ритмично и естественно; не петь, не ставить ударение ради рифмы. Сохранять переносы строк.";materials/audio/incoming/ru/female/poem-step-line-04-slow.wav;public/audio/ru/female/poem-step-line-04-slow.mp3
poem-step-line-04;male;normal;Слово новое найду.;"Ритмично и естественно; не петь, не ставить ударение ради рифмы. Сохранять переносы строк.";materials/audio/incoming/ru/male/poem-step-line-04-normal.wav;public/audio/ru/male/poem-step-line-04-normal.mp3
poem-step-line-04;male;slow;Слово новое найду.;"Ритмично и естественно; не петь, не ставить ударение ради рифмы. Сохранять переносы строк.";materials/audio/incoming/ru/male/poem-step-line-04-slow.wav;public/audio/ru/male/poem-step-line-04-slow.mp3
poem-step-question;female;normal;Что строится в дорожку?;Вопросительно, без подсказки правильного ответа.;materials/audio/incoming/ru/female/poem-step-question-normal.wav;public/audio/ru/female/poem-step-question-normal.mp3
poem-step-question;male;normal;Что строится в дорожку?;Вопросительно, без подсказки правильного ответа.;materials/audio/incoming/ru/male/poem-step-question-normal.wav;public/audio/ru/male/poem-step-question-normal.mp3
answer-054;female;normal;Буквы;"Нейтрально; одинаковый тон у всех вариантов.";materials/audio/incoming/ru/female/answer-054-normal.wav;public/audio/ru/female/answer-054-normal.mp3
answer-054;male;normal;Буквы;"Нейтрально; одинаковый тон у всех вариантов.";materials/audio/incoming/ru/male/answer-054-normal.wav;public/audio/ru/male/answer-054-normal.mp3
answer-055;female;normal;Машины;"Нейтрально; одинаковый тон у всех вариантов.";materials/audio/incoming/ru/female/answer-055-normal.wav;public/audio/ru/female/answer-055-normal.mp3
answer-055;male;normal;Машины;"Нейтрально; одинаковый тон у всех вариантов.";materials/audio/incoming/ru/male/answer-055-normal.wav;public/audio/ru/male/answer-055-normal.mp3
answer-056;female;normal;Камни;"Нейтрально; одинаковый тон у всех вариантов.";materials/audio/incoming/ru/female/answer-056-normal.wav;public/audio/ru/female/answer-056-normal.mp3
answer-056;male;normal;Камни;"Нейтрально; одинаковый тон у всех вариантов.";materials/audio/incoming/ru/male/answer-056-normal.wav;public/audio/ru/male/answer-056-normal.mp3
text-hint-013;female;normal;Перечитай вторую строку.;Спокойная помощь, без раздражения.;materials/audio/incoming/ru/female/text-hint-013-normal.wav;public/audio/ru/female/text-hint-013-normal.mp3
text-hint-013;male;normal;Перечитай вторую строку.;Спокойная помощь, без раздражения.;materials/audio/incoming/ru/male/text-hint-013-normal.wav;public/audio/ru/male/text-hint-013-normal.mp3
ui-001;female;normal;Дальше · Энтер;"Спокойно, чётко; без дополнительного текста.";materials/audio/incoming/ru/female/ui-001-normal.wav;public/audio/ru/female/ui-001-normal.mp3
ui-001;male;normal;Дальше · Энтер;"Спокойно, чётко; без дополнительного текста.";materials/audio/incoming/ru/male/ui-001-normal.wav;public/audio/ru/male/ui-001-normal.mp3
ui-002;female;normal;Отменить подготовку;"Спокойно, чётко; без дополнительного текста.";materials/audio/incoming/ru/female/ui-002-normal.wav;public/audio/ru/female/ui-002-normal.mp3
ui-002;male;normal;Отменить подготовку;"Спокойно, чётко; без дополнительного текста.";materials/audio/incoming/ru/male/ui-002-normal.wav;public/audio/ru/male/ui-002-normal.mp3
ui-003;female;normal;Выключить микрофон;"Спокойно, чётко; без дополнительного текста.";materials/audio/incoming/ru/female/ui-003-normal.wav;public/audio/ru/female/ui-003-normal.mp3
ui-003;male;normal;Выключить микрофон;"Спокойно, чётко; без дополнительного текста.";materials/audio/incoming/ru/male/ui-003-normal.wav;public/audio/ru/male/ui-003-normal.mp3
ui-004;female;normal;Начать урок с микрофоном;"Спокойно, чётко; без дополнительного текста.";materials/audio/incoming/ru/female/ui-004-normal.wav;public/audio/ru/female/ui-004-normal.mp3
ui-004;male;normal;Начать урок с микрофоном;"Спокойно, чётко; без дополнительного текста.";materials/audio/incoming/ru/male/ui-004-normal.wav;public/audio/ru/male/ui-004-normal.mp3
ui-005;female;normal;Микрофон здесь недоступен. Можно прочитать взрослому.;"Спокойно, чётко; без дополнительного текста.";materials/audio/incoming/ru/female/ui-005-normal.wav;public/audio/ru/female/ui-005-normal.mp3
ui-005;male;normal;Микрофон здесь недоступен. Можно прочитать взрослому.;"Спокойно, чётко; без дополнительного текста.";materials/audio/incoming/ru/male/ui-005-normal.wav;public/audio/ru/male/ui-005-normal.mp3
ui-006;female;normal;Проверить вместе со взрослым;"Спокойно, чётко; без дополнительного текста.";materials/audio/incoming/ru/female/ui-006-normal.wav;public/audio/ru/female/ui-006-normal.mp3
ui-006;male;normal;Проверить вместе со взрослым;"Спокойно, чётко; без дополнительного текста.";materials/audio/incoming/ru/male/ui-006-normal.wav;public/audio/ru/male/ui-006-normal.mp3
ui-007;female;normal;Послушайте ребёнка и выберите результат.;"Спокойно, чётко; без дополнительного текста.";materials/audio/incoming/ru/female/ui-007-normal.wav;public/audio/ru/female/ui-007-normal.mp3
ui-007;male;normal;Послушайте ребёнка и выберите результат.;"Спокойно, чётко; без дополнительного текста.";materials/audio/incoming/ru/male/ui-007-normal.wav;public/audio/ru/male/ui-007-normal.mp3
ui-008;female;normal;Получилось;Тёплая короткая похвала без вскрика и скачка громкости.;materials/audio/incoming/ru/female/ui-008-normal.wav;public/audio/ru/female/ui-008-normal.mp3
ui-008;male;normal;Получилось;Тёплая короткая похвала без вскрика и скачка громкости.;materials/audio/incoming/ru/male/ui-008-normal.wav;public/audio/ru/male/ui-008-normal.mp3
ui-009;female;normal;Давай вместе. Послушай и повтори.;"Спокойно, чётко; без дополнительного текста.";materials/audio/incoming/ru/female/ui-009-normal.wav;public/audio/ru/female/ui-009-normal.mp3
ui-009;male;normal;Давай вместе. Послушай и повтори.;"Спокойно, чётко; без дополнительного текста.";materials/audio/incoming/ru/male/ui-009-normal.wav;public/audio/ru/male/ui-009-normal.mp3
ui-010;female;normal;Нужна помощь;"Спокойно, чётко; без дополнительного текста.";materials/audio/incoming/ru/female/ui-010-normal.wav;public/audio/ru/female/ui-010-normal.mp3
ui-010;male;normal;Нужна помощь;"Спокойно, чётко; без дополнительного текста.";materials/audio/incoming/ru/male/ui-010-normal.wav;public/audio/ru/male/ui-010-normal.mp3
ui-011;female;normal;Энтер — проверить ответ;"Спокойно, чётко; без дополнительного текста.";materials/audio/incoming/ru/female/ui-011-normal.wav;public/audio/ru/female/ui-011-normal.mp3
ui-011;male;normal;Энтер — проверить ответ;"Спокойно, чётко; без дополнительного текста.";materials/audio/incoming/ru/male/ui-011-normal.wav;public/audio/ru/male/ui-011-normal.mp3
ui-012;female;normal;Послушать звук;"Спокойно, чётко; без дополнительного текста.";materials/audio/incoming/ru/female/ui-012-normal.wav;public/audio/ru/female/ui-012-normal.mp3
ui-012;male;normal;Послушать звук;"Спокойно, чётко; без дополнительного текста.";materials/audio/incoming/ru/male/ui-012-normal.wav;public/audio/ru/male/ui-012-normal.mp3
ui-013;female;normal;Как произнести звук;"Спокойно, чётко; без дополнительного текста.";materials/audio/incoming/ru/female/ui-013-normal.wav;public/audio/ru/female/ui-013-normal.mp3
ui-013;male;normal;Как произнести звук;"Спокойно, чётко; без дополнительного текста.";materials/audio/incoming/ru/male/ui-013-normal.wav;public/audio/ru/male/ui-013-normal.mp3
ui-014;female;normal;Послушать название;"Спокойно, чётко; без дополнительного текста.";materials/audio/incoming/ru/female/ui-014-normal.wav;public/audio/ru/female/ui-014-normal.mp3
ui-014;male;normal;Послушать название;"Спокойно, чётко; без дополнительного текста.";materials/audio/incoming/ru/male/ui-014-normal.wav;public/audio/ru/male/ui-014-normal.mp3
ui-015;female;normal;Послушать образец;"Спокойно, чётко; без дополнительного текста.";materials/audio/incoming/ru/female/ui-015-normal.wav;public/audio/ru/female/ui-015-normal.mp3
ui-015;male;normal;Послушать образец;"Спокойно, чётко; без дополнительного текста.";materials/audio/incoming/ru/male/ui-015-normal.wav;public/audio/ru/male/ui-015-normal.mp3
ui-016;female;normal;Твой ответ;"Спокойно, чётко; без дополнительного текста.";materials/audio/incoming/ru/female/ui-016-normal.wav;public/audio/ru/female/ui-016-normal.mp3
ui-016;male;normal;Твой ответ;"Спокойно, чётко; без дополнительного текста.";materials/audio/incoming/ru/male/ui-016-normal.wav;public/audio/ru/male/ui-016-normal.mp3
ui-017;female;normal;Исправь и проверь ещё раз.;"Поддерживающе и нейтрально; не обвинять ребёнка интонацией.";materials/audio/incoming/ru/female/ui-017-normal.wav;public/audio/ru/female/ui-017-normal.mp3
ui-017;male;normal;Исправь и проверь ещё раз.;"Поддерживающе и нейтрально; не обвинять ребёнка интонацией.";materials/audio/incoming/ru/male/ui-017-normal.wav;public/audio/ru/male/ui-017-normal.mp3
ui-018;female;normal;Попробуй ещё раз.;"Поддерживающе и нейтрально; не обвинять ребёнка интонацией.";materials/audio/incoming/ru/female/ui-018-normal.wav;public/audio/ru/female/ui-018-normal.mp3
ui-018;male;normal;Попробуй ещё раз.;"Поддерживающе и нейтрально; не обвинять ребёнка интонацией.";materials/audio/incoming/ru/male/ui-018-normal.wav;public/audio/ru/male/ui-018-normal.mp3
ui-019;female;normal;Лови любой!;"Спокойно, чётко; без дополнительного текста.";materials/audio/incoming/ru/female/ui-019-normal.wav;public/audio/ru/female/ui-019-normal.mp3
ui-019;male;normal;Лови любой!;"Спокойно, чётко; без дополнительного текста.";materials/audio/incoming/ru/male/ui-019-normal.wav;public/audio/ru/male/ui-019-normal.mp3
ui-020;female;normal;Напиши слово;"Спокойно, чётко; без дополнительного текста.";materials/audio/incoming/ru/female/ui-020-normal.wav;public/audio/ru/female/ui-020-normal.mp3
ui-020;male;normal;Напиши слово;"Спокойно, чётко; без дополнительного текста.";materials/audio/incoming/ru/male/ui-020-normal.wav;public/audio/ru/male/ui-020-normal.mp3
ui-021;female;normal;Напечатай здесь;"Спокойно, чётко; без дополнительного текста.";materials/audio/incoming/ru/female/ui-021-normal.wav;public/audio/ru/female/ui-021-normal.mp3
ui-021;male;normal;Напечатай здесь;"Спокойно, чётко; без дополнительного текста.";materials/audio/incoming/ru/male/ui-021-normal.wav;public/audio/ru/male/ui-021-normal.mp3
ui-022;female;normal;Проверить ответ;"Спокойно, чётко; без дополнительного текста.";materials/audio/incoming/ru/female/ui-022-normal.wav;public/audio/ru/female/ui-022-normal.mp3
ui-022;male;normal;Проверить ответ;"Спокойно, чётко; без дополнительного текста.";materials/audio/incoming/ru/male/ui-022-normal.wav;public/audio/ru/male/ui-022-normal.mp3
ui-023;female;normal;Автопереход остановлен;"Спокойно, чётко; без дополнительного текста.";materials/audio/incoming/ru/female/ui-023-normal.wav;public/audio/ru/female/ui-023-normal.mp3
ui-023;male;normal;Автопереход остановлен;"Спокойно, чётко; без дополнительного текста.";materials/audio/incoming/ru/male/ui-023-normal.wav;public/audio/ru/male/ui-023-normal.mp3
ui-024;female;normal;Не переходить;"Спокойно, чётко; без дополнительного текста.";materials/audio/incoming/ru/female/ui-024-normal.wav;public/audio/ru/female/ui-024-normal.mp3
ui-024;male;normal;Не переходить;"Спокойно, чётко; без дополнительного текста.";materials/audio/incoming/ru/male/ui-024-normal.wav;public/audio/ru/male/ui-024-normal.mp3
ui-025;female;normal;Ты позанимался. Здорово!;Тёплая короткая похвала без вскрика и скачка громкости.;materials/audio/incoming/ru/female/ui-025-normal.wav;public/audio/ru/female/ui-025-normal.mp3
ui-025;male;normal;Ты позанимался. Здорово!;Тёплая короткая похвала без вскрика и скачка громкости.;materials/audio/incoming/ru/male/ui-025-normal.wav;public/audio/ru/male/ui-025-normal.mp3
ui-026;female;normal;Все доступные слова этой темы пройдены. В следующей теме появятся новые буквы и слова.;"Спокойно, чётко; без дополнительного текста.";materials/audio/incoming/ru/female/ui-026-normal.wav;public/audio/ru/female/ui-026-normal.mp3
ui-026;male;normal;Все доступные слова этой темы пройдены. В следующей теме появятся новые буквы и слова.;"Спокойно, чётко; без дополнительного текста.";materials/audio/incoming/ru/male/ui-026-normal.wav;public/audio/ru/male/ui-026-normal.mp3
ui-027;female;normal;Отдохнуть;"Спокойно, чётко; без дополнительного текста.";materials/audio/incoming/ru/female/ui-027-normal.wav;public/audio/ru/female/ui-027-normal.mp3
ui-027;male;normal;Отдохнуть;"Спокойно, чётко; без дополнительного текста.";materials/audio/incoming/ru/male/ui-027-normal.wav;public/audio/ru/male/ui-027-normal.mp3
ui-028;female;normal;Следующее занятие;"Спокойно, чётко; без дополнительного текста.";materials/audio/incoming/ru/female/ui-028-normal.wav;public/audio/ru/female/ui-028-normal.mp3
ui-028;male;normal;Следующее занятие;"Спокойно, чётко; без дополнительного текста.";materials/audio/incoming/ru/male/ui-028-normal.wav;public/audio/ru/male/ui-028-normal.mp3
ui-029;female;normal;Продолжать автоматически после задания и занятия?;"Спокойно, чётко; без дополнительного текста.";materials/audio/incoming/ru/female/ui-029-normal.wav;public/audio/ru/female/ui-029-normal.mp3
ui-029;male;normal;Продолжать автоматически после задания и занятия?;"Спокойно, чётко; без дополнительного текста.";materials/audio/incoming/ru/male/ui-029-normal.wav;public/audio/ru/male/ui-029-normal.mp3
ui-030;female;normal;Напечатай одну из движущихся карточек и нажми Энтер.;"Спокойно, чётко; без дополнительного текста.";materials/audio/incoming/ru/female/ui-030-normal.wav;public/audio/ru/female/ui-030-normal.mp3
ui-030;male;normal;Напечатай одну из движущихся карточек и нажми Энтер.;"Спокойно, чётко; без дополнительного текста.";materials/audio/incoming/ru/male/ui-030-normal.wav;public/audio/ru/male/ui-030-normal.mp3
ui-031;female;normal;Включи микрофон и произнеси звук. Можно проверить вместе со взрослым.;"Спокойно, чётко; без дополнительного текста.";materials/audio/incoming/ru/female/ui-031-normal.wav;public/audio/ru/female/ui-031-normal.mp3
ui-031;male;normal;Включи микрофон и произнеси звук. Можно проверить вместе со взрослым.;"Спокойно, чётко; без дополнительного текста.";materials/audio/incoming/ru/male/ui-031-normal.wav;public/audio/ru/male/ui-031-normal.mp3
ui-032;female;normal;Включи микрофон и назови букву. Можно проверить вместе со взрослым.;"Спокойно, чётко; без дополнительного текста.";materials/audio/incoming/ru/female/ui-032-normal.wav;public/audio/ru/female/ui-032-normal.mp3
ui-032;male;normal;Включи микрофон и назови букву. Можно проверить вместе со взрослым.;"Спокойно, чётко; без дополнительного текста.";materials/audio/incoming/ru/male/ui-032-normal.wav;public/audio/ru/male/ui-032-normal.mp3
ui-033;female;normal;Включи микрофон и читай в своём темпе. Можно нажать на слог и продолжать с него или прочитать слово целиком.;"Спокойно, чётко; без дополнительного текста.";materials/audio/incoming/ru/female/ui-033-normal.wav;public/audio/ru/female/ui-033-normal.mp3
ui-033;male;normal;Включи микрофон и читай в своём темпе. Можно нажать на слог и продолжать с него или прочитать слово целиком.;"Спокойно, чётко; без дополнительного текста.";materials/audio/incoming/ru/male/ui-033-normal.wav;public/audio/ru/male/ui-033-normal.mp3
ui-034;female;normal;Введи ответ и нажми галочку или Энтер.;"Спокойно, чётко; без дополнительного текста.";materials/audio/incoming/ru/female/ui-034-normal.wav;public/audio/ru/female/ui-034-normal.mp3
ui-034;male;normal;Введи ответ и нажми галочку или Энтер.;"Спокойно, чётко; без дополнительного текста.";materials/audio/incoming/ru/male/ui-034-normal.wav;public/audio/ru/male/ui-034-normal.mp3
ui-035;female;normal;Гласные — двойная линия;"Спокойно, чётко; без дополнительного текста.";materials/audio/incoming/ru/female/ui-035-normal.wav;public/audio/ru/female/ui-035-normal.mp3
ui-035;male;normal;Гласные — двойная линия;"Спокойно, чётко; без дополнительного текста.";materials/audio/incoming/ru/male/ui-035-normal.wav;public/audio/ru/male/ui-035-normal.mp3
ui-036;female;normal;Согласные — одна линия;"Спокойно, чётко; без дополнительного текста.";materials/audio/incoming/ru/female/ui-036-normal.wav;public/audio/ru/female/ui-036-normal.mp3
ui-036;male;normal;Согласные — одна линия;"Спокойно, чётко; без дополнительного текста.";materials/audio/incoming/ru/male/ui-036-normal.wav;public/audio/ru/male/ui-036-normal.mp3
ui-037;female;normal;Скрыть картинку;"Спокойно, чётко; без дополнительного текста.";materials/audio/incoming/ru/female/ui-037-normal.wav;public/audio/ru/female/ui-037-normal.mp3
ui-037;male;normal;Скрыть картинку;"Спокойно, чётко; без дополнительного текста.";materials/audio/incoming/ru/male/ui-037-normal.wav;public/audio/ru/male/ui-037-normal.mp3
ui-038;female;normal;Показать картинку;"Спокойно, чётко; без дополнительного текста.";materials/audio/incoming/ru/female/ui-038-normal.wav;public/audio/ru/female/ui-038-normal.mp3
ui-038;male;normal;Показать картинку;"Спокойно, чётко; без дополнительного текста.";materials/audio/incoming/ru/male/ui-038-normal.wav;public/audio/ru/male/ui-038-normal.mp3
ui-039;female;normal;Читай по слогам. Потом соединим их в слово.;"Спокойно, чётко; без дополнительного текста.";materials/audio/incoming/ru/female/ui-039-normal.wav;public/audio/ru/female/ui-039-normal.mp3
ui-039;male;normal;Читай по слогам. Потом соединим их в слово.;"Спокойно, чётко; без дополнительного текста.";materials/audio/incoming/ru/male/ui-039-normal.wav;public/audio/ru/male/ui-039-normal.mp3
ui-040;female;normal;Помоги прочитать по слогам;"Спокойно, чётко; без дополнительного текста.";materials/audio/incoming/ru/female/ui-040-normal.wav;public/audio/ru/female/ui-040-normal.mp3
ui-040;male;normal;Помоги прочитать по слогам;"Спокойно, чётко; без дополнительного текста.";materials/audio/incoming/ru/male/ui-040-normal.wav;public/audio/ru/male/ui-040-normal.mp3
ui-041;female;normal;У этой буквы нет собственного звука.;"Спокойно, чётко; без дополнительного текста.";materials/audio/incoming/ru/female/ui-041-normal.wav;public/audio/ru/female/ui-041-normal.mp3
ui-041;male;normal;У этой буквы нет собственного звука.;"Спокойно, чётко; без дополнительного текста.";materials/audio/incoming/ru/male/ui-041-normal.wav;public/audio/ru/male/ui-041-normal.mp3
ui-042;female;normal;Звуки этой буквы зависят от её места в слове. Разберите пример со взрослым.;"Спокойно, чётко; без дополнительного текста.";materials/audio/incoming/ru/female/ui-042-normal.wav;public/audio/ru/female/ui-042-normal.mp3
ui-042;male;normal;Звуки этой буквы зависят от её места в слове. Разберите пример со взрослым.;"Спокойно, чётко; без дополнительного текста.";materials/audio/incoming/ru/male/ui-042-normal.wav;public/audio/ru/male/ui-042-normal.mp3
ui-043;female;normal;Произнеси звук коротко, без названия буквы. Например: [б], а не «бэ».;"Спокойно, чётко; без дополнительного текста.";materials/audio/incoming/ru/female/ui-043-normal.wav;public/audio/ru/female/ui-043-normal.mp3
ui-043;male;normal;Произнеси звук коротко, без названия буквы. Например: [б], а не «бэ».;"Спокойно, чётко; без дополнительного текста.";materials/audio/incoming/ru/male/ui-043-normal.wav;public/audio/ru/male/ui-043-normal.mp3
ui-044;female;normal;Повторить задание;"Спокойно, чётко; без дополнительного текста.";materials/audio/incoming/ru/female/ui-044-normal.wav;public/audio/ru/female/ui-044-normal.mp3
ui-044;male;normal;Повторить задание;"Спокойно, чётко; без дополнительного текста.";materials/audio/incoming/ru/male/ui-044-normal.wav;public/audio/ru/male/ui-044-normal.mp3
ui-045;female;normal;Скрыть подсказку;"Спокойно, чётко; без дополнительного текста.";materials/audio/incoming/ru/female/ui-045-normal.wav;public/audio/ru/female/ui-045-normal.mp3
ui-045;male;normal;Скрыть подсказку;"Спокойно, чётко; без дополнительного текста.";materials/audio/incoming/ru/male/ui-045-normal.wav;public/audio/ru/male/ui-045-normal.mp3
ui-046;female;normal;Подсказка;"Спокойно, чётко; без дополнительного текста.";materials/audio/incoming/ru/female/ui-046-normal.wav;public/audio/ru/female/ui-046-normal.mp3
ui-046;male;normal;Подсказка;"Спокойно, чётко; без дополнительного текста.";materials/audio/incoming/ru/male/ui-046-normal.wav;public/audio/ru/male/ui-046-normal.mp3
ui-047;female;normal;Лови новые!;"Спокойно, чётко; без дополнительного текста.";materials/audio/incoming/ru/female/ui-047-normal.wav;public/audio/ru/female/ui-047-normal.mp3
ui-047;male;normal;Лови новые!;"Спокойно, чётко; без дополнительного текста.";materials/audio/incoming/ru/male/ui-047-normal.wav;public/audio/ru/male/ui-047-normal.mp3
ui-048;female;normal;Другие карточки;"Спокойно, чётко; без дополнительного текста.";materials/audio/incoming/ru/female/ui-048-normal.wav;public/audio/ru/female/ui-048-normal.mp3
ui-048;male;normal;Другие карточки;"Спокойно, чётко; без дополнительного текста.";materials/audio/incoming/ru/male/ui-048-normal.wav;public/audio/ru/male/ui-048-normal.mp3
ui-049;female;normal;Пропустить;"Спокойно, чётко; без дополнительного текста.";materials/audio/incoming/ru/female/ui-049-normal.wav;public/audio/ru/female/ui-049-normal.mp3
ui-049;male;normal;Пропустить;"Спокойно, чётко; без дополнительного текста.";materials/audio/incoming/ru/male/ui-049-normal.wav;public/audio/ru/male/ui-049-normal.mp3
ui-050;female;normal;+1 звезда;"Спокойно, чётко; без дополнительного текста.";materials/audio/incoming/ru/female/ui-050-normal.wav;public/audio/ru/female/ui-050-normal.mp3
ui-050;male;normal;+1 звезда;"Спокойно, чётко; без дополнительного текста.";materials/audio/incoming/ru/male/ui-050-normal.wav;public/audio/ru/male/ui-050-normal.mp3
ui-051;female;normal;Исправь так;"Поддерживающе и нейтрально; не обвинять ребёнка интонацией.";materials/audio/incoming/ru/female/ui-051-normal.wav;public/audio/ru/female/ui-051-normal.mp3
ui-051;male;normal;Исправь так;"Поддерживающе и нейтрально; не обвинять ребёнка интонацией.";materials/audio/incoming/ru/male/ui-051-normal.wav;public/audio/ru/male/ui-051-normal.mp3
ui-052;female;normal;Послушать слово;"Спокойно, чётко; без дополнительного текста.";materials/audio/incoming/ru/female/ui-052-normal.wav;public/audio/ru/female/ui-052-normal.mp3
ui-052;male;normal;Послушать слово;"Спокойно, чётко; без дополнительного текста.";materials/audio/incoming/ru/male/ui-052-normal.wav;public/audio/ru/male/ui-052-normal.mp3
ui-053;female;normal;Найди такой же. Потом прочитай.;"Спокойно, чётко; без дополнительного текста.";materials/audio/incoming/ru/female/ui-053-normal.wav;public/audio/ru/female/ui-053-normal.mp3
ui-053;male;normal;Найди такой же. Потом прочитай.;"Спокойно, чётко; без дополнительного текста.";materials/audio/incoming/ru/male/ui-053-normal.wav;public/audio/ru/male/ui-053-normal.mp3
ui-054;female;normal;Начни с первой буквы и соедини звуки.;"Спокойно, чётко; без дополнительного текста.";materials/audio/incoming/ru/female/ui-054-normal.wav;public/audio/ru/female/ui-054-normal.mp3
ui-054;male;normal;Начни с первой буквы и соедини звуки.;"Спокойно, чётко; без дополнительного текста.";materials/audio/incoming/ru/male/ui-054-normal.wav;public/audio/ru/male/ui-054-normal.mp3
ui-055;female;normal;Посмотри на букву. Повтори за взрослым.;"Спокойно, чётко; без дополнительного текста.";materials/audio/incoming/ru/female/ui-055-normal.wav;public/audio/ru/female/ui-055-normal.mp3
ui-055;male;normal;Посмотри на букву. Повтори за взрослым.;"Спокойно, чётко; без дополнительного текста.";materials/audio/incoming/ru/male/ui-055-normal.wav;public/audio/ru/male/ui-055-normal.mp3
ui-056;female;normal;Послушать вместе;"Спокойно, чётко; без дополнительного текста.";materials/audio/incoming/ru/female/ui-056-normal.wav;public/audio/ru/female/ui-056-normal.mp3
ui-056;male;normal;Послушать вместе;"Спокойно, чётко; без дополнительного текста.";materials/audio/incoming/ru/male/ui-056-normal.wav;public/audio/ru/male/ui-056-normal.mp3
ui-057;female;normal;Немного отдохнуть;"Спокойно, чётко; без дополнительного текста.";materials/audio/incoming/ru/female/ui-057-normal.wav;public/audio/ru/female/ui-057-normal.mp3
ui-057;male;normal;Немного отдохнуть;"Спокойно, чётко; без дополнительного текста.";materials/audio/incoming/ru/male/ui-057-normal.wav;public/audio/ru/male/ui-057-normal.mp3
ui-058;female;normal;Дорожки с карточками;"Спокойно, чётко; без дополнительного текста.";materials/audio/incoming/ru/female/ui-058-normal.wav;public/audio/ru/female/ui-058-normal.mp3
ui-058;male;normal;Дорожки с карточками;"Спокойно, чётко; без дополнительного текста.";materials/audio/incoming/ru/male/ui-058-normal.wav;public/audio/ru/male/ui-058-normal.mp3
ui-059;female;normal;Можно ловить в любом порядке;"Спокойно, чётко; без дополнительного текста.";materials/audio/incoming/ru/female/ui-059-normal.wav;public/audio/ru/female/ui-059-normal.mp3
ui-059;male;normal;Можно ловить в любом порядке;"Спокойно, чётко; без дополнительного текста.";materials/audio/incoming/ru/male/ui-059-normal.wav;public/audio/ru/male/ui-059-normal.mp3
ui-060;female;normal;Микрофон слушает;"Спокойно, чётко; без дополнительного текста.";materials/audio/incoming/ru/female/ui-060-normal.wav;public/audio/ru/female/ui-060-normal.mp3
ui-060;male;normal;Микрофон слушает;"Спокойно, чётко; без дополнительного текста.";materials/audio/incoming/ru/male/ui-060-normal.wav;public/audio/ru/male/ui-060-normal.mp3
ui-061;female;normal;Микрофон ждёт;"Спокойно, чётко; без дополнительного текста.";materials/audio/incoming/ru/female/ui-061-normal.wav;public/audio/ru/female/ui-061-normal.mp3
ui-061;male;normal;Микрофон ждёт;"Спокойно, чётко; без дополнительного текста.";materials/audio/incoming/ru/male/ui-061-normal.wav;public/audio/ru/male/ui-061-normal.mp3
ui-062;female;normal;Готовлю микрофон…;"Спокойно, чётко; без дополнительного текста.";materials/audio/incoming/ru/female/ui-062-normal.wav;public/audio/ru/female/ui-062-normal.mp3
ui-062;male;normal;Готовлю микрофон…;"Спокойно, чётко; без дополнительного текста.";materials/audio/incoming/ru/male/ui-062-normal.wav;public/audio/ru/male/ui-062-normal.mp3
ui-063;female;normal;Получилось!;Тёплая короткая похвала без вскрика и скачка громкости.;materials/audio/incoming/ru/female/ui-063-normal.wav;public/audio/ru/female/ui-063-normal.mp3
ui-063;male;normal;Получилось!;Тёплая короткая похвала без вскрика и скачка громкости.;materials/audio/incoming/ru/male/ui-063-normal.wav;public/audio/ru/male/ui-063-normal.mp3
ui-064;female;normal;Послушай подсказку;"Спокойно, чётко; без дополнительного текста.";materials/audio/incoming/ru/female/ui-064-normal.wav;public/audio/ru/female/ui-064-normal.mp3
ui-064;male;normal;Послушай подсказку;"Спокойно, чётко; без дополнительного текста.";materials/audio/incoming/ru/male/ui-064-normal.wav;public/audio/ru/male/ui-064-normal.mp3
ui-065;female;normal;Попробуем ещё раз;"Поддерживающе и нейтрально; не обвинять ребёнка интонацией.";materials/audio/incoming/ru/female/ui-065-normal.wav;public/audio/ru/female/ui-065-normal.mp3
ui-065;male;normal;Попробуем ещё раз;"Поддерживающе и нейтрально; не обвинять ребёнка интонацией.";materials/audio/incoming/ru/male/ui-065-normal.wav;public/audio/ru/male/ui-065-normal.mp3
ui-066;female;normal;Слышу звук;"Спокойно, чётко; без дополнительного текста.";materials/audio/incoming/ru/female/ui-066-normal.wav;public/audio/ru/female/ui-066-normal.mp3
ui-066;male;normal;Слышу звук;"Спокойно, чётко; без дополнительного текста.";materials/audio/incoming/ru/male/ui-066-normal.wav;public/audio/ru/male/ui-066-normal.mp3
ui-067;female;normal;Я слушаю;"Спокойно, чётко; без дополнительного текста.";materials/audio/incoming/ru/female/ui-067-normal.wav;public/audio/ru/female/ui-067-normal.mp3
ui-067;male;normal;Я слушаю;"Спокойно, чётко; без дополнительного текста.";materials/audio/incoming/ru/male/ui-067-normal.wav;public/audio/ru/male/ui-067-normal.mp3
ui-068;female;normal;Услышанная часть слова;"Спокойно, чётко; без дополнительного текста.";materials/audio/incoming/ru/female/ui-068-normal.wav;public/audio/ru/female/ui-068-normal.mp3
ui-068;male;normal;Услышанная часть слова;"Спокойно, чётко; без дополнительного текста.";materials/audio/incoming/ru/male/ui-068-normal.wav;public/audio/ru/male/ui-068-normal.mp3
ui-069;female;normal;Продолжай с выделенной границы — я жду.;"Спокойно, чётко; без дополнительного текста.";materials/audio/incoming/ru/female/ui-069-normal.wav;public/audio/ru/female/ui-069-normal.mp3
ui-069;male;normal;Продолжай с выделенной границы — я жду.;"Спокойно, чётко; без дополнительного текста.";materials/audio/incoming/ru/male/ui-069-normal.wav;public/audio/ru/male/ui-069-normal.mp3
ui-070;female;normal;Переключи клавиатуру на русский язык.;"Спокойно, чётко; без дополнительного текста.";materials/audio/incoming/ru/female/ui-070-normal.wav;public/audio/ru/female/ui-070-normal.mp3
ui-070;male;normal;Переключи клавиатуру на русский язык.;"Спокойно, чётко; без дополнительного текста.";materials/audio/incoming/ru/male/ui-070-normal.wav;public/audio/ru/male/ui-070-normal.mp3
ui-071;female;normal;Найди такой же на дорожке. Можно исправить ответ.;"Поддерживающе и нейтрально; не обвинять ребёнка интонацией.";materials/audio/incoming/ru/female/ui-071-normal.wav;public/audio/ru/female/ui-071-normal.mp3
ui-071;male;normal;Найди такой же на дорожке. Можно исправить ответ.;"Поддерживающе и нейтрально; не обвинять ребёнка интонацией.";materials/audio/incoming/ru/male/ui-071-normal.wav;public/audio/ru/male/ui-071-normal.mp3
ui-072;female;normal;Эта часть прочитана! Теперь прочитай слово целиком.;"Спокойно, чётко; без дополнительного текста.";materials/audio/incoming/ru/female/ui-072-normal.wav;public/audio/ru/female/ui-072-normal.mp3
ui-072;male;normal;Эта часть прочитана! Теперь прочитай слово целиком.;"Спокойно, чётко; без дополнительного текста.";materials/audio/incoming/ru/male/ui-072-normal.wav;public/audio/ru/male/ui-072-normal.mp3
ui-073;female;normal;Продолжай читать. Я слушаю.;"Спокойно, чётко; без дополнительного текста.";materials/audio/incoming/ru/female/ui-073-normal.wav;public/audio/ru/female/ui-073-normal.mp3
ui-073;male;normal;Продолжай читать. Я слушаю.;"Спокойно, чётко; без дополнительного текста.";materials/audio/incoming/ru/male/ui-073-normal.wav;public/audio/ru/male/ui-073-normal.mp3
ui-074;female;normal;Не расслышал. Можно читать дальше по слогам или слово целиком.;"Поддерживающе и нейтрально; не обвинять ребёнка интонацией.";materials/audio/incoming/ru/female/ui-074-normal.wav;public/audio/ru/female/ui-074-normal.mp3
ui-074;male;normal;Не расслышал. Можно читать дальше по слогам или слово целиком.;"Поддерживающе и нейтрально; не обвинять ребёнка интонацией.";materials/audio/incoming/ru/male/ui-074-normal.wav;public/audio/ru/male/ui-074-normal.mp3
ui-075;female;normal;Начало услышано. Продолжай, я жду.;"Спокойно, чётко; без дополнительного текста.";materials/audio/incoming/ru/female/ui-075-normal.wav;public/audio/ru/female/ui-075-normal.mp3
ui-075;male;normal;Начало услышано. Продолжай, я жду.;"Спокойно, чётко; без дополнительного текста.";materials/audio/incoming/ru/male/ui-075-normal.wav;public/audio/ru/male/ui-075-normal.mp3
ui-076;female;normal;Звук услышан. Попробуй прочитать слово на карточке — можно по частям.;"Поддерживающе и нейтрально; не обвинять ребёнка интонацией.";materials/audio/incoming/ru/female/ui-076-normal.wav;public/audio/ru/female/ui-076-normal.mp3
ui-076;male;normal;Звук услышан. Попробуй прочитать слово на карточке — можно по частям.;"Поддерживающе и нейтрально; не обвинять ребёнка интонацией.";materials/audio/incoming/ru/male/ui-076-normal.wav;public/audio/ru/male/ui-076-normal.mp3
ui-077;female;normal;Не расслышал. Скажи ещё раз — я слушаю.;"Поддерживающе и нейтрально; не обвинять ребёнка интонацией.";materials/audio/incoming/ru/female/ui-077-normal.wav;public/audio/ru/female/ui-077-normal.mp3
ui-077;male;normal;Не расслышал. Скажи ещё раз — я слушаю.;"Поддерживающе и нейтрально; не обвинять ребёнка интонацией.";materials/audio/incoming/ru/male/ui-077-normal.wav;public/audio/ru/male/ui-077-normal.mp3
ui-078;female;normal;Так звучит в начале слова. После согласной — иначе.;"Спокойно, чётко; без дополнительного текста.";materials/audio/incoming/ru/female/ui-078-normal.wav;public/audio/ru/female/ui-078-normal.mp3
ui-078;male;normal;Так звучит в начале слова. После согласной — иначе.;"Спокойно, чётко; без дополнительного текста.";materials/audio/incoming/ru/male/ui-078-normal.wav;public/audio/ru/male/ui-078-normal.mp3
ui-079;female;normal;НАЗЫВАЕМ ПРЕДМЕТЫ;"Спокойно, чётко; без дополнительного текста.";materials/audio/incoming/ru/female/ui-079-normal.wav;public/audio/ru/female/ui-079-normal.mp3
ui-079;male;normal;НАЗЫВАЕМ ПРЕДМЕТЫ;"Спокойно, чётко; без дополнительного текста.";materials/audio/incoming/ru/male/ui-079-normal.wav;public/audio/ru/male/ui-079-normal.mp3
ui-080;female;normal;ПЕРВЫЕ СЛОВА;"Спокойно, чётко; без дополнительного текста.";materials/audio/incoming/ru/female/ui-080-normal.wav;public/audio/ru/female/ui-080-normal.mp3
ui-080;male;normal;ПЕРВЫЕ СЛОВА;"Спокойно, чётко; без дополнительного текста.";materials/audio/incoming/ru/male/ui-080-normal.wav;public/audio/ru/male/ui-080-normal.mp3
ui-081;female;normal;Разминку несколько раз пропустили. Сделать перерыв в напоминаниях?;"Спокойно, чётко; без дополнительного текста.";materials/audio/incoming/ru/female/ui-081-normal.wav;public/audio/ru/female/ui-081-normal.mp3
ui-081;male;normal;Разминку несколько раз пропустили. Сделать перерыв в напоминаниях?;"Спокойно, чётко; без дополнительного текста.";materials/audio/incoming/ru/male/ui-081-normal.wav;public/audio/ru/male/ui-081-normal.mp3
ui-082;female;normal;Напоминания об отдыхе временно выключены. «Разминка» доступна.;"Спокойно, чётко; без дополнительного текста.";materials/audio/incoming/ru/female/ui-082-normal.wav;public/audio/ru/female/ui-082-normal.mp3
ui-082;male;normal;Напоминания об отдыхе временно выключены. «Разминка» доступна.;"Спокойно, чётко; без дополнительного текста.";materials/audio/incoming/ru/male/ui-082-normal.wav;public/audio/ru/male/ui-082-normal.mp3
ui-083;female;normal;После этого задания предложим отдохнуть.;"Спокойно, чётко; без дополнительного текста.";materials/audio/incoming/ru/female/ui-083-normal.wav;public/audio/ru/female/ui-083-normal.mp3
ui-083;male;normal;После этого задания предложим отдохнуть.;"Спокойно, чётко; без дополнительного текста.";materials/audio/incoming/ru/male/ui-083-normal.wav;public/audio/ru/male/ui-083-normal.mp3
ui-084;female;normal;Движение включено · можно остановиться в любой момент;"Спокойно, чётко; без дополнительного текста.";materials/audio/incoming/ru/female/ui-084-normal.wav;public/audio/ru/female/ui-084-normal.mp3
ui-084;male;normal;Движение включено · можно остановиться в любой момент;"Спокойно, чётко; без дополнительного текста.";materials/audio/incoming/ru/male/ui-084-normal.wav;public/audio/ru/male/ui-084-normal.mp3
ui-085;female;normal;Без спешки и таймера;"Спокойно, чётко; без дополнительного текста.";materials/audio/incoming/ru/female/ui-085-normal.wav;public/audio/ru/female/ui-085-normal.mp3
ui-085;male;normal;Без спешки и таймера;"Спокойно, чётко; без дополнительного текста.";materials/audio/incoming/ru/male/ui-085-normal.wav;public/audio/ru/male/ui-085-normal.mp3
ui-086;female;normal;Отдых по кнопке «Разминка»;"Спокойно, чётко; без дополнительного текста.";materials/audio/incoming/ru/female/ui-086-normal.wav;public/audio/ru/female/ui-086-normal.mp3
ui-086;male;normal;Отдых по кнопке «Разминка»;"Спокойно, чётко; без дополнительного текста.";materials/audio/incoming/ru/male/ui-086-normal.wav;public/audio/ru/male/ui-086-normal.mp3
ui-087;female;normal;Время отдохнуть;"Спокойно, чётко; без дополнительного текста.";materials/audio/incoming/ru/female/ui-087-normal.wav;public/audio/ru/female/ui-087-normal.mp3
ui-087;male;normal;Время отдохнуть;"Спокойно, чётко; без дополнительного текста.";materials/audio/incoming/ru/male/ui-087-normal.wav;public/audio/ru/male/ui-087-normal.mp3
ui-088;female;normal;Можно выбрать игру, размяться или просто побыть в тишине.;"Спокойно, чётко; без дополнительного текста.";materials/audio/incoming/ru/female/ui-088-normal.wav;public/audio/ru/female/ui-088-normal.mp3
ui-088;male;normal;Можно выбрать игру, размяться или просто побыть в тишине.;"Спокойно, чётко; без дополнительного текста.";materials/audio/incoming/ru/male/ui-088-normal.wav;public/audio/ru/male/ui-088-normal.mp3
ui-089;female;normal;Не спеши. У тебя получится.;"Спокойно, чётко; без дополнительного текста.";materials/audio/incoming/ru/female/ui-089-normal.wav;public/audio/ru/female/ui-089-normal.mp3
ui-089;male;normal;Не спеши. У тебя получится.;"Спокойно, чётко; без дополнительного текста.";materials/audio/incoming/ru/male/ui-089-normal.wav;public/audio/ru/male/ui-089-normal.mp3
ui-090;female;normal;Напиши, что на картинке;"Спокойно, чётко; без дополнительного текста.";materials/audio/incoming/ru/female/ui-090-normal.wav;public/audio/ru/female/ui-090-normal.mp3
ui-090;male;normal;Напиши, что на картинке;"Спокойно, чётко; без дополнительного текста.";materials/audio/incoming/ru/male/ui-090-normal.wav;public/audio/ru/male/ui-090-normal.mp3
ui-091;female;normal;Произнеси звук;"Спокойно, чётко; без дополнительного текста.";materials/audio/incoming/ru/female/ui-091-normal.wav;public/audio/ru/female/ui-091-normal.mp3
ui-091;male;normal;Произнеси звук;"Спокойно, чётко; без дополнительного текста.";materials/audio/incoming/ru/male/ui-091-normal.wav;public/audio/ru/male/ui-091-normal.mp3
ui-092;female;normal;Назови букву;"Спокойно, чётко; без дополнительного текста.";materials/audio/incoming/ru/female/ui-092-normal.wav;public/audio/ru/female/ui-092-normal.mp3
ui-092;male;normal;Назови букву;"Спокойно, чётко; без дополнительного текста.";materials/audio/incoming/ru/male/ui-092-normal.wav;public/audio/ru/male/ui-092-normal.mp3
ui-093;female;normal;Прочитай слог вслух;"Спокойно, чётко; без дополнительного текста.";materials/audio/incoming/ru/female/ui-093-normal.wav;public/audio/ru/female/ui-093-normal.mp3
ui-093;male;normal;Прочитай слог вслух;"Спокойно, чётко; без дополнительного текста.";materials/audio/incoming/ru/male/ui-093-normal.wav;public/audio/ru/male/ui-093-normal.mp3
ui-094;female;normal;Прочитай слово вслух;"Спокойно, чётко; без дополнительного текста.";materials/audio/incoming/ru/female/ui-094-normal.wav;public/audio/ru/female/ui-094-normal.mp3
ui-094;male;normal;Прочитай слово вслух;"Спокойно, чётко; без дополнительного текста.";materials/audio/incoming/ru/male/ui-094-normal.wav;public/audio/ru/male/ui-094-normal.mp3
ui-095;female;normal;Поймай: напечатай любой и нажми Энтер;"Спокойно, чётко; без дополнительного текста.";materials/audio/incoming/ru/female/ui-095-normal.wav;public/audio/ru/female/ui-095-normal.mp3
ui-095;male;normal;Поймай: напечатай любой и нажми Энтер;"Спокойно, чётко; без дополнительного текста.";materials/audio/incoming/ru/male/ui-095-normal.wav;public/audio/ru/male/ui-095-normal.mp3
ui-096;female;normal;Напечатай букву;"Спокойно, чётко; без дополнительного текста.";materials/audio/incoming/ru/female/ui-096-normal.wav;public/audio/ru/female/ui-096-normal.mp3
ui-096;male;normal;Напечатай букву;"Спокойно, чётко; без дополнительного текста.";materials/audio/incoming/ru/male/ui-096-normal.wav;public/audio/ru/male/ui-096-normal.mp3
ui-097;female;normal;Напечатай слог;"Спокойно, чётко; без дополнительного текста.";materials/audio/incoming/ru/female/ui-097-normal.wav;public/audio/ru/female/ui-097-normal.mp3
ui-097;male;normal;Напечатай слог;"Спокойно, чётко; без дополнительного текста.";materials/audio/incoming/ru/male/ui-097-normal.wav;public/audio/ru/male/ui-097-normal.mp3
ui-098;female;normal;Напечатай слово;"Спокойно, чётко; без дополнительного текста.";materials/audio/incoming/ru/female/ui-098-normal.wav;public/audio/ru/female/ui-098-normal.mp3
ui-098;male;normal;Напечатай слово;"Спокойно, чётко; без дополнительного текста.";materials/audio/incoming/ru/male/ui-098-normal.wav;public/audio/ru/male/ui-098-normal.mp3
ui-099;female;normal;Не удалось сохранить результаты на этом устройстве.;"Спокойно, чётко; без дополнительного текста.";materials/audio/incoming/ru/female/ui-099-normal.wav;public/audio/ru/female/ui-099-normal.mp3
ui-099;male;normal;Не удалось сохранить результаты на этом устройстве.;"Спокойно, чётко; без дополнительного текста.";materials/audio/incoming/ru/male/ui-099-normal.wav;public/audio/ru/male/ui-099-normal.mp3
ui-100;female;normal;Молодец, слоги получились! А теперь прочитай слово целиком.;Тёплая короткая похвала без вскрика и скачка громкости.;materials/audio/incoming/ru/female/ui-100-normal.wav;public/audio/ru/female/ui-100-normal.mp3
ui-100;male;normal;Молодец, слоги получились! А теперь прочитай слово целиком.;Тёплая короткая похвала без вскрика и скачка громкости.;materials/audio/incoming/ru/male/ui-100-normal.wav;public/audio/ru/male/ui-100-normal.mp3
ui-101;female;normal;Молодец! А теперь прочитай слово целиком.;Тёплая короткая похвала без вскрика и скачка громкости.;materials/audio/incoming/ru/female/ui-101-normal.wav;public/audio/ru/female/ui-101-normal.mp3
ui-101;male;normal;Молодец! А теперь прочитай слово целиком.;Тёплая короткая похвала без вскрика и скачка громкости.;materials/audio/incoming/ru/male/ui-101-normal.wav;public/audio/ru/male/ui-101-normal.mp3
ui-102;female;normal;Слышу звук. Читай в своём темпе.;"Спокойно, чётко; без дополнительного текста.";materials/audio/incoming/ru/female/ui-102-normal.wav;public/audio/ru/female/ui-102-normal.mp3
ui-102;male;normal;Слышу звук. Читай в своём темпе.;"Спокойно, чётко; без дополнительного текста.";materials/audio/incoming/ru/male/ui-102-normal.wav;public/audio/ru/male/ui-102-normal.mp3
ui-103;female;normal;Попытка услышана, но слово пока не распознано. Попробуй ещё раз или послушай образец.;"Поддерживающе и нейтрально; не обвинять ребёнка интонацией.";materials/audio/incoming/ru/female/ui-103-normal.wav;public/audio/ru/female/ui-103-normal.mp3
ui-103;male;normal;Попытка услышана, но слово пока не распознано. Попробуй ещё раз или послушай образец.;"Поддерживающе и нейтрально; не обвинять ребёнка интонацией.";materials/audio/incoming/ru/male/ui-103-normal.wav;public/audio/ru/male/ui-103-normal.mp3
ui-104;female;normal;Я слушаю. Прочитай и сделай паузу.;"Спокойно, чётко; без дополнительного текста.";materials/audio/incoming/ru/female/ui-104-normal.wav;public/audio/ru/female/ui-104-normal.mp3
ui-104;male;normal;Я слушаю. Прочитай и сделай паузу.;"Спокойно, чётко; без дополнительного текста.";materials/audio/incoming/ru/male/ui-104-normal.wav;public/audio/ru/male/ui-104-normal.mp3
ui-105;female;normal;Проверка остановлена.;"Спокойно, чётко; без дополнительного текста.";materials/audio/incoming/ru/female/ui-105-normal.wav;public/audio/ru/female/ui-105-normal.mp3
ui-105;male;normal;Проверка остановлена.;"Спокойно, чётко; без дополнительного текста.";materials/audio/incoming/ru/male/ui-105-normal.wav;public/audio/ru/male/ui-105-normal.mp3
ui-106;female;normal;Напечатай любую карточку, которую видишь.;"Спокойно, чётко; без дополнительного текста.";materials/audio/incoming/ru/female/ui-106-normal.wav;public/audio/ru/female/ui-106-normal.mp3
ui-106;male;normal;Напечатай любую карточку, которую видишь.;"Спокойно, чётко; без дополнительного текста.";materials/audio/incoming/ru/male/ui-106-normal.wav;public/audio/ru/male/ui-106-normal.mp3
ui-107;female;normal;Попробуй эти карточки ещё раз.;"Поддерживающе и нейтрально; не обвинять ребёнка интонацией.";materials/audio/incoming/ru/female/ui-107-normal.wav;public/audio/ru/female/ui-107-normal.mp3
ui-107;male;normal;Попробуй эти карточки ещё раз.;"Поддерживающе и нейтрально; не обвинять ребёнка интонацией.";materials/audio/incoming/ru/male/ui-107-normal.wav;public/audio/ru/male/ui-107-normal.mp3
ui-108;female;normal;Читай с выбранного слога и продолжай дальше. Можно читать без пауз.;"Спокойно, чётко; без дополнительного текста.";materials/audio/incoming/ru/female/ui-108-normal.wav;public/audio/ru/female/ui-108-normal.mp3
ui-108;male;normal;Читай с выбранного слога и продолжай дальше. Можно читать без пауз.;"Спокойно, чётко; без дополнительного текста.";materials/audio/incoming/ru/male/ui-108-normal.wav;public/audio/ru/male/ui-108-normal.mp3
ui-109;female;normal;Из слогов в слово;"Спокойно, чётко; без дополнительного текста.";materials/audio/incoming/ru/female/ui-109-normal.wav;public/audio/ru/female/ui-109-normal.mp3
ui-109;male;normal;Из слогов в слово;"Спокойно, чётко; без дополнительного текста.";materials/audio/incoming/ru/male/ui-109-normal.wav;public/audio/ru/male/ui-109-normal.mp3
ui-110;female;normal;Смотри, слоги умеют дружить!;"Спокойно, чётко; без дополнительного текста.";materials/audio/incoming/ru/female/ui-110-normal.wav;public/audio/ru/female/ui-110-normal.mp3
ui-110;male;normal;Смотри, слоги умеют дружить!;"Спокойно, чётко; без дополнительного текста.";materials/audio/incoming/ru/male/ui-110-normal.wav;public/audio/ru/male/ui-110-normal.mp3
ui-111;female;normal;Собери слово по порядку:;"Спокойно, чётко; без дополнительного текста.";materials/audio/incoming/ru/female/ui-111-normal.wav;public/audio/ru/female/ui-111-normal.mp3
ui-111;male;normal;Собери слово по порядку:;"Спокойно, чётко; без дополнительного текста.";materials/audio/incoming/ru/male/ui-111-normal.wav;public/audio/ru/male/ui-111-normal.mp3
ui-112;female;normal;Послушать задание со слогами;"Спокойно, чётко; без дополнительного текста.";materials/audio/incoming/ru/female/ui-112-normal.wav;public/audio/ru/female/ui-112-normal.mp3
ui-112;male;normal;Послушать задание со слогами;"Спокойно, чётко; без дополнительного текста.";materials/audio/incoming/ru/male/ui-112-normal.wav;public/audio/ru/male/ui-112-normal.mp3
ui-113;female;normal;Собранные слоги;"Спокойно, чётко; без дополнительного текста.";materials/audio/incoming/ru/female/ui-113-normal.wav;public/audio/ru/female/ui-113-normal.mp3
ui-113;male;normal;Собранные слоги;"Спокойно, чётко; без дополнительного текста.";materials/audio/incoming/ru/male/ui-113-normal.wav;public/audio/ru/male/ui-113-normal.mp3
ui-114;female;normal;Получается!;"Спокойно, чётко; без дополнительного текста.";materials/audio/incoming/ru/female/ui-114-normal.wav;public/audio/ru/female/ui-114-normal.mp3
ui-114;male;normal;Получается!;"Спокойно, чётко; без дополнительного текста.";materials/audio/incoming/ru/male/ui-114-normal.wav;public/audio/ru/male/ui-114-normal.mp3
ui-115;female;normal;Найди слог;"Спокойно, чётко; без дополнительного текста.";materials/audio/incoming/ru/female/ui-115-normal.wav;public/audio/ru/female/ui-115-normal.mp3
ui-115;male;normal;Найди слог;"Спокойно, чётко; без дополнительного текста.";materials/audio/incoming/ru/male/ui-115-normal.wav;public/audio/ru/male/ui-115-normal.mp3
ui-116;female;normal;Молодец! Задание выполнено.;Тёплая короткая похвала без вскрика и скачка громкости.;materials/audio/incoming/ru/female/ui-116-normal.wav;public/audio/ru/female/ui-116-normal.mp3
ui-116;male;normal;Молодец! Задание выполнено.;Тёплая короткая похвала без вскрика и скачка громкости.;materials/audio/incoming/ru/male/ui-116-normal.wav;public/audio/ru/male/ui-116-normal.mp3
ui-117;female;normal;Эта часть прочитана! Теперь прочитаем пропущенное начало.;"Спокойно, чётко; без дополнительного текста.";materials/audio/incoming/ru/female/ui-117-normal.wav;public/audio/ru/female/ui-117-normal.mp3
ui-117;male;normal;Эта часть прочитана! Теперь прочитаем пропущенное начало.;"Спокойно, чётко; без дополнительного текста.";materials/audio/incoming/ru/male/ui-117-normal.wav;public/audio/ru/male/ui-117-normal.mp3
ui-118;female;normal;Строка прочитана!;"Спокойно, чётко; без дополнительного текста.";materials/audio/incoming/ru/female/ui-118-normal.wav;public/audio/ru/female/ui-118-normal.mp3
ui-118;male;normal;Строка прочитана!;"Спокойно, чётко; без дополнительного текста.";materials/audio/incoming/ru/male/ui-118-normal.wav;public/audio/ru/male/ui-118-normal.mp3
ui-119;female;normal;Читай с выбранного места. Все части строки нужно прочитать.;"Спокойно, чётко; без дополнительного текста.";materials/audio/incoming/ru/female/ui-119-normal.wav;public/audio/ru/female/ui-119-normal.mp3
ui-119;male;normal;Читай с выбранного места. Все части строки нужно прочитать.;"Спокойно, чётко; без дополнительного текста.";materials/audio/incoming/ru/male/ui-119-normal.wav;public/audio/ru/male/ui-119-normal.mp3
ui-120;female;normal;Попробуем это задание ещё раз.;"Поддерживающе и нейтрально; не обвинять ребёнка интонацией.";materials/audio/incoming/ru/female/ui-120-normal.wav;public/audio/ru/female/ui-120-normal.mp3
ui-120;male;normal;Попробуем это задание ещё раз.;"Поддерживающе и нейтрально; не обвинять ребёнка интонацией.";materials/audio/incoming/ru/male/ui-120-normal.wav;public/audio/ru/male/ui-120-normal.mp3
ui-121;female;normal;Текст прочитан. Теперь ответь на вопрос.;"Спокойно, чётко; без дополнительного текста.";materials/audio/incoming/ru/female/ui-121-normal.wav;public/audio/ru/female/ui-121-normal.mp3
ui-121;male;normal;Текст прочитан. Теперь ответь на вопрос.;"Спокойно, чётко; без дополнительного текста.";materials/audio/incoming/ru/male/ui-121-normal.wav;public/audio/ru/male/ui-121-normal.mp3
ui-122;female;normal;Задать вопрос после прочтения;"Спокойно, чётко; без дополнительного текста.";materials/audio/incoming/ru/female/ui-122-normal.wav;public/audio/ru/female/ui-122-normal.mp3
ui-122;male;normal;Задать вопрос после прочтения;"Спокойно, чётко; без дополнительного текста.";materials/audio/incoming/ru/male/ui-122-normal.wav;public/audio/ru/male/ui-122-normal.mp3
ui-123;female;normal;Ведение по тексту;"Спокойно, чётко; без дополнительного текста.";materials/audio/incoming/ru/female/ui-123-normal.wav;public/audio/ru/female/ui-123-normal.mp3
ui-123;male;normal;Ведение по тексту;"Спокойно, чётко; без дополнительного текста.";materials/audio/incoming/ru/male/ui-123-normal.wav;public/audio/ru/male/ui-123-normal.mp3
ui-124;female;normal;Автоматическое;"Спокойно, чётко; без дополнительного текста.";materials/audio/incoming/ru/female/ui-124-normal.wav;public/audio/ru/female/ui-124-normal.mp3
ui-124;male;normal;Автоматическое;"Спокойно, чётко; без дополнительного текста.";materials/audio/incoming/ru/male/ui-124-normal.wav;public/audio/ru/male/ui-124-normal.mp3
ui-125;female;normal;Показать весь текст;"Спокойно, чётко; без дополнительного текста.";materials/audio/incoming/ru/female/ui-125-normal.wav;public/audio/ru/female/ui-125-normal.mp3
ui-125;male;normal;Показать весь текст;"Спокойно, чётко; без дополнительного текста.";materials/audio/incoming/ru/male/ui-125-normal.wav;public/audio/ru/male/ui-125-normal.mp3
ui-126;female;normal;Прочитай текст и ответь на вопрос.;"Спокойно, чётко; без дополнительного текста.";materials/audio/incoming/ru/female/ui-126-normal.wav;public/audio/ru/female/ui-126-normal.mp3
ui-126;male;normal;Прочитай текст и ответь на вопрос.;"Спокойно, чётко; без дополнительного текста.";materials/audio/incoming/ru/male/ui-126-normal.wav;public/audio/ru/male/ui-126-normal.mp3
ui-127;female;normal;Перепиши текущую строку.;"Спокойно, чётко; без дополнительного текста.";materials/audio/incoming/ru/female/ui-127-normal.wav;public/audio/ru/female/ui-127-normal.mp3
ui-127;male;normal;Перепиши текущую строку.;"Спокойно, чётко; без дополнительного текста.";materials/audio/incoming/ru/male/ui-127-normal.wav;public/audio/ru/male/ui-127-normal.mp3
ui-128;female;normal;Прочитай текст вслух.;"Спокойно, чётко; без дополнительного текста.";materials/audio/incoming/ru/female/ui-128-normal.wav;public/audio/ru/female/ui-128-normal.mp3
ui-128;male;normal;Прочитай текст вслух.;"Спокойно, чётко; без дополнительного текста.";materials/audio/incoming/ru/male/ui-128-normal.wav;public/audio/ru/male/ui-128-normal.mp3
ui-129;female;normal;Прочитай текст и выбери ответ на вопрос.;"Спокойно, чётко; без дополнительного текста.";materials/audio/incoming/ru/female/ui-129-normal.wav;public/audio/ru/female/ui-129-normal.mp3
ui-129;male;normal;Прочитай текст и выбери ответ на вопрос.;"Спокойно, чётко; без дополнительного текста.";materials/audio/incoming/ru/male/ui-129-normal.wav;public/audio/ru/male/ui-129-normal.mp3
ui-130;female;normal;Перепиши текущую строку. Затем нажми «Проверить» или Энтер.;"Спокойно, чётко; без дополнительного текста.";materials/audio/incoming/ru/female/ui-130-normal.wav;public/audio/ru/female/ui-130-normal.mp3
ui-130;male;normal;Перепиши текущую строку. Затем нажми «Проверить» или Энтер.;"Спокойно, чётко; без дополнительного текста.";materials/audio/incoming/ru/male/ui-130-normal.wav;public/audio/ru/male/ui-130-normal.mp3
ui-131;female;normal;"Включи микрофон и читай с выделенной строки. Можно не спешить; прочитанное начало сохраняется.";"Спокойно, чётко; без дополнительного текста.";materials/audio/incoming/ru/female/ui-131-normal.wav;public/audio/ru/female/ui-131-normal.mp3
ui-131;male;normal;"Включи микрофон и читай с выделенной строки. Можно не спешить; прочитанное начало сохраняется.";"Спокойно, чётко; без дополнительного текста.";materials/audio/incoming/ru/male/ui-131-normal.wav;public/audio/ru/male/ui-131-normal.mp3
ui-132;female;normal;Показать картинку к тексту;"Спокойно, чётко; без дополнительного текста.";materials/audio/incoming/ru/female/ui-132-normal.wav;public/audio/ru/female/ui-132-normal.mp3
ui-132;male;normal;Показать картинку к тексту;"Спокойно, чётко; без дополнительного текста.";materials/audio/incoming/ru/male/ui-132-normal.wav;public/audio/ru/male/ui-132-normal.mp3
ui-133;female;normal;Перепиши строку;"Спокойно, чётко; без дополнительного текста.";materials/audio/incoming/ru/female/ui-133-normal.wav;public/audio/ru/female/ui-133-normal.mp3
ui-133;male;normal;Перепиши строку;"Спокойно, чётко; без дополнительного текста.";materials/audio/incoming/ru/male/ui-133-normal.wav;public/audio/ru/male/ui-133-normal.mp3
ui-134;female;normal;Прочитай вслух;"Спокойно, чётко; без дополнительного текста.";materials/audio/incoming/ru/female/ui-134-normal.wav;public/audio/ru/female/ui-134-normal.mp3
ui-134;male;normal;Прочитай вслух;"Спокойно, чётко; без дополнительного текста.";materials/audio/incoming/ru/male/ui-134-normal.wav;public/audio/ru/male/ui-134-normal.mp3
ui-135;female;normal;Послушать строку;"Спокойно, чётко; без дополнительного текста.";materials/audio/incoming/ru/female/ui-135-normal.wav;public/audio/ru/female/ui-135-normal.mp3
ui-135;male;normal;Послушать строку;"Спокойно, чётко; без дополнительного текста.";materials/audio/incoming/ru/male/ui-135-normal.wav;public/audio/ru/male/ui-135-normal.mp3
ui-136;female;normal;Послушать вопрос;"Спокойно, чётко; без дополнительного текста.";materials/audio/incoming/ru/female/ui-136-normal.wav;public/audio/ru/female/ui-136-normal.mp3
ui-136;male;normal;Послушать вопрос;"Спокойно, чётко; без дополнительного текста.";materials/audio/incoming/ru/male/ui-136-normal.wav;public/audio/ru/male/ui-136-normal.mp3
ui-137;female;normal;Давай найдём ответ в тексте.;"Спокойно, чётко; без дополнительного текста.";materials/audio/incoming/ru/female/ui-137-normal.wav;public/audio/ru/female/ui-137-normal.mp3
ui-137;male;normal;Давай найдём ответ в тексте.;"Спокойно, чётко; без дополнительного текста.";materials/audio/incoming/ru/male/ui-137-normal.wav;public/audio/ru/male/ui-137-normal.mp3
ui-138;female;normal;Разрешить микрофон и начать;"Спокойно, чётко; без дополнительного текста.";materials/audio/incoming/ru/female/ui-138-normal.wav;public/audio/ru/female/ui-138-normal.mp3
ui-138;male;normal;Разрешить микрофон и начать;"Спокойно, чётко; без дополнительного текста.";materials/audio/incoming/ru/male/ui-138-normal.wav;public/audio/ru/male/ui-138-normal.mp3
ui-139;female;normal;Начать чтение с микрофоном;"Спокойно, чётко; без дополнительного текста.";materials/audio/incoming/ru/female/ui-139-normal.wav;public/audio/ru/female/ui-139-normal.mp3
ui-139;male;normal;Начать чтение с микрофоном;"Спокойно, чётко; без дополнительного текста.";materials/audio/incoming/ru/male/ui-139-normal.wav;public/audio/ru/male/ui-139-normal.mp3
ui-140;female;normal;Строка прочитана вместе со взрослым.;"Спокойно, чётко; без дополнительного текста.";materials/audio/incoming/ru/female/ui-140-normal.wav;public/audio/ru/female/ui-140-normal.mp3
ui-140;male;normal;Строка прочитана вместе со взрослым.;"Спокойно, чётко; без дополнительного текста.";materials/audio/incoming/ru/male/ui-140-normal.wav;public/audio/ru/male/ui-140-normal.mp3
ui-141;female;normal;Строка прочитана верно;"Спокойно, чётко; без дополнительного текста.";materials/audio/incoming/ru/female/ui-141-normal.wav;public/audio/ru/female/ui-141-normal.mp3
ui-141;male;normal;Строка прочитана верно;"Спокойно, чётко; без дополнительного текста.";materials/audio/incoming/ru/male/ui-141-normal.wav;public/audio/ru/male/ui-141-normal.mp3
ui-142;female;normal;Проверить · Энтер;"Спокойно, чётко; без дополнительного текста.";materials/audio/incoming/ru/female/ui-142-normal.wav;public/audio/ru/female/ui-142-normal.mp3
ui-142;male;normal;Проверить · Энтер;"Спокойно, чётко; без дополнительного текста.";materials/audio/incoming/ru/male/ui-142-normal.wav;public/audio/ru/male/ui-142-normal.mp3
ui-143;female;normal;Регистр и знаки препинания пока не проверяем.;"Спокойно, чётко; без дополнительного текста.";materials/audio/incoming/ru/female/ui-143-normal.wav;public/audio/ru/female/ui-143-normal.mp3
ui-143;male;normal;Регистр и знаки препинания пока не проверяем.;"Спокойно, чётко; без дополнительного текста.";materials/audio/incoming/ru/male/ui-143-normal.wav;public/audio/ru/male/ui-143-normal.mp3
ui-144;female;normal;Следующая строка;"Спокойно, чётко; без дополнительного текста.";materials/audio/incoming/ru/female/ui-144-normal.wav;public/audio/ru/female/ui-144-normal.mp3
ui-144;male;normal;Следующая строка;"Спокойно, чётко; без дополнительного текста.";materials/audio/incoming/ru/male/ui-144-normal.wav;public/audio/ru/male/ui-144-normal.mp3
ui-145;female;normal;Ответить на вопрос;"Спокойно, чётко; без дополнительного текста.";materials/audio/incoming/ru/female/ui-145-normal.wav;public/audio/ru/female/ui-145-normal.mp3
ui-145;male;normal;Ответить на вопрос;"Спокойно, чётко; без дополнительного текста.";materials/audio/incoming/ru/male/ui-145-normal.wav;public/audio/ru/male/ui-145-normal.mp3
ui-146;female;normal;Завершить;"Спокойно, чётко; без дополнительного текста.";materials/audio/incoming/ru/female/ui-146-normal.wav;public/audio/ru/female/ui-146-normal.mp3
ui-146;male;normal;Завершить;"Спокойно, чётко; без дополнительного текста.";materials/audio/incoming/ru/male/ui-146-normal.wav;public/audio/ru/male/ui-146-normal.mp3
ui-147;female;normal;Продолжать автоматически?;"Спокойно, чётко; без дополнительного текста.";materials/audio/incoming/ru/female/ui-147-normal.wav;public/audio/ru/female/ui-147-normal.mp3
ui-147;male;normal;Продолжать автоматически?;"Спокойно, чётко; без дополнительного текста.";materials/audio/incoming/ru/male/ui-147-normal.wav;public/audio/ru/male/ui-147-normal.mp3
ui-148;female;normal;Следующий текст;"Спокойно, чётко; без дополнительного текста.";materials/audio/incoming/ru/female/ui-148-normal.wav;public/audio/ru/female/ui-148-normal.mp3
ui-148;male;normal;Следующий текст;"Спокойно, чётко; без дополнительного текста.";materials/audio/incoming/ru/male/ui-148-normal.wav;public/audio/ru/male/ui-148-normal.mp3
ui-149;female;normal;· ЧИТАЕМ И ПОНИМАЕМ;"Спокойно, чётко; без дополнительного текста.";materials/audio/incoming/ru/female/ui-149-normal.wav;public/audio/ru/female/ui-149-normal.mp3
ui-149;male;normal;· ЧИТАЕМ И ПОНИМАЕМ;"Спокойно, чётко; без дополнительного текста.";materials/audio/incoming/ru/male/ui-149-normal.wav;public/audio/ru/male/ui-149-normal.mp3
ui-150;female;normal;Для этой темы пока нет подходящего текста. Можно потренировать слоги и слова или выбрать следующую тему.;"Спокойно, чётко; без дополнительного текста.";materials/audio/incoming/ru/female/ui-150-normal.wav;public/audio/ru/female/ui-150-normal.mp3
ui-150;male;normal;Для этой темы пока нет подходящего текста. Можно потренировать слоги и слова или выбрать следующую тему.;"Спокойно, чётко; без дополнительного текста.";materials/audio/incoming/ru/male/ui-150-normal.wav;public/audio/ru/male/ui-150-normal.mp3
ui-151;female;normal;Выбрать текст;"Спокойно, чётко; без дополнительного текста.";materials/audio/incoming/ru/female/ui-151-normal.wav;public/audio/ru/female/ui-151-normal.mp3
ui-151;male;normal;Выбрать текст;"Спокойно, чётко; без дополнительного текста.";materials/audio/incoming/ru/male/ui-151-normal.wav;public/audio/ru/male/ui-151-normal.mp3
ui-152;female;normal;Нажми на микрофон и прочитай строку.;"Спокойно, чётко; без дополнительного текста.";materials/audio/incoming/ru/female/ui-152-normal.wav;public/audio/ru/female/ui-152-normal.mp3
ui-152;male;normal;Нажми на микрофон и прочитай строку.;"Спокойно, чётко; без дополнительного текста.";materials/audio/incoming/ru/male/ui-152-normal.wav;public/audio/ru/male/ui-152-normal.mp3
ui-153;female;normal;Я слушаю. Читай в своём темпе.;"Спокойно, чётко; без дополнительного текста.";materials/audio/incoming/ru/female/ui-153-normal.wav;public/audio/ru/female/ui-153-normal.mp3
ui-153;male;normal;Я слушаю. Читай в своём темпе.;"Спокойно, чётко; без дополнительного текста.";materials/audio/incoming/ru/male/ui-153-normal.wav;public/audio/ru/male/ui-153-normal.mp3
ui-154;female;normal;Слышу тебя. Читай, я жду.;"Спокойно, чётко; без дополнительного текста.";materials/audio/incoming/ru/female/ui-154-normal.wav;public/audio/ru/female/ui-154-normal.mp3
ui-154;male;normal;Слышу тебя. Читай, я жду.;"Спокойно, чётко; без дополнительного текста.";materials/audio/incoming/ru/male/ui-154-normal.wav;public/audio/ru/male/ui-154-normal.mp3
ui-155;female;normal;Попытка услышана. Продолжай или попробуй ещё раз.;"Поддерживающе и нейтрально; не обвинять ребёнка интонацией.";materials/audio/incoming/ru/female/ui-155-normal.wav;public/audio/ru/female/ui-155-normal.mp3
ui-155;male;normal;Попытка услышана. Продолжай или попробуй ещё раз.;"Поддерживающе и нейтрально; не обвинять ребёнка интонацией.";materials/audio/incoming/ru/male/ui-155-normal.wav;public/audio/ru/male/ui-155-normal.mp3
ui-156;female;normal;Начало прочитано. Продолжай с выделенного места.;"Спокойно, чётко; без дополнительного текста.";materials/audio/incoming/ru/female/ui-156-normal.wav;public/audio/ru/female/ui-156-normal.mp3
ui-156;male;normal;Начало прочитано. Продолжай с выделенного места.;"Спокойно, чётко; без дополнительного текста.";materials/audio/incoming/ru/male/ui-156-normal.wav;public/audio/ru/male/ui-156-normal.mp3
ui-157;female;normal;Пока не удалось подтвердить строку. Попробуй ещё раз или послушай образец.;"Поддерживающе и нейтрально; не обвинять ребёнка интонацией.";materials/audio/incoming/ru/female/ui-157-normal.wav;public/audio/ru/female/ui-157-normal.mp3
ui-157;male;normal;Пока не удалось подтвердить строку. Попробуй ещё раз или послушай образец.;"Поддерживающе и нейтрально; не обвинять ребёнка интонацией.";materials/audio/incoming/ru/male/ui-157-normal.wav;public/audio/ru/male/ui-157-normal.mp3
ui-158;female;normal;Молодец!;Тёплая короткая похвала без вскрика и скачка громкости.;materials/audio/incoming/ru/female/ui-158-normal.wav;public/audio/ru/female/ui-158-normal.mp3
ui-158;male;normal;Молодец!;Тёплая короткая похвала без вскрика и скачка громкости.;materials/audio/incoming/ru/male/ui-158-normal.wav;public/audio/ru/male/ui-158-normal.mp3
ui-159;female;normal;У тебя получилось!;Тёплая короткая похвала без вскрика и скачка громкости.;materials/audio/incoming/ru/female/ui-159-normal.wav;public/audio/ru/female/ui-159-normal.mp3
ui-159;male;normal;У тебя получилось!;Тёплая короткая похвала без вскрика и скачка громкости.;materials/audio/incoming/ru/male/ui-159-normal.wav;public/audio/ru/male/ui-159-normal.mp3
rest-title-001;female;normal;Потянись к солнышку;Мягкое приглашение к отдыху.;materials/audio/incoming/ru/female/rest-title-001-normal.wav;public/audio/ru/female/rest-title-001-normal.mp3
rest-title-001;male;normal;Потянись к солнышку;Мягкое приглашение к отдыху.;materials/audio/incoming/ru/male/rest-title-001-normal.wav;public/audio/ru/male/rest-title-001-normal.mp3
rest-move-001;female;normal;Подними руки вверх. Потянись, как тебе удобно. Опусти руки. Повтори три раза.;"После каждого действия оставить 2–4 секунды. Не требовать резких движений; «если удобно» читать без нажима.";materials/audio/incoming/ru/female/rest-move-001-normal.wav;public/audio/ru/female/rest-move-001-normal.mp3
rest-move-001;male;normal;Подними руки вверх. Потянись, как тебе удобно. Опусти руки. Повтори три раза.;"После каждого действия оставить 2–4 секунды. Не требовать резких движений; «если удобно» читать без нажима.";materials/audio/incoming/ru/male/rest-move-001-normal.wav;public/audio/ru/male/rest-move-001-normal.mp3
rest-title-002;female;normal;Разбуди ладошки;Мягкое приглашение к отдыху.;materials/audio/incoming/ru/female/rest-title-002-normal.wav;public/audio/ru/female/rest-title-002-normal.mp3
rest-title-002;male;normal;Разбуди ладошки;Мягкое приглашение к отдыху.;materials/audio/incoming/ru/male/rest-title-002-normal.wav;public/audio/ru/male/rest-title-002-normal.mp3
rest-move-002;female;normal;Медленно сожми и разожми ладошки пять раз. Можно делать вместе со взрослым.;"После каждого действия оставить 2–4 секунды. Не требовать резких движений; «если удобно» читать без нажима.";materials/audio/incoming/ru/female/rest-move-002-normal.wav;public/audio/ru/female/rest-move-002-normal.mp3
rest-move-002;male;normal;Медленно сожми и разожми ладошки пять раз. Можно делать вместе со взрослым.;"После каждого действия оставить 2–4 секунды. Не требовать резких движений; «если удобно» читать без нажима.";materials/audio/incoming/ru/male/rest-move-002-normal.wav;public/audio/ru/male/rest-move-002-normal.mp3
rest-title-003;female;normal;Отдохнут глазки;Мягкое приглашение к отдыху.;materials/audio/incoming/ru/female/rest-title-003-normal.wav;public/audio/ru/female/rest-title-003-normal.mp3
rest-title-003;male;normal;Отдохнут глазки;Мягкое приглашение к отдыху.;materials/audio/incoming/ru/male/rest-title-003-normal.wav;public/audio/ru/male/rest-title-003-normal.mp3
rest-move-003;female;normal;Посмотри вдаль, например в окно. Потом мягко поморгай.;"После каждого действия оставить 2–4 секунды. Не требовать резких движений; «если удобно» читать без нажима.";materials/audio/incoming/ru/female/rest-move-003-normal.wav;public/audio/ru/female/rest-move-003-normal.mp3
rest-move-003;male;normal;Посмотри вдаль, например в окно. Потом мягко поморгай.;"После каждого действия оставить 2–4 секунды. Не требовать резких движений; «если удобно» читать без нажима.";materials/audio/incoming/ru/male/rest-move-003-normal.wav;public/audio/ru/male/rest-move-003-normal.mp3
rest-title-004;female;normal;Немного движения;Мягкое приглашение к отдыху.;materials/audio/incoming/ru/female/rest-title-004-normal.wav;public/audio/ru/female/rest-title-004-normal.mp3
rest-title-004;male;normal;Немного движения;Мягкое приглашение к отдыху.;materials/audio/incoming/ru/male/rest-title-004-normal.wav;public/audio/ru/male/rest-title-004-normal.mp3
rest-move-004;female;normal;Если удобно, встань и сделай несколько шагов. Можно просто пошевелить плечами сидя.;"После каждого действия оставить 2–4 секунды. Не требовать резких движений; «если удобно» читать без нажима.";materials/audio/incoming/ru/female/rest-move-004-normal.wav;public/audio/ru/female/rest-move-004-normal.mp3
rest-move-004;male;normal;Если удобно, встань и сделай несколько шагов. Можно просто пошевелить плечами сидя.;"После каждого действия оставить 2–4 секунды. Не требовать резких движений; «если удобно» читать без нажима.";materials/audio/incoming/ru/male/rest-move-004-normal.wav;public/audio/ru/male/rest-move-004-normal.mp3
rest-001;female;normal;Руки к солнцу подними. Облачку рукой махни. Тихо плечи опусти. Улыбнись и отдохни.;"Спокойно и ритмично; 2–3 секунды между движениями.";materials/audio/incoming/ru/female/rest-001-normal.wav;public/audio/ru/female/rest-001-normal.mp3
rest-001;male;normal;Руки к солнцу подними. Облачку рукой махни. Тихо плечи опусти. Улыбнись и отдохни.;"Спокойно и ритмично; 2–3 секунды между движениями.";materials/audio/incoming/ru/male/rest-001-normal.wav;public/audio/ru/male/rest-001-normal.mp3
rest-002;female;normal;Все пузыри по заданию найдены! Молодец!;"Спокойный игровой тон; без спешки.";materials/audio/incoming/ru/female/rest-002-normal.wav;public/audio/ru/female/rest-002-normal.mp3
rest-002;male;normal;Все пузыри по заданию найдены! Молодец!;"Спокойный игровой тон; без спешки.";materials/audio/incoming/ru/male/rest-002-normal.wav;public/audio/ru/male/rest-002-normal.mp3
rest-003;female;normal;Верно! Найди остальные с таким же знаком.;"Спокойный игровой тон; без спешки.";materials/audio/incoming/ru/female/rest-003-normal.wav;public/audio/ru/female/rest-003-normal.mp3
rest-003;male;normal;Верно! Найди остальные с таким же знаком.;"Спокойный игровой тон; без спешки.";materials/audio/incoming/ru/male/rest-003-normal.wav;public/audio/ru/male/rest-003-normal.mp3
rest-004;female;normal;Верно! Найди остальные такого же цвета.;"Спокойный игровой тон; без спешки.";materials/audio/incoming/ru/female/rest-004-normal.wav;public/audio/ru/female/rest-004-normal.mp3
rest-004;male;normal;Верно! Найди остальные такого же цвета.;"Спокойный игровой тон; без спешки.";materials/audio/incoming/ru/male/rest-004-normal.wav;public/audio/ru/male/rest-004-normal.mp3
rest-005;female;normal;Собери одинаковые знаки;"Спокойный игровой тон; без спешки.";materials/audio/incoming/ru/female/rest-005-normal.wav;public/audio/ru/female/rest-005-normal.mp3
rest-005;male;normal;Собери одинаковые знаки;"Спокойный игровой тон; без спешки.";materials/audio/incoming/ru/male/rest-005-normal.wav;public/audio/ru/male/rest-005-normal.mp3
rest-006;female;normal;Собери один цвет;"Спокойный игровой тон; без спешки.";materials/audio/incoming/ru/female/rest-006-normal.wav;public/audio/ru/female/rest-006-normal.mp3
rest-006;male;normal;Собери один цвет;"Спокойный игровой тон; без спешки.";materials/audio/incoming/ru/male/rest-006-normal.wav;public/audio/ru/male/rest-006-normal.mp3
rest-007;female;normal;По очереди: плюс, ромб, квадрат;"Спокойный игровой тон; без спешки.";materials/audio/incoming/ru/female/rest-007-normal.wav;public/audio/ru/female/rest-007-normal.mp3
rest-007;male;normal;По очереди: плюс, ромб, квадрат;"Спокойный игровой тон; без спешки.";materials/audio/incoming/ru/male/rest-007-normal.wav;public/audio/ru/male/rest-007-normal.mp3
rest-008;female;normal;По очереди: красный, жёлтый, синий;"Спокойный игровой тон; без спешки.";materials/audio/incoming/ru/female/rest-008-normal.wav;public/audio/ru/female/rest-008-normal.mp3
rest-008;male;normal;По очереди: красный, жёлтый, синий;"Спокойный игровой тон; без спешки.";materials/audio/incoming/ru/male/rest-008-normal.wav;public/audio/ru/male/rest-008-normal.mp3
rest-009;female;normal;Легко — мало пузырьков;"Спокойный игровой тон; без спешки.";materials/audio/incoming/ru/female/rest-009-normal.wav;public/audio/ru/female/rest-009-normal.mp3
rest-009;male;normal;Легко — мало пузырьков;"Спокойный игровой тон; без спешки.";materials/audio/incoming/ru/male/rest-009-normal.wav;public/audio/ru/male/rest-009-normal.mp3
rest-010;female;normal;Сложнее — больше пузырьков;"Спокойный игровой тон; без спешки.";materials/audio/incoming/ru/female/rest-010-normal.wav;public/audio/ru/female/rest-010-normal.mp3
rest-010;male;normal;Сложнее — больше пузырьков;"Спокойный игровой тон; без спешки.";materials/audio/incoming/ru/male/rest-010-normal.wav;public/audio/ru/male/rest-010-normal.mp3
rest-011;female;normal;Очень медленно;"Спокойный игровой тон; без спешки.";materials/audio/incoming/ru/female/rest-011-normal.wav;public/audio/ru/female/rest-011-normal.mp3
rest-011;male;normal;Очень медленно;"Спокойный игровой тон; без спешки.";materials/audio/incoming/ru/male/rest-011-normal.wav;public/audio/ru/male/rest-011-normal.mp3
rest-012;female;normal;Остановить движение;"Спокойный игровой тон; без спешки.";materials/audio/incoming/ru/female/rest-012-normal.wav;public/audio/ru/female/rest-012-normal.mp3
rest-012;male;normal;Остановить движение;"Спокойный игровой тон; без спешки.";materials/audio/incoming/ru/male/rest-012-normal.wav;public/audio/ru/male/rest-012-normal.mp3
rest-013;female;normal;Включить движение;"Спокойный игровой тон; без спешки.";materials/audio/incoming/ru/female/rest-013-normal.wav;public/audio/ru/female/rest-013-normal.mp3
rest-013;male;normal;Включить движение;"Спокойный игровой тон; без спешки.";materials/audio/incoming/ru/male/rest-013-normal.wav;public/audio/ru/male/rest-013-normal.mp3
rest-014;female;normal;Порядок цветов;"Спокойный игровой тон; без спешки.";materials/audio/incoming/ru/female/rest-014-normal.wav;public/audio/ru/female/rest-014-normal.mp3
rest-014;male;normal;Порядок цветов;"Спокойный игровой тон; без спешки.";materials/audio/incoming/ru/male/rest-014-normal.wav;public/audio/ru/male/rest-014-normal.mp3
rest-015;female;normal;Все пузырьки лопнули! Можно сыграть ещё или вернуться к чтению.;"Спокойный игровой тон; без спешки.";materials/audio/incoming/ru/female/rest-015-normal.wav;public/audio/ru/female/rest-015-normal.mp3
rest-015;male;normal;Все пузырьки лопнули! Можно сыграть ещё или вернуться к чтению.;"Спокойный игровой тон; без спешки.";materials/audio/incoming/ru/male/rest-015-normal.wav;public/audio/ru/male/rest-015-normal.mp3
rest-016;female;normal;Ищи такой же знак, как на образце. Цвет можно не различать.;"Спокойный игровой тон; без спешки.";materials/audio/incoming/ru/female/rest-016-normal.wav;public/audio/ru/female/rest-016-normal.mp3
rest-016;male;normal;Ищи такой же знак, как на образце. Цвет можно не различать.;"Спокойный игровой тон; без спешки.";materials/audio/incoming/ru/male/rest-016-normal.wav;public/audio/ru/male/rest-016-normal.mp3
rest-017;female;normal;Выбирай нужный цвет. Можно не торопиться.;"Спокойный игровой тон; без спешки.";materials/audio/incoming/ru/female/rest-017-normal.wav;public/audio/ru/female/rest-017-normal.mp3
rest-017;male;normal;Выбирай нужный цвет. Можно не торопиться.;"Спокойный игровой тон; без спешки.";materials/audio/incoming/ru/male/rest-017-normal.wav;public/audio/ru/male/rest-017-normal.mp3
rest-018;female;normal;Ещё пузырьки;"Спокойный игровой тон; без спешки.";materials/audio/incoming/ru/female/rest-018-normal.wav;public/audio/ru/female/rest-018-normal.mp3
rest-018;male;normal;Ещё пузырьки;"Спокойный игровой тон; без спешки.";materials/audio/incoming/ru/male/rest-018-normal.wav;public/audio/ru/male/rest-018-normal.mp3
rest-019;female;normal;Начать заново;"Спокойный игровой тон; без спешки.";materials/audio/incoming/ru/female/rest-019-normal.wav;public/audio/ru/female/rest-019-normal.mp3
rest-019;male;normal;Начать заново;"Спокойный игровой тон; без спешки.";materials/audio/incoming/ru/male/rest-019-normal.wav;public/audio/ru/male/rest-019-normal.mp3
rest-020;female;normal;Запомни картинки;"Спокойный игровой тон; без спешки.";materials/audio/incoming/ru/female/rest-020-normal.wav;public/audio/ru/female/rest-020-normal.mp3
rest-020;male;normal;Запомни картинки;"Спокойный игровой тон; без спешки.";materials/audio/incoming/ru/male/rest-020-normal.wav;public/audio/ru/male/rest-020-normal.mp3
rest-021;female;normal;Найди одинаковые — всё видно;"Спокойный игровой тон; без спешки.";materials/audio/incoming/ru/female/rest-021-normal.wav;public/audio/ru/female/rest-021-normal.mp3
rest-021;male;normal;Найди одинаковые — всё видно;"Спокойный игровой тон; без спешки.";materials/audio/incoming/ru/male/rest-021-normal.wav;public/audio/ru/male/rest-021-normal.mp3
rest-022;female;normal;Время запомнить;"Спокойный игровой тон; без спешки.";materials/audio/incoming/ru/female/rest-022-normal.wav;public/audio/ru/female/rest-022-normal.mp3
rest-022;male;normal;Время запомнить;"Спокойный игровой тон; без спешки.";materials/audio/incoming/ru/male/rest-022-normal.wav;public/audio/ru/male/rest-022-normal.mp3
rest-023;female;normal;Все пары нашлись! Молодец!;"Спокойный игровой тон; без спешки.";materials/audio/incoming/ru/female/rest-023-normal.wav;public/audio/ru/female/rest-023-normal.mp3
rest-023;male;normal;Все пары нашлись! Молодец!;"Спокойный игровой тон; без спешки.";materials/audio/incoming/ru/male/rest-023-normal.wav;public/audio/ru/male/rest-023-normal.mp3
rest-024;female;normal;Новые картинки;"Спокойный игровой тон; без спешки.";materials/audio/incoming/ru/female/rest-024-normal.wav;public/audio/ru/female/rest-024-normal.mp3
rest-024;male;normal;Новые картинки;"Спокойный игровой тон; без спешки.";materials/audio/incoming/ru/male/rest-024-normal.wav;public/audio/ru/male/rest-024-normal.mp3
rest-025;female;normal;Выбери, как отдохнуть;"Спокойный игровой тон; без спешки.";materials/audio/incoming/ru/female/rest-025-normal.wav;public/audio/ru/female/rest-025-normal.mp3
rest-025;male;normal;Выбери, как отдохнуть;"Спокойный игровой тон; без спешки.";materials/audio/incoming/ru/male/rest-025-normal.wav;public/audio/ru/male/rest-025-normal.mp3
rest-026;female;normal;Двигаемся вместе;"Спокойный игровой тон; без спешки.";materials/audio/incoming/ru/female/rest-026-normal.wav;public/audio/ru/female/rest-026-normal.mp3
rest-026;male;normal;Двигаемся вместе;"Спокойный игровой тон; без спешки.";materials/audio/incoming/ru/male/rest-026-normal.wav;public/audio/ru/male/rest-026-normal.mp3
rest-027;female;normal;Найди нужный цвет;"Спокойный игровой тон; без спешки.";materials/audio/incoming/ru/female/rest-027-normal.wav;public/audio/ru/female/rest-027-normal.mp3
rest-027;male;normal;Найди нужный цвет;"Спокойный игровой тон; без спешки.";materials/audio/incoming/ru/male/rest-027-normal.wav;public/audio/ru/male/rest-027-normal.mp3
rest-028;female;normal;Открой две картинки;"Спокойный игровой тон; без спешки.";materials/audio/incoming/ru/female/rest-028-normal.wav;public/audio/ru/female/rest-028-normal.mp3
rest-028;male;normal;Открой две картинки;"Спокойный игровой тон; без спешки.";materials/audio/incoming/ru/male/rest-028-normal.wav;public/audio/ru/male/rest-028-normal.mp3
rest-029;female;normal;Музыкальная полянка;"Спокойный игровой тон; без спешки.";materials/audio/incoming/ru/female/rest-029-normal.wav;public/audio/ru/female/rest-029-normal.mp3
rest-029;male;normal;Музыкальная полянка;"Спокойный игровой тон; без спешки.";materials/audio/incoming/ru/male/rest-029-normal.wav;public/audio/ru/male/rest-029-normal.mp3
rest-030;female;normal;Играй или слушай мелодию;"Спокойный игровой тон; без спешки.";materials/audio/incoming/ru/female/rest-030-normal.wav;public/audio/ru/female/rest-030-normal.mp3
rest-030;male;normal;Играй или слушай мелодию;"Спокойный игровой тон; без спешки.";materials/audio/incoming/ru/male/rest-030-normal.wav;public/audio/ru/male/rest-030-normal.mp3
rest-031;female;normal;Другой отдых;"Спокойный игровой тон; без спешки.";materials/audio/incoming/ru/female/rest-031-normal.wav;public/audio/ru/female/rest-031-normal.mp3
rest-031;male;normal;Другой отдых;"Спокойный игровой тон; без спешки.";materials/audio/incoming/ru/male/rest-031-normal.wav;public/audio/ru/male/rest-031-normal.mp3
rest-032;female;normal;Другое движение;"Спокойный игровой тон; без спешки.";materials/audio/incoming/ru/female/rest-032-normal.wav;public/audio/ru/female/rest-032-normal.mp3
rest-032;male;normal;Другое движение;"Спокойный игровой тон; без спешки.";materials/audio/incoming/ru/male/rest-032-normal.wav;public/audio/ru/male/rest-032-normal.mp3
rest-033;female;normal;Нажимай на цветы — сочини свою мелодию;"Спокойный игровой тон; без спешки.";materials/audio/incoming/ru/female/rest-033-normal.wav;public/audio/ru/female/rest-033-normal.mp3
rest-033;male;normal;Нажимай на цветы — сочини свою мелодию;"Спокойный игровой тон; без спешки.";materials/audio/incoming/ru/male/rest-033-normal.wav;public/audio/ru/male/rest-033-normal.mp3
rest-034;female;normal;Остановить мелодию;"Спокойный игровой тон; без спешки.";materials/audio/incoming/ru/female/rest-034-normal.wav;public/audio/ru/female/rest-034-normal.mp3
rest-034;male;normal;Остановить мелодию;"Спокойный игровой тон; без спешки.";materials/audio/incoming/ru/male/rest-034-normal.wav;public/audio/ru/male/rest-034-normal.mp3
rest-035;female;normal;Послушать мелодию;"Спокойный игровой тон; без спешки.";materials/audio/incoming/ru/female/rest-035-normal.wav;public/audio/ru/female/rest-035-normal.mp3
rest-035;male;normal;Послушать мелодию;"Спокойный игровой тон; без спешки.";materials/audio/incoming/ru/male/rest-035-normal.wav;public/audio/ru/male/rest-035-normal.mp3
rest-036;female;normal;Руки к солнцу подними,;"Спокойный игровой тон; без спешки.";materials/audio/incoming/ru/female/rest-036-normal.wav;public/audio/ru/female/rest-036-normal.mp3
rest-036;male;normal;Руки к солнцу подними,;"Спокойный игровой тон; без спешки.";materials/audio/incoming/ru/male/rest-036-normal.wav;public/audio/ru/male/rest-036-normal.mp3
rest-037;female;normal;Облачку рукой махни.;"Спокойный игровой тон; без спешки.";materials/audio/incoming/ru/female/rest-037-normal.wav;public/audio/ru/female/rest-037-normal.mp3
rest-037;male;normal;Облачку рукой махни.;"Спокойный игровой тон; без спешки.";materials/audio/incoming/ru/male/rest-037-normal.wav;public/audio/ru/male/rest-037-normal.mp3
rest-038;female;normal;Тихо плечи опусти,;"Спокойный игровой тон; без спешки.";materials/audio/incoming/ru/female/rest-038-normal.wav;public/audio/ru/female/rest-038-normal.mp3
rest-038;male;normal;Тихо плечи опусти,;"Спокойный игровой тон; без спешки.";materials/audio/incoming/ru/male/rest-038-normal.wav;public/audio/ru/male/rest-038-normal.mp3
rest-039;female;normal;Улыбнись и отдохни.;"Спокойный игровой тон; без спешки.";materials/audio/incoming/ru/female/rest-039-normal.wav;public/audio/ru/female/rest-039-normal.mp3
rest-039;male;normal;Улыбнись и отдохни.;"Спокойный игровой тон; без спешки.";materials/audio/incoming/ru/male/rest-039-normal.wav;public/audio/ru/male/rest-039-normal.mp3
rest-040;female;normal;Стишок с движениями;"Спокойный игровой тон; без спешки.";materials/audio/incoming/ru/female/rest-040-normal.wav;public/audio/ru/female/rest-040-normal.mp3
rest-040;male;normal;Стишок с движениями;"Спокойный игровой тон; без спешки.";materials/audio/incoming/ru/male/rest-040-normal.wav;public/audio/ru/male/rest-040-normal.mp3
rest-041;female;normal;Вернуться к чтению;"Спокойный игровой тон; без спешки.";materials/audio/incoming/ru/female/rest-041-normal.wav;public/audio/ru/female/rest-041-normal.mp3
rest-041;male;normal;Вернуться к чтению;"Спокойный игровой тон; без спешки.";materials/audio/incoming/ru/male/rest-041-normal.wav;public/audio/ru/male/rest-041-normal.mp3
bubble-001;female;normal;Теперь лопни один розовый пузырь.;Выделить нужный цвет, не повышая громкость.;materials/audio/incoming/ru/female/bubble-001-normal.wav;public/audio/ru/female/bubble-001-normal.mp3
bubble-001;male;normal;Теперь лопни один розовый пузырь.;Выделить нужный цвет, не повышая громкость.;materials/audio/incoming/ru/male/bubble-001-normal.wav;public/audio/ru/male/bubble-001-normal.mp3
bubble-002;female;normal;Лопни все розовые пузыри.;Выделить нужный цвет, не повышая громкость.;materials/audio/incoming/ru/female/bubble-002-normal.wav;public/audio/ru/female/bubble-002-normal.mp3
bubble-002;male;normal;Лопни все розовые пузыри.;Выделить нужный цвет, не повышая громкость.;materials/audio/incoming/ru/male/bubble-002-normal.wav;public/audio/ru/male/bubble-002-normal.mp3
bubble-003;female;normal;Сейчас нужен розовый. Посмотри на образец.;Выделить нужный цвет, не повышая громкость.;materials/audio/incoming/ru/female/bubble-003-normal.wav;public/audio/ru/female/bubble-003-normal.mp3
bubble-003;male;normal;Сейчас нужен розовый. Посмотри на образец.;Выделить нужный цвет, не повышая громкость.;materials/audio/incoming/ru/male/bubble-003-normal.wav;public/audio/ru/male/bubble-003-normal.mp3
bubble-004;female;normal;Теперь лопни один зелёный пузырь.;Выделить нужный цвет, не повышая громкость.;materials/audio/incoming/ru/female/bubble-004-normal.wav;public/audio/ru/female/bubble-004-normal.mp3
bubble-004;male;normal;Теперь лопни один зелёный пузырь.;Выделить нужный цвет, не повышая громкость.;materials/audio/incoming/ru/male/bubble-004-normal.wav;public/audio/ru/male/bubble-004-normal.mp3
bubble-005;female;normal;Лопни все зелёные пузыри.;Выделить нужный цвет, не повышая громкость.;materials/audio/incoming/ru/female/bubble-005-normal.wav;public/audio/ru/female/bubble-005-normal.mp3
bubble-005;male;normal;Лопни все зелёные пузыри.;Выделить нужный цвет, не повышая громкость.;materials/audio/incoming/ru/male/bubble-005-normal.wav;public/audio/ru/male/bubble-005-normal.mp3
bubble-006;female;normal;Сейчас нужен зелёный. Посмотри на образец.;Выделить нужный цвет, не повышая громкость.;materials/audio/incoming/ru/female/bubble-006-normal.wav;public/audio/ru/female/bubble-006-normal.mp3
bubble-006;male;normal;Сейчас нужен зелёный. Посмотри на образец.;Выделить нужный цвет, не повышая громкость.;materials/audio/incoming/ru/male/bubble-006-normal.wav;public/audio/ru/male/bubble-006-normal.mp3
bubble-007;female;normal;Теперь лопни один синий пузырь.;Выделить нужный цвет, не повышая громкость.;materials/audio/incoming/ru/female/bubble-007-normal.wav;public/audio/ru/female/bubble-007-normal.mp3
bubble-007;male;normal;Теперь лопни один синий пузырь.;Выделить нужный цвет, не повышая громкость.;materials/audio/incoming/ru/male/bubble-007-normal.wav;public/audio/ru/male/bubble-007-normal.mp3
bubble-008;female;normal;Лопни все синие пузыри.;Выделить нужный цвет, не повышая громкость.;materials/audio/incoming/ru/female/bubble-008-normal.wav;public/audio/ru/female/bubble-008-normal.mp3
bubble-008;male;normal;Лопни все синие пузыри.;Выделить нужный цвет, не повышая громкость.;materials/audio/incoming/ru/male/bubble-008-normal.wav;public/audio/ru/male/bubble-008-normal.mp3
bubble-009;female;normal;Сейчас нужен синий. Посмотри на образец.;Выделить нужный цвет, не повышая громкость.;materials/audio/incoming/ru/female/bubble-009-normal.wav;public/audio/ru/female/bubble-009-normal.mp3
bubble-009;male;normal;Сейчас нужен синий. Посмотри на образец.;Выделить нужный цвет, не повышая громкость.;materials/audio/incoming/ru/male/bubble-009-normal.wav;public/audio/ru/male/bubble-009-normal.mp3
bubble-010;female;normal;Теперь лопни один жёлтый пузырь.;Выделить нужный цвет, не повышая громкость.;materials/audio/incoming/ru/female/bubble-010-normal.wav;public/audio/ru/female/bubble-010-normal.mp3
bubble-010;male;normal;Теперь лопни один жёлтый пузырь.;Выделить нужный цвет, не повышая громкость.;materials/audio/incoming/ru/male/bubble-010-normal.wav;public/audio/ru/male/bubble-010-normal.mp3
bubble-011;female;normal;Лопни все жёлтые пузыри.;Выделить нужный цвет, не повышая громкость.;materials/audio/incoming/ru/female/bubble-011-normal.wav;public/audio/ru/female/bubble-011-normal.mp3
bubble-011;male;normal;Лопни все жёлтые пузыри.;Выделить нужный цвет, не повышая громкость.;materials/audio/incoming/ru/male/bubble-011-normal.wav;public/audio/ru/male/bubble-011-normal.mp3
bubble-012;female;normal;Сейчас нужен жёлтый. Посмотри на образец.;Выделить нужный цвет, не повышая громкость.;materials/audio/incoming/ru/female/bubble-012-normal.wav;public/audio/ru/female/bubble-012-normal.mp3
bubble-012;male;normal;Сейчас нужен жёлтый. Посмотри на образец.;Выделить нужный цвет, не повышая громкость.;materials/audio/incoming/ru/male/bubble-012-normal.wav;public/audio/ru/male/bubble-012-normal.mp3
bubble-013;female;normal;Теперь лопни один красный пузырь.;Выделить нужный цвет, не повышая громкость.;materials/audio/incoming/ru/female/bubble-013-normal.wav;public/audio/ru/female/bubble-013-normal.mp3
bubble-013;male;normal;Теперь лопни один красный пузырь.;Выделить нужный цвет, не повышая громкость.;materials/audio/incoming/ru/male/bubble-013-normal.wav;public/audio/ru/male/bubble-013-normal.mp3
bubble-014;female;normal;Лопни все красные пузыри.;Выделить нужный цвет, не повышая громкость.;materials/audio/incoming/ru/female/bubble-014-normal.wav;public/audio/ru/female/bubble-014-normal.mp3
bubble-014;male;normal;Лопни все красные пузыри.;Выделить нужный цвет, не повышая громкость.;materials/audio/incoming/ru/male/bubble-014-normal.wav;public/audio/ru/male/bubble-014-normal.mp3
bubble-015;female;normal;Сейчас нужен красный. Посмотри на образец.;Выделить нужный цвет, не повышая громкость.;materials/audio/incoming/ru/female/bubble-015-normal.wav;public/audio/ru/female/bubble-015-normal.mp3
bubble-015;male;normal;Сейчас нужен красный. Посмотри на образец.;Выделить нужный цвет, не повышая громкость.;materials/audio/incoming/ru/male/bubble-015-normal.wav;public/audio/ru/male/bubble-015-normal.mp3
bubble-016;female;normal;Лопни один пузырь со звездой.;Выделить название знака. Не опираться только на цвет.;materials/audio/incoming/ru/female/bubble-016-normal.wav;public/audio/ru/female/bubble-016-normal.mp3
bubble-016;male;normal;Лопни один пузырь со звездой.;Выделить название знака. Не опираться только на цвет.;materials/audio/incoming/ru/male/bubble-016-normal.wav;public/audio/ru/male/bubble-016-normal.mp3
bubble-017;female;normal;Лопни все пузыри со звездой.;Выделить название знака. Не опираться только на цвет.;materials/audio/incoming/ru/female/bubble-017-normal.wav;public/audio/ru/female/bubble-017-normal.mp3
bubble-017;male;normal;Лопни все пузыри со звездой.;Выделить название знака. Не опираться только на цвет.;materials/audio/incoming/ru/male/bubble-017-normal.wav;public/audio/ru/male/bubble-017-normal.mp3
bubble-018;female;normal;Нужен пузырь со звездой. Посмотри на образец.;Выделить название знака. Не опираться только на цвет.;materials/audio/incoming/ru/female/bubble-018-normal.wav;public/audio/ru/female/bubble-018-normal.mp3
bubble-018;male;normal;Нужен пузырь со звездой. Посмотри на образец.;Выделить название знака. Не опираться только на цвет.;materials/audio/incoming/ru/male/bubble-018-normal.wav;public/audio/ru/male/bubble-018-normal.mp3
bubble-019;female;normal;Лопни один пузырь с треугольником.;Выделить название знака. Не опираться только на цвет.;materials/audio/incoming/ru/female/bubble-019-normal.wav;public/audio/ru/female/bubble-019-normal.mp3
bubble-019;male;normal;Лопни один пузырь с треугольником.;Выделить название знака. Не опираться только на цвет.;materials/audio/incoming/ru/male/bubble-019-normal.wav;public/audio/ru/male/bubble-019-normal.mp3
bubble-020;female;normal;Лопни все пузыри с треугольником.;Выделить название знака. Не опираться только на цвет.;materials/audio/incoming/ru/female/bubble-020-normal.wav;public/audio/ru/female/bubble-020-normal.mp3
bubble-020;male;normal;Лопни все пузыри с треугольником.;Выделить название знака. Не опираться только на цвет.;materials/audio/incoming/ru/male/bubble-020-normal.wav;public/audio/ru/male/bubble-020-normal.mp3
bubble-021;female;normal;Нужен пузырь с треугольником. Посмотри на образец.;Выделить название знака. Не опираться только на цвет.;materials/audio/incoming/ru/female/bubble-021-normal.wav;public/audio/ru/female/bubble-021-normal.mp3
bubble-021;male;normal;Нужен пузырь с треугольником. Посмотри на образец.;Выделить название знака. Не опираться только на цвет.;materials/audio/incoming/ru/male/bubble-021-normal.wav;public/audio/ru/male/bubble-021-normal.mp3
bubble-022;female;normal;Лопни один пузырь с квадратом.;Выделить название знака. Не опираться только на цвет.;materials/audio/incoming/ru/female/bubble-022-normal.wav;public/audio/ru/female/bubble-022-normal.mp3
bubble-022;male;normal;Лопни один пузырь с квадратом.;Выделить название знака. Не опираться только на цвет.;materials/audio/incoming/ru/male/bubble-022-normal.wav;public/audio/ru/male/bubble-022-normal.mp3
bubble-023;female;normal;Лопни все пузыри с квадратом.;Выделить название знака. Не опираться только на цвет.;materials/audio/incoming/ru/female/bubble-023-normal.wav;public/audio/ru/female/bubble-023-normal.mp3
bubble-023;male;normal;Лопни все пузыри с квадратом.;Выделить название знака. Не опираться только на цвет.;materials/audio/incoming/ru/male/bubble-023-normal.wav;public/audio/ru/male/bubble-023-normal.mp3
bubble-024;female;normal;Нужен пузырь с квадратом. Посмотри на образец.;Выделить название знака. Не опираться только на цвет.;materials/audio/incoming/ru/female/bubble-024-normal.wav;public/audio/ru/female/bubble-024-normal.mp3
bubble-024;male;normal;Нужен пузырь с квадратом. Посмотри на образец.;Выделить название знака. Не опираться только на цвет.;materials/audio/incoming/ru/male/bubble-024-normal.wav;public/audio/ru/male/bubble-024-normal.mp3
bubble-025;female;normal;Лопни один пузырь с ромбом.;Выделить название знака. Не опираться только на цвет.;materials/audio/incoming/ru/female/bubble-025-normal.wav;public/audio/ru/female/bubble-025-normal.mp3
bubble-025;male;normal;Лопни один пузырь с ромбом.;Выделить название знака. Не опираться только на цвет.;materials/audio/incoming/ru/male/bubble-025-normal.wav;public/audio/ru/male/bubble-025-normal.mp3
bubble-026;female;normal;Лопни все пузыри с ромбом.;Выделить название знака. Не опираться только на цвет.;materials/audio/incoming/ru/female/bubble-026-normal.wav;public/audio/ru/female/bubble-026-normal.mp3
bubble-026;male;normal;Лопни все пузыри с ромбом.;Выделить название знака. Не опираться только на цвет.;materials/audio/incoming/ru/male/bubble-026-normal.wav;public/audio/ru/male/bubble-026-normal.mp3
bubble-027;female;normal;Нужен пузырь с ромбом. Посмотри на образец.;Выделить название знака. Не опираться только на цвет.;materials/audio/incoming/ru/female/bubble-027-normal.wav;public/audio/ru/female/bubble-027-normal.mp3
bubble-027;male;normal;Нужен пузырь с ромбом. Посмотри на образец.;Выделить название знака. Не опираться только на цвет.;materials/audio/incoming/ru/male/bubble-027-normal.wav;public/audio/ru/male/bubble-027-normal.mp3
bubble-028;female;normal;Лопни один пузырь с плюсом.;Выделить название знака. Не опираться только на цвет.;materials/audio/incoming/ru/female/bubble-028-normal.wav;public/audio/ru/female/bubble-028-normal.mp3
bubble-028;male;normal;Лопни один пузырь с плюсом.;Выделить название знака. Не опираться только на цвет.;materials/audio/incoming/ru/male/bubble-028-normal.wav;public/audio/ru/male/bubble-028-normal.mp3
bubble-029;female;normal;Лопни все пузыри с плюсом.;Выделить название знака. Не опираться только на цвет.;materials/audio/incoming/ru/female/bubble-029-normal.wav;public/audio/ru/female/bubble-029-normal.mp3
bubble-029;male;normal;Лопни все пузыри с плюсом.;Выделить название знака. Не опираться только на цвет.;materials/audio/incoming/ru/male/bubble-029-normal.wav;public/audio/ru/male/bubble-029-normal.mp3
bubble-030;female;normal;Нужен пузырь с плюсом. Посмотри на образец.;Выделить название знака. Не опираться только на цвет.;materials/audio/incoming/ru/female/bubble-030-normal.wav;public/audio/ru/female/bubble-030-normal.mp3
bubble-030;male;normal;Нужен пузырь с плюсом. Посмотри на образец.;Выделить название знака. Не опираться только на цвет.;materials/audio/incoming/ru/male/bubble-030-normal.wav;public/audio/ru/male/bubble-030-normal.mp3
topic-001;female;normal;А, у и эм.;Название темы. На экране: А, У и М;materials/audio/incoming/ru/female/topic-001-normal.wav;public/audio/ru/female/topic-001-normal.mp3
topic-001;male;normal;А, у и эм.;Название темы. На экране: А, У и М;materials/audio/incoming/ru/male/topic-001-normal.wav;public/audio/ru/male/topic-001-normal.mp3
topic-002;female;normal;Добавляем о.;Название темы. На экране: Добавляем О;materials/audio/incoming/ru/female/topic-002-normal.wav;public/audio/ru/female/topic-002-normal.mp3
topic-002;male;normal;Добавляем о.;Название темы. На экране: Добавляем О;materials/audio/incoming/ru/male/topic-002-normal.wav;public/audio/ru/male/topic-002-normal.mp3
topic-003;female;normal;Добавляем ха.;Название темы. На экране: Добавляем Х;materials/audio/incoming/ru/female/topic-003-normal.wav;public/audio/ru/female/topic-003-normal.mp3
topic-003;male;normal;Добавляем ха.;Название темы. На экране: Добавляем Х;materials/audio/incoming/ru/male/topic-003-normal.wav;public/audio/ru/male/topic-003-normal.mp3
topic-004;female;normal;Добавляем эс.;Название темы. На экране: Добавляем С;materials/audio/incoming/ru/female/topic-004-normal.wav;public/audio/ru/female/topic-004-normal.mp3
topic-004;male;normal;Добавляем эс.;Название темы. На экране: Добавляем С;materials/audio/incoming/ru/male/topic-004-normal.wav;public/audio/ru/male/topic-004-normal.mp3
topic-005;female;normal;Добавляем эн.;Название темы. На экране: Добавляем Н;materials/audio/incoming/ru/female/topic-005-normal.wav;public/audio/ru/female/topic-005-normal.mp3
topic-005;male;normal;Добавляем эн.;Название темы. На экране: Добавляем Н;materials/audio/incoming/ru/male/topic-005-normal.wav;public/audio/ru/male/topic-005-normal.mp3
topic-006;female;normal;Добавляем ы.;Название темы. На экране: Добавляем Ы;materials/audio/incoming/ru/female/topic-006-normal.wav;public/audio/ru/female/topic-006-normal.mp3
topic-006;male;normal;Добавляем ы.;Название темы. На экране: Добавляем Ы;materials/audio/incoming/ru/male/topic-006-normal.wav;public/audio/ru/male/topic-006-normal.mp3
topic-007;female;normal;Добавляем эль.;Название темы. На экране: Добавляем Л;materials/audio/incoming/ru/female/topic-007-normal.wav;public/audio/ru/female/topic-007-normal.mp3
topic-007;male;normal;Добавляем эль.;Название темы. На экране: Добавляем Л;materials/audio/incoming/ru/male/topic-007-normal.wav;public/audio/ru/male/topic-007-normal.mp3
topic-008;female;normal;Добавляем эр.;Название темы. На экране: Добавляем Р;materials/audio/incoming/ru/female/topic-008-normal.wav;public/audio/ru/female/topic-008-normal.mp3
topic-008;male;normal;Добавляем эр.;Название темы. На экране: Добавляем Р;materials/audio/incoming/ru/male/topic-008-normal.wav;public/audio/ru/male/topic-008-normal.mp3
topic-009;female;normal;Добавляем ка.;Название темы. На экране: Добавляем К;materials/audio/incoming/ru/female/topic-009-normal.wav;public/audio/ru/female/topic-009-normal.mp3
topic-009;male;normal;Добавляем ка.;Название темы. На экране: Добавляем К;materials/audio/incoming/ru/male/topic-009-normal.wav;public/audio/ru/male/topic-009-normal.mp3
topic-010;female;normal;Добавляем тэ.;Название темы. На экране: Добавляем Т;materials/audio/incoming/ru/female/topic-010-normal.wav;public/audio/ru/female/topic-010-normal.mp3
topic-010;male;normal;Добавляем тэ.;Название темы. На экране: Добавляем Т;materials/audio/incoming/ru/male/topic-010-normal.wav;public/audio/ru/male/topic-010-normal.mp3
topic-011;female;normal;Добавляем и.;Название темы. На экране: Добавляем И;materials/audio/incoming/ru/female/topic-011-normal.wav;public/audio/ru/female/topic-011-normal.mp3
topic-011;male;normal;Добавляем и.;Название темы. На экране: Добавляем И;materials/audio/incoming/ru/male/topic-011-normal.wav;public/audio/ru/male/topic-011-normal.mp3
topic-012;female;normal;Добавляем пэ.;Название темы. На экране: Добавляем П;materials/audio/incoming/ru/female/topic-012-normal.wav;public/audio/ru/female/topic-012-normal.mp3
topic-012;male;normal;Добавляем пэ.;Название темы. На экране: Добавляем П;materials/audio/incoming/ru/male/topic-012-normal.wav;public/audio/ru/male/topic-012-normal.mp3
topic-013;female;normal;Весь алфавит;Название темы. На экране: Весь алфавит;materials/audio/incoming/ru/female/topic-013-normal.wav;public/audio/ru/female/topic-013-normal.mp3
topic-013;male;normal;Весь алфавит;Название темы. На экране: Весь алфавит;materials/audio/incoming/ru/male/topic-013-normal.wav;public/audio/ru/male/topic-013-normal.mp3
navigation-001;female;normal;Буквы;"Нейтрально; отдельный завершённый фрагмент.";materials/audio/incoming/ru/female/navigation-001-normal.wav;public/audio/ru/female/navigation-001-normal.mp3
navigation-001;male;normal;Буквы;"Нейтрально; отдельный завершённый фрагмент.";materials/audio/incoming/ru/male/navigation-001-normal.wav;public/audio/ru/male/navigation-001-normal.mp3
navigation-002;female;normal;Слоги;"Нейтрально; отдельный завершённый фрагмент.";materials/audio/incoming/ru/female/navigation-002-normal.wav;public/audio/ru/female/navigation-002-normal.mp3
navigation-002;male;normal;Слоги;"Нейтрально; отдельный завершённый фрагмент.";materials/audio/incoming/ru/male/navigation-002-normal.wav;public/audio/ru/male/navigation-002-normal.mp3
navigation-003;female;normal;Слова;"Нейтрально; отдельный завершённый фрагмент.";materials/audio/incoming/ru/female/navigation-003-normal.wav;public/audio/ru/female/navigation-003-normal.mp3
navigation-003;male;normal;Слова;"Нейтрально; отдельный завершённый фрагмент.";materials/audio/incoming/ru/male/navigation-003-normal.wav;public/audio/ru/male/navigation-003-normal.mp3
navigation-004;female;normal;Картинки;"Нейтрально; отдельный завершённый фрагмент.";materials/audio/incoming/ru/female/navigation-004-normal.wav;public/audio/ru/female/navigation-004-normal.mp3
navigation-004;male;normal;Картинки;"Нейтрально; отдельный завершённый фрагмент.";materials/audio/incoming/ru/male/navigation-004-normal.wav;public/audio/ru/male/navigation-004-normal.mp3
navigation-005;female;normal;Предложения;"Нейтрально; отдельный завершённый фрагмент.";materials/audio/incoming/ru/female/navigation-005-normal.wav;public/audio/ru/female/navigation-005-normal.mp3
navigation-005;male;normal;Предложения;"Нейтрально; отдельный завершённый фрагмент.";materials/audio/incoming/ru/male/navigation-005-normal.wav;public/audio/ru/male/navigation-005-normal.mp3
navigation-006;female;normal;Рассказы;"Нейтрально; отдельный завершённый фрагмент.";materials/audio/incoming/ru/female/navigation-006-normal.wav;public/audio/ru/female/navigation-006-normal.mp3
navigation-006;male;normal;Рассказы;"Нейтрально; отдельный завершённый фрагмент.";materials/audio/incoming/ru/male/navigation-006-normal.wav;public/audio/ru/male/navigation-006-normal.mp3
navigation-007;female;normal;Стихи;"Нейтрально; отдельный завершённый фрагмент.";materials/audio/incoming/ru/female/navigation-007-normal.wav;public/audio/ru/female/navigation-007-normal.mp3
navigation-007;male;normal;Стихи;"Нейтрально; отдельный завершённый фрагмент.";materials/audio/incoming/ru/male/navigation-007-normal.wav;public/audio/ru/male/navigation-007-normal.mp3
navigation-008;female;normal;Сейчас.;"Нейтрально; отдельный завершённый фрагмент.";materials/audio/incoming/ru/female/navigation-008-normal.wav;public/audio/ru/female/navigation-008-normal.mp3
navigation-008;male;normal;Сейчас.;"Нейтрально; отдельный завершённый фрагмент.";materials/audio/incoming/ru/male/navigation-008-normal.wav;public/audio/ru/male/navigation-008-normal.mp3
navigation-009;female;normal;Следующая тема.;"Нейтрально; отдельный завершённый фрагмент.";materials/audio/incoming/ru/female/navigation-009-normal.wav;public/audio/ru/female/navigation-009-normal.mp3
navigation-009;male;normal;Следующая тема.;"Нейтрально; отдельный завершённый фрагмент.";materials/audio/incoming/ru/male/navigation-009-normal.wav;public/audio/ru/male/navigation-009-normal.mp3
navigation-010;female;normal;Нажми на стрелку, когда захочешь идти дальше.;"Нейтрально; отдельный завершённый фрагмент.";materials/audio/incoming/ru/female/navigation-010-normal.wav;public/audio/ru/female/navigation-010-normal.mp3
navigation-010;male;normal;Нажми на стрелку, когда захочешь идти дальше.;"Нейтрально; отдельный завершённый фрагмент.";materials/audio/incoming/ru/male/navigation-010-normal.wav;public/audio/ru/male/navigation-010-normal.mp3
fragment-001;female;normal;Верно!;"Нейтральный стык; пауза и законченная артикуляция. Подстановку не произносить.";materials/audio/incoming/ru/female/fragment-001-normal.wav;public/audio/ru/female/fragment-001-normal.mp3
fragment-001;male;normal;Верно!;"Нейтральный стык; пауза и законченная артикуляция. Подстановку не произносить.";materials/audio/incoming/ru/male/fragment-001-normal.wav;public/audio/ru/male/fragment-001-normal.mp3
fragment-002;female;normal;Получилось!;"Нейтральный стык; пауза и законченная артикуляция. Подстановку не произносить.";materials/audio/incoming/ru/female/fragment-002-normal.wav;public/audio/ru/female/fragment-002-normal.mp3
fragment-002;male;normal;Получилось!;"Нейтральный стык; пауза и законченная артикуляция. Подстановку не произносить.";materials/audio/incoming/ru/male/fragment-002-normal.wav;public/audio/ru/male/fragment-002-normal.mp3
fragment-003;female;normal;Здесь.;"Нейтральный стык; пауза и законченная артикуляция. Подстановку не произносить.";materials/audio/incoming/ru/female/fragment-003-normal.wav;public/audio/ru/female/fragment-003-normal.mp3
fragment-003;male;normal;Здесь.;"Нейтральный стык; пауза и законченная артикуляция. Подстановку не произносить.";materials/audio/incoming/ru/male/fragment-003-normal.wav;public/audio/ru/male/fragment-003-normal.mp3
fragment-004;female;normal;Начни с первой буквы.;"Нейтральный стык; пауза и законченная артикуляция. Подстановку не произносить.";materials/audio/incoming/ru/female/fragment-004-normal.wav;public/audio/ru/female/fragment-004-normal.mp3
fragment-004;male;normal;Начни с первой буквы.;"Нейтральный стык; пауза и законченная артикуляция. Подстановку не произносить.";materials/audio/incoming/ru/male/fragment-004-normal.wav;public/audio/ru/male/fragment-004-normal.mp3
fragment-005;female;normal;Давай вместе.;"Нейтральный стык; пауза и законченная артикуляция. Подстановку не произносить.";materials/audio/incoming/ru/female/fragment-005-normal.wav;public/audio/ru/female/fragment-005-normal.mp3
fragment-005;male;normal;Давай вместе.;"Нейтральный стык; пауза и законченная артикуляция. Подстановку не произносить.";materials/audio/incoming/ru/male/fragment-005-normal.wav;public/audio/ru/male/fragment-005-normal.mp3
fragment-006;female;normal;Послушай и повтори.;"Нейтральный стык; пауза и законченная артикуляция. Подстановку не произносить.";materials/audio/incoming/ru/female/fragment-006-normal.wav;public/audio/ru/female/fragment-006-normal.mp3
fragment-006;male;normal;Послушай и повтори.;"Нейтральный стык; пауза и законченная артикуляция. Подстановку не произносить.";materials/audio/incoming/ru/male/fragment-006-normal.wav;public/audio/ru/male/fragment-006-normal.mp3
fragment-007;female;normal;Сначала найди.;"Нейтральный стык; пауза и законченная артикуляция. Подстановку не произносить.";materials/audio/incoming/ru/female/fragment-007-normal.wav;public/audio/ru/female/fragment-007-normal.mp3
fragment-007;male;normal;Сначала найди.;"Нейтральный стык; пауза и законченная артикуляция. Подстановку не произносить.";materials/audio/incoming/ru/male/fragment-007-normal.wav;public/audio/ru/male/fragment-007-normal.mp3
fragment-008;female;normal;Потом прочитай.;"Нейтральный стык; пауза и законченная артикуляция. Подстановку не произносить.";materials/audio/incoming/ru/female/fragment-008-normal.wav;public/audio/ru/female/fragment-008-normal.mp3
fragment-008;male;normal;Потом прочитай.;"Нейтральный стык; пауза и законченная артикуляция. Подстановку не произносить.";materials/audio/incoming/ru/male/fragment-008-normal.wav;public/audio/ru/male/fragment-008-normal.mp3
fragment-009;female;normal;Попробуй ещё раз.;"Нейтральный стык; пауза и законченная артикуляция. Подстановку не произносить.";materials/audio/incoming/ru/female/fragment-009-normal.wav;public/audio/ru/female/fragment-009-normal.mp3
fragment-009;male;normal;Попробуй ещё раз.;"Нейтральный стык; пауза и законченная артикуляция. Подстановку не произносить.";materials/audio/incoming/ru/male/fragment-009-normal.wav;public/audio/ru/male/fragment-009-normal.mp3
fragment-010;female;normal;Послушай.;"Нейтральный стык; пауза и законченная артикуляция. Подстановку не произносить.";materials/audio/incoming/ru/female/fragment-010-normal.wav;public/audio/ru/female/fragment-010-normal.mp3
fragment-010;male;normal;Послушай.;"Нейтральный стык; пауза и законченная артикуляция. Подстановку не произносить.";materials/audio/incoming/ru/male/fragment-010-normal.wav;public/audio/ru/male/fragment-010-normal.mp3
fragment-011;female;normal;Теперь ты.;"Нейтральный стык; пауза и законченная артикуляция. Подстановку не произносить.";materials/audio/incoming/ru/female/fragment-011-normal.wav;public/audio/ru/female/fragment-011-normal.mp3
fragment-011;male;normal;Теперь ты.;"Нейтральный стык; пауза и законченная артикуляция. Подстановку не произносить.";materials/audio/incoming/ru/male/fragment-011-normal.wav;public/audio/ru/male/fragment-011-normal.mp3
fragment-012;female;normal;Найди такой же слог.;"Нейтральный стык; пауза и законченная артикуляция. Подстановку не произносить.";materials/audio/incoming/ru/female/fragment-012-normal.wav;public/audio/ru/female/fragment-012-normal.mp3
fragment-012;male;normal;Найди такой же слог.;"Нейтральный стык; пауза и законченная артикуляция. Подстановку не произносить.";materials/audio/incoming/ru/male/fragment-012-normal.wav;public/audio/ru/male/fragment-012-normal.mp3
fragment-013;female;normal;Да, это.;"Нейтральный стык; пауза и законченная артикуляция. Подстановку не произносить.";materials/audio/incoming/ru/female/fragment-013-normal.wav;public/audio/ru/female/fragment-013-normal.mp3
fragment-013;male;normal;Да, это.;"Нейтральный стык; пауза и законченная артикуляция. Подстановку не произносить.";materials/audio/incoming/ru/male/fragment-013-normal.wav;public/audio/ru/male/fragment-013-normal.mp3
fragment-014;female;normal;Теперь прочитай.;"Нейтральный стык; пауза и законченная артикуляция. Подстановку не произносить.";materials/audio/incoming/ru/female/fragment-014-normal.wav;public/audio/ru/female/fragment-014-normal.mp3
fragment-014;male;normal;Теперь прочитай.;"Нейтральный стык; пауза и законченная артикуляция. Подстановку не произносить.";materials/audio/incoming/ru/male/fragment-014-normal.wav;public/audio/ru/male/fragment-014-normal.mp3
fragment-015;female;normal;Посмотри: первая буква.;"Нейтральный стык; пауза и законченная артикуляция. Подстановку не произносить.";materials/audio/incoming/ru/female/fragment-015-normal.wav;public/audio/ru/female/fragment-015-normal.mp3
fragment-015;male;normal;Посмотри: первая буква.;"Нейтральный стык; пауза и законченная артикуляция. Подстановку не произносить.";materials/audio/incoming/ru/male/fragment-015-normal.wav;public/audio/ru/male/fragment-015-normal.mp3
fragment-016;female;normal;Поймано.;"Нейтральный стык; пауза и законченная артикуляция. Подстановку не произносить.";materials/audio/incoming/ru/female/fragment-016-normal.wav;public/audio/ru/female/fragment-016-normal.mp3
fragment-016;male;normal;Поймано.;"Нейтральный стык; пауза и законченная артикуляция. Подстановку не произносить.";materials/audio/incoming/ru/male/fragment-016-normal.wav;public/audio/ru/male/fragment-016-normal.mp3
fragment-017;female;normal;Ты назвал букву.;"Нейтральный стык; пауза и законченная артикуляция. Подстановку не произносить.";materials/audio/incoming/ru/female/fragment-017-normal.wav;public/audio/ru/female/fragment-017-normal.mp3
fragment-017;male;normal;Ты назвал букву.;"Нейтральный стык; пауза и законченная артикуляция. Подстановку не произносить.";materials/audio/incoming/ru/male/fragment-017-normal.wav;public/audio/ru/male/fragment-017-normal.mp3
fragment-018;female;normal;А сейчас попробуй произнести её звук, без названия.;"Нейтральный стык; пауза и законченная артикуляция. Подстановку не произносить.";materials/audio/incoming/ru/female/fragment-018-normal.wav;public/audio/ru/female/fragment-018-normal.mp3
fragment-018;male;normal;А сейчас попробуй произнести её звук, без названия.;"Нейтральный стык; пауза и законченная артикуляция. Подстановку не произносить.";materials/audio/incoming/ru/male/fragment-018-normal.wav;public/audio/ru/male/fragment-018-normal.mp3
fragment-019;female;normal;Начни с буквы.;"Нейтральный стык; пауза и законченная артикуляция. Подстановку не произносить.";materials/audio/incoming/ru/female/fragment-019-normal.wav;public/audio/ru/female/fragment-019-normal.mp3
fragment-019;male;normal;Начни с буквы.;"Нейтральный стык; пауза и законченная артикуляция. Подстановку не произносить.";materials/audio/incoming/ru/male/fragment-019-normal.wav;public/audio/ru/male/fragment-019-normal.mp3
fragment-020;female;normal;Попробуй написать.;"Нейтральный стык; пауза и законченная артикуляция. Подстановку не произносить.";materials/audio/incoming/ru/female/fragment-020-normal.wav;public/audio/ru/female/fragment-020-normal.mp3
fragment-020;male;normal;Попробуй написать.;"Нейтральный стык; пауза и законченная артикуляция. Подстановку не произносить.";materials/audio/incoming/ru/male/fragment-020-normal.wav;public/audio/ru/male/fragment-020-normal.mp3
fragment-021;female;normal;Да, здесь есть.;"Нейтральный стык; пауза и законченная артикуляция. Подстановку не произносить.";materials/audio/incoming/ru/female/fragment-021-normal.wav;public/audio/ru/female/fragment-021-normal.mp3
fragment-021;male;normal;Да, здесь есть.;"Нейтральный стык; пауза и законченная артикуляция. Подстановку не произносить.";materials/audio/incoming/ru/male/fragment-021-normal.wav;public/audio/ru/male/fragment-021-normal.mp3
fragment-022;female;normal;Ты заметил деталь!;"Нейтральный стык; пауза и законченная артикуляция. Подстановку не произносить.";materials/audio/incoming/ru/female/fragment-022-normal.wav;public/audio/ru/female/fragment-022-normal.mp3
fragment-022;male;normal;Ты заметил деталь!;"Нейтральный стык; пауза и законченная артикуляция. Подстановку не произносить.";materials/audio/incoming/ru/male/fragment-022-normal.wav;public/audio/ru/male/fragment-022-normal.mp3
fragment-023;female;normal;Да, по форме или цвету похоже!;"Нейтральный стык; пауза и законченная артикуляция. Подстановку не произносить.";materials/audio/incoming/ru/female/fragment-023-normal.wav;public/audio/ru/female/fragment-023-normal.mp3
fragment-023;male;normal;Да, по форме или цвету похоже!;"Нейтральный стык; пауза и законченная артикуляция. Подстановку не произносить.";materials/audio/incoming/ru/male/fragment-023-normal.wav;public/audio/ru/male/fragment-023-normal.mp3
fragment-024;female;normal;Мы загадали другое.;"Нейтральный стык; пауза и законченная артикуляция. Подстановку не произносить.";materials/audio/incoming/ru/female/fragment-024-normal.wav;public/audio/ru/female/fragment-024-normal.mp3
fragment-024;male;normal;Мы загадали другое.;"Нейтральный стык; пауза и законченная артикуляция. Подстановку не произносить.";materials/audio/incoming/ru/male/fragment-024-normal.wav;public/audio/ru/male/fragment-024-normal.mp3
fragment-025;female;normal;Посмотри на новую картинку.;"Нейтральный стык; пауза и законченная артикуляция. Подстановку не произносить.";materials/audio/incoming/ru/female/fragment-025-normal.wav;public/audio/ru/female/fragment-025-normal.mp3
fragment-025;male;normal;Посмотри на новую картинку.;"Нейтральный стык; пауза и законченная артикуляция. Подстановку не произносить.";materials/audio/incoming/ru/male/fragment-025-normal.wav;public/audio/ru/male/fragment-025-normal.mp3
fragment-026;female;normal;Это луна в ночном небе.;"Нейтральный стык; пауза и законченная артикуляция. Подстановку не произносить.";materials/audio/incoming/ru/female/fragment-026-normal.wav;public/audio/ru/female/fragment-026-normal.mp3
fragment-026;male;normal;Это луна в ночном небе.;"Нейтральный стык; пауза и законченная артикуляция. Подстановку не произносить.";materials/audio/incoming/ru/male/fragment-026-normal.wav;public/audio/ru/male/fragment-026-normal.mp3
fragment-027;female;normal;Напиши.;"Нейтральный стык; пауза и законченная артикуляция. Подстановку не произносить.";materials/audio/incoming/ru/female/fragment-027-normal.wav;public/audio/ru/female/fragment-027-normal.mp3
fragment-027;male;normal;Напиши.;"Нейтральный стык; пауза и законченная артикуляция. Подстановку не произносить.";materials/audio/incoming/ru/male/fragment-027-normal.wav;public/audio/ru/male/fragment-027-normal.mp3
fragment-028;female;normal;Да!;"Нейтральный стык; пауза и законченная артикуляция. Подстановку не произносить.";materials/audio/incoming/ru/female/fragment-028-normal.wav;public/audio/ru/female/fragment-028-normal.mp3
fragment-028;male;normal;Да!;"Нейтральный стык; пауза и законченная артикуляция. Подстановку не произносить.";materials/audio/incoming/ru/male/fragment-028-normal.wav;public/audio/ru/male/fragment-028-normal.mp3
fragment-029;female;normal;Ещё можно сказать.;"Нейтральный стык; пауза и законченная артикуляция. Подстановку не произносить.";materials/audio/incoming/ru/female/fragment-029-normal.wav;public/audio/ru/female/fragment-029-normal.mp3
fragment-029;male;normal;Ещё можно сказать.;"Нейтральный стык; пауза и законченная артикуляция. Подстановку не произносить.";materials/audio/incoming/ru/male/fragment-029-normal.wav;public/audio/ru/male/fragment-029-normal.mp3
fragment-030;female;normal;Тоже подходит!;"Нейтральный стык; пауза и законченная артикуляция. Подстановку не произносить.";materials/audio/incoming/ru/female/fragment-030-normal.wav;public/audio/ru/female/fragment-030-normal.mp3
fragment-030;male;normal;Тоже подходит!;"Нейтральный стык; пауза и законченная артикуляция. Подстановку не произносить.";materials/audio/incoming/ru/male/fragment-030-normal.wav;public/audio/ru/male/fragment-030-normal.mp3
fragment-031;female;normal;В этом задании учимся писать.;"Нейтральный стык; пауза и законченная артикуляция. Подстановку не произносить.";materials/audio/incoming/ru/female/fragment-031-normal.wav;public/audio/ru/female/fragment-031-normal.mp3
fragment-031;male;normal;В этом задании учимся писать.;"Нейтральный стык; пауза и законченная артикуляция. Подстановку не произносить.";materials/audio/incoming/ru/male/fragment-031-normal.wav;public/audio/ru/male/fragment-031-normal.mp3
fragment-032;female;normal;Попробуй это слово.;"Нейтральный стык; пауза и законченная артикуляция. Подстановку не произносить.";materials/audio/incoming/ru/female/fragment-032-normal.wav;public/audio/ru/female/fragment-032-normal.mp3
fragment-032;male;normal;Попробуй это слово.;"Нейтральный стык; пауза и законченная артикуляция. Подстановку не произносить.";materials/audio/incoming/ru/male/fragment-032-normal.wav;public/audio/ru/male/fragment-032-normal.mp3
fragment-033;female;normal;Давай рассмотрим картинку.;"Нейтральный стык; пауза и законченная артикуляция. Подстановку не произносить.";materials/audio/incoming/ru/female/fragment-033-normal.wav;public/audio/ru/female/fragment-033-normal.mp3
fragment-033;male;normal;Давай рассмотрим картинку.;"Нейтральный стык; пауза и законченная артикуляция. Подстановку не произносить.";materials/audio/incoming/ru/male/fragment-033-normal.wav;public/audio/ru/male/fragment-033-normal.mp3
fragment-034;female;normal;Можно назвать так.;"Нейтральный стык; пауза и законченная артикуляция. Подстановку не произносить.";materials/audio/incoming/ru/female/fragment-034-normal.wav;public/audio/ru/female/fragment-034-normal.mp3
fragment-034;male;normal;Можно назвать так.;"Нейтральный стык; пауза и законченная артикуляция. Подстановку не произносить.";materials/audio/incoming/ru/male/fragment-034-normal.wav;public/audio/ru/male/fragment-034-normal.mp3
fragment-035;female;normal;Найди слог.;"Нейтральный стык; пауза и законченная артикуляция. Подстановку не произносить.";materials/audio/incoming/ru/female/fragment-035-normal.wav;public/audio/ru/female/fragment-035-normal.mp3
fragment-035;male;normal;Найди слог.;"Нейтральный стык; пауза и законченная артикуляция. Подстановку не произносить.";materials/audio/incoming/ru/male/fragment-035-normal.wav;public/audio/ru/male/fragment-035-normal.mp3
fragment-036;female;normal;Он идёт следующим.;"Нейтральный стык; пауза и законченная артикуляция. Подстановку не произносить.";materials/audio/incoming/ru/female/fragment-036-normal.wav;public/audio/ru/female/fragment-036-normal.mp3
fragment-036;male;normal;Он идёт следующим.;"Нейтральный стык; пауза и законченная артикуляция. Подстановку не произносить.";materials/audio/incoming/ru/male/fragment-036-normal.wav;public/audio/ru/male/fragment-036-normal.mp3
fragment-037;female;normal;Почти!;"Нейтральный стык; пауза и законченная артикуляция. Подстановку не произносить.";materials/audio/incoming/ru/female/fragment-037-normal.wav;public/audio/ru/female/fragment-037-normal.mp3
fragment-037;male;normal;Почти!;"Нейтральный стык; пауза и законченная артикуляция. Подстановку не произносить.";materials/audio/incoming/ru/male/fragment-037-normal.wav;public/audio/ru/male/fragment-037-normal.mp3
fragment-038;female;normal;Вместо.;"Нейтральный стык; пауза и законченная артикуляция. Подстановку не произносить.";materials/audio/incoming/ru/female/fragment-038-normal.wav;public/audio/ru/female/fragment-038-normal.mp3
fragment-038;male;normal;Вместо.;"Нейтральный стык; пауза и законченная артикуляция. Подстановку не произносить.";materials/audio/incoming/ru/male/fragment-038-normal.wav;public/audio/ru/male/fragment-038-normal.mp3
fragment-039;female;normal;Нужна.;"Нейтральный стык; пауза и законченная артикуляция. Подстановку не произносить.";materials/audio/incoming/ru/female/fragment-039-normal.wav;public/audio/ru/female/fragment-039-normal.mp3
fragment-039;male;normal;Нужна.;"Нейтральный стык; пауза и законченная артикуляция. Подстановку не произносить.";materials/audio/incoming/ru/male/fragment-039-normal.wav;public/audio/ru/male/fragment-039-normal.mp3
fragment-040;female;normal;Исправь выделенную букву.;"Нейтральный стык; пауза и законченная артикуляция. Подстановку не произносить.";materials/audio/incoming/ru/female/fragment-040-normal.wav;public/audio/ru/female/fragment-040-normal.mp3
fragment-040;male;normal;Исправь выделенную букву.;"Нейтральный стык; пауза и законченная артикуляция. Подстановку не произносить.";materials/audio/incoming/ru/male/fragment-040-normal.wav;public/audio/ru/male/fragment-040-normal.mp3
fragment-041;female;normal;Две буквы поменялись местами.;"Нейтральный стык; пауза и законченная артикуляция. Подстановку не произносить.";materials/audio/incoming/ru/female/fragment-041-normal.wav;public/audio/ru/female/fragment-041-normal.mp3
fragment-041;male;normal;Две буквы поменялись местами.;"Нейтральный стык; пауза и законченная артикуляция. Подстановку не произносить.";materials/audio/incoming/ru/male/fragment-041-normal.wav;public/audio/ru/male/fragment-041-normal.mp3
fragment-042;female;normal;В выделенном месте.;"Нейтральный стык; пауза и законченная артикуляция. Подстановку не произносить.";materials/audio/incoming/ru/female/fragment-042-normal.wav;public/audio/ru/female/fragment-042-normal.mp3
fragment-042;male;normal;В выделенном месте.;"Нейтральный стык; пауза и законченная артикуляция. Подстановку не произносить.";materials/audio/incoming/ru/male/fragment-042-normal.wav;public/audio/ru/male/fragment-042-normal.mp3
fragment-043;female;normal;Пропущена буква.;"Нейтральный стык; пауза и законченная артикуляция. Подстановку не произносить.";materials/audio/incoming/ru/female/fragment-043-normal.wav;public/audio/ru/female/fragment-043-normal.mp3
fragment-043;male;normal;Пропущена буква.;"Нейтральный стык; пауза и законченная артикуляция. Подстановку не произносить.";materials/audio/incoming/ru/male/fragment-043-normal.wav;public/audio/ru/male/fragment-043-normal.mp3
fragment-044;female;normal;Добавь её в отмеченное место.;"Нейтральный стык; пауза и законченная артикуляция. Подстановку не произносить.";materials/audio/incoming/ru/female/fragment-044-normal.wav;public/audio/ru/female/fragment-044-normal.mp3
fragment-044;male;normal;Добавь её в отмеченное место.;"Нейтральный стык; пауза и законченная артикуляция. Подстановку не произносить.";materials/audio/incoming/ru/male/fragment-044-normal.wav;public/audio/ru/male/fragment-044-normal.mp3
fragment-045;female;normal;Здесь лишняя буква.;"Нейтральный стык; пауза и законченная артикуляция. Подстановку не произносить.";materials/audio/incoming/ru/female/fragment-045-normal.wav;public/audio/ru/female/fragment-045-normal.mp3
fragment-045;male;normal;Здесь лишняя буква.;"Нейтральный стык; пауза и законченная артикуляция. Подстановку не произносить.";materials/audio/incoming/ru/male/fragment-045-normal.wav;public/audio/ru/male/fragment-045-normal.mp3
fragment-046;female;normal;Убери выделенную букву.;"Нейтральный стык; пауза и законченная артикуляция. Подстановку не произносить.";materials/audio/incoming/ru/female/fragment-046-normal.wav;public/audio/ru/female/fragment-046-normal.mp3
fragment-046;male;normal;Убери выделенную букву.;"Нейтральный стык; пауза и законченная артикуляция. Подстановку не произносить.";materials/audio/incoming/ru/male/fragment-046-normal.wav;public/audio/ru/male/fragment-046-normal.mp3
fragment-047;female;normal;Слово.;"Нейтральный стык; пауза и законченная артикуляция. Подстановку не произносить.";materials/audio/incoming/ru/female/fragment-047-normal.wav;public/audio/ru/female/fragment-047-normal.mp3
fragment-047;male;normal;Слово.;"Нейтральный стык; пауза и законченная артикуляция. Подстановку не произносить.";materials/audio/incoming/ru/male/fragment-047-normal.wav;public/audio/ru/male/fragment-047-normal.mp3
fragment-048;female;normal;Пройдено заданий.;"Нейтральный стык; пауза и законченная артикуляция. Подстановку не произносить.";materials/audio/incoming/ru/female/fragment-048-normal.wav;public/audio/ru/female/fragment-048-normal.mp3
fragment-048;male;normal;Пройдено заданий.;"Нейтральный стык; пауза и законченная артикуляция. Подстановку не произносить.";materials/audio/incoming/ru/male/fragment-048-normal.wav;public/audio/ru/male/fragment-048-normal.mp3
fragment-049;female;normal;Теперь можно отдохнуть.;"Нейтральный стык; пауза и законченная артикуляция. Подстановку не произносить.";materials/audio/incoming/ru/female/fragment-049-normal.wav;public/audio/ru/female/fragment-049-normal.mp3
fragment-049;male;normal;Теперь можно отдохнуть.;"Нейтральный стык; пауза и законченная артикуляция. Подстановку не произносить.";materials/audio/incoming/ru/male/fragment-049-normal.wav;public/audio/ru/male/fragment-049-normal.mp3
fragment-050;female;normal;Продолжи со слова.;"Нейтральный стык; пауза и законченная артикуляция. Подстановку не произносить.";materials/audio/incoming/ru/female/fragment-050-normal.wav;public/audio/ru/female/fragment-050-normal.mp3
fragment-050;male;normal;Продолжи со слова.;"Нейтральный стык; пауза и законченная артикуляция. Подстановку не произносить.";materials/audio/incoming/ru/male/fragment-050-normal.wav;public/audio/ru/male/fragment-050-normal.mp3
fragment-051;female;normal;Прочитанное начало сохранено.;"Нейтральный стык; пауза и законченная артикуляция. Подстановку не произносить.";materials/audio/incoming/ru/female/fragment-051-normal.wav;public/audio/ru/female/fragment-051-normal.mp3
fragment-051;male;normal;Прочитанное начало сохранено.;"Нейтральный стык; пауза и законченная артикуляция. Подстановку не произносить.";materials/audio/incoming/ru/male/fragment-051-normal.wav;public/audio/ru/male/fragment-051-normal.mp3
fragment-052;female;normal;Найди две одинаковые картинки.;"Нейтральный стык; пауза и законченная артикуляция. Подстановку не произносить.";materials/audio/incoming/ru/female/fragment-052-normal.wav;public/audio/ru/female/fragment-052-normal.mp3
fragment-052;male;normal;Найди две одинаковые картинки.;"Нейтральный стык; пауза и законченная артикуляция. Подстановку не произносить.";materials/audio/incoming/ru/male/fragment-052-normal.wav;public/audio/ru/male/fragment-052-normal.mp3
fragment-053;female;normal;Найдено.;"Нейтральный стык; пауза и законченная артикуляция. Подстановку не произносить.";materials/audio/incoming/ru/female/fragment-053-normal.wav;public/audio/ru/female/fragment-053-normal.mp3
fragment-053;male;normal;Найдено.;"Нейтральный стык; пауза и законченная артикуляция. Подстановку не произносить.";materials/audio/incoming/ru/male/fragment-053-normal.wav;public/audio/ru/male/fragment-053-normal.mp3
fragment-054;female;normal;Из.;"Нейтральный стык; пауза и законченная артикуляция. Подстановку не произносить.";materials/audio/incoming/ru/female/fragment-054-normal.wav;public/audio/ru/female/fragment-054-normal.mp3
fragment-054;male;normal;Из.;"Нейтральный стык; пауза и законченная артикуляция. Подстановку не произносить.";materials/audio/incoming/ru/male/fragment-054-normal.wav;public/audio/ru/male/fragment-054-normal.mp3
fragment-055;female;normal;Пар.;"Нейтральный стык; пауза и законченная артикуляция. Подстановку не произносить.";materials/audio/incoming/ru/female/fragment-055-normal.wav;public/audio/ru/female/fragment-055-normal.mp3
fragment-055;male;normal;Пар.;"Нейтральный стык; пауза и законченная артикуляция. Подстановку не произносить.";materials/audio/incoming/ru/male/fragment-055-normal.wav;public/audio/ru/male/fragment-055-normal.mp3
number-00;female;normal;ноль;"Ровно; не считать цепочкой в одном файле.";materials/audio/incoming/ru/female/number-00-normal.wav;public/audio/ru/female/number-00-normal.mp3
number-00;male;normal;ноль;"Ровно; не считать цепочкой в одном файле.";materials/audio/incoming/ru/male/number-00-normal.wav;public/audio/ru/male/number-00-normal.mp3
number-01;female;normal;один;"Ровно; не считать цепочкой в одном файле.";materials/audio/incoming/ru/female/number-01-normal.wav;public/audio/ru/female/number-01-normal.mp3
number-01;male;normal;один;"Ровно; не считать цепочкой в одном файле.";materials/audio/incoming/ru/male/number-01-normal.wav;public/audio/ru/male/number-01-normal.mp3
number-02;female;normal;два;"Ровно; не считать цепочкой в одном файле.";materials/audio/incoming/ru/female/number-02-normal.wav;public/audio/ru/female/number-02-normal.mp3
number-02;male;normal;два;"Ровно; не считать цепочкой в одном файле.";materials/audio/incoming/ru/male/number-02-normal.wav;public/audio/ru/male/number-02-normal.mp3
number-03;female;normal;три;"Ровно; не считать цепочкой в одном файле.";materials/audio/incoming/ru/female/number-03-normal.wav;public/audio/ru/female/number-03-normal.mp3
number-03;male;normal;три;"Ровно; не считать цепочкой в одном файле.";materials/audio/incoming/ru/male/number-03-normal.wav;public/audio/ru/male/number-03-normal.mp3
number-04;female;normal;четыре;"Ровно; не считать цепочкой в одном файле.";materials/audio/incoming/ru/female/number-04-normal.wav;public/audio/ru/female/number-04-normal.mp3
number-04;male;normal;четыре;"Ровно; не считать цепочкой в одном файле.";materials/audio/incoming/ru/male/number-04-normal.wav;public/audio/ru/male/number-04-normal.mp3
number-05;female;normal;пять;"Ровно; не считать цепочкой в одном файле.";materials/audio/incoming/ru/female/number-05-normal.wav;public/audio/ru/female/number-05-normal.mp3
number-05;male;normal;пять;"Ровно; не считать цепочкой в одном файле.";materials/audio/incoming/ru/male/number-05-normal.wav;public/audio/ru/male/number-05-normal.mp3
number-06;female;normal;шесть;"Ровно; не считать цепочкой в одном файле.";materials/audio/incoming/ru/female/number-06-normal.wav;public/audio/ru/female/number-06-normal.mp3
number-06;male;normal;шесть;"Ровно; не считать цепочкой в одном файле.";materials/audio/incoming/ru/male/number-06-normal.wav;public/audio/ru/male/number-06-normal.mp3
number-07;female;normal;семь;"Ровно; не считать цепочкой в одном файле.";materials/audio/incoming/ru/female/number-07-normal.wav;public/audio/ru/female/number-07-normal.mp3
number-07;male;normal;семь;"Ровно; не считать цепочкой в одном файле.";materials/audio/incoming/ru/male/number-07-normal.wav;public/audio/ru/male/number-07-normal.mp3
number-08;female;normal;восемь;"Ровно; не считать цепочкой в одном файле.";materials/audio/incoming/ru/female/number-08-normal.wav;public/audio/ru/female/number-08-normal.mp3
number-08;male;normal;восемь;"Ровно; не считать цепочкой в одном файле.";materials/audio/incoming/ru/male/number-08-normal.wav;public/audio/ru/male/number-08-normal.mp3
number-09;female;normal;девять;"Ровно; не считать цепочкой в одном файле.";materials/audio/incoming/ru/female/number-09-normal.wav;public/audio/ru/female/number-09-normal.mp3
number-09;male;normal;девять;"Ровно; не считать цепочкой в одном файле.";materials/audio/incoming/ru/male/number-09-normal.wav;public/audio/ru/male/number-09-normal.mp3
number-10;female;normal;десять;"Ровно; не считать цепочкой в одном файле.";materials/audio/incoming/ru/female/number-10-normal.wav;public/audio/ru/female/number-10-normal.mp3
number-10;male;normal;десять;"Ровно; не считать цепочкой в одном файле.";materials/audio/incoming/ru/male/number-10-normal.wav;public/audio/ru/male/number-10-normal.mp3
number-11;female;normal;одиннадцать;"Ровно; не считать цепочкой в одном файле.";materials/audio/incoming/ru/female/number-11-normal.wav;public/audio/ru/female/number-11-normal.mp3
number-11;male;normal;одиннадцать;"Ровно; не считать цепочкой в одном файле.";materials/audio/incoming/ru/male/number-11-normal.wav;public/audio/ru/male/number-11-normal.mp3
number-12;female;normal;двенадцать;"Ровно; не считать цепочкой в одном файле.";materials/audio/incoming/ru/female/number-12-normal.wav;public/audio/ru/female/number-12-normal.mp3
number-12;male;normal;двенадцать;"Ровно; не считать цепочкой в одном файле.";materials/audio/incoming/ru/male/number-12-normal.wav;public/audio/ru/male/number-12-normal.mp3
number-13;female;normal;тринадцать;"Ровно; не считать цепочкой в одном файле.";materials/audio/incoming/ru/female/number-13-normal.wav;public/audio/ru/female/number-13-normal.mp3
number-13;male;normal;тринадцать;"Ровно; не считать цепочкой в одном файле.";materials/audio/incoming/ru/male/number-13-normal.wav;public/audio/ru/male/number-13-normal.mp3
number-14;female;normal;четырнадцать;"Ровно; не считать цепочкой в одном файле.";materials/audio/incoming/ru/female/number-14-normal.wav;public/audio/ru/female/number-14-normal.mp3
number-14;male;normal;четырнадцать;"Ровно; не считать цепочкой в одном файле.";materials/audio/incoming/ru/male/number-14-normal.wav;public/audio/ru/male/number-14-normal.mp3
number-15;female;normal;пятнадцать;"Ровно; не считать цепочкой в одном файле.";materials/audio/incoming/ru/female/number-15-normal.wav;public/audio/ru/female/number-15-normal.mp3
number-15;male;normal;пятнадцать;"Ровно; не считать цепочкой в одном файле.";materials/audio/incoming/ru/male/number-15-normal.wav;public/audio/ru/male/number-15-normal.mp3
number-16;female;normal;шестнадцать;"Ровно; не считать цепочкой в одном файле.";materials/audio/incoming/ru/female/number-16-normal.wav;public/audio/ru/female/number-16-normal.mp3
number-16;male;normal;шестнадцать;"Ровно; не считать цепочкой в одном файле.";materials/audio/incoming/ru/male/number-16-normal.wav;public/audio/ru/male/number-16-normal.mp3
number-17;female;normal;семнадцать;"Ровно; не считать цепочкой в одном файле.";materials/audio/incoming/ru/female/number-17-normal.wav;public/audio/ru/female/number-17-normal.mp3
number-17;male;normal;семнадцать;"Ровно; не считать цепочкой в одном файле.";materials/audio/incoming/ru/male/number-17-normal.wav;public/audio/ru/male/number-17-normal.mp3
number-18;female;normal;восемнадцать;"Ровно; не считать цепочкой в одном файле.";materials/audio/incoming/ru/female/number-18-normal.wav;public/audio/ru/female/number-18-normal.mp3
number-18;male;normal;восемнадцать;"Ровно; не считать цепочкой в одном файле.";materials/audio/incoming/ru/male/number-18-normal.wav;public/audio/ru/male/number-18-normal.mp3
number-19;female;normal;девятнадцать;"Ровно; не считать цепочкой в одном файле.";materials/audio/incoming/ru/female/number-19-normal.wav;public/audio/ru/female/number-19-normal.mp3
number-19;male;normal;девятнадцать;"Ровно; не считать цепочкой в одном файле.";materials/audio/incoming/ru/male/number-19-normal.wav;public/audio/ru/male/number-19-normal.mp3
number-20;female;normal;двадцать;"Ровно; не считать цепочкой в одном файле.";materials/audio/incoming/ru/female/number-20-normal.wav;public/audio/ru/female/number-20-normal.mp3
number-20;male;normal;двадцать;"Ровно; не считать цепочкой в одном файле.";materials/audio/incoming/ru/male/number-20-normal.wav;public/audio/ru/male/number-20-normal.mp3
number-21;female;normal;двадцать один;"Ровно; не считать цепочкой в одном файле.";materials/audio/incoming/ru/female/number-21-normal.wav;public/audio/ru/female/number-21-normal.mp3
number-21;male;normal;двадцать один;"Ровно; не считать цепочкой в одном файле.";materials/audio/incoming/ru/male/number-21-normal.wav;public/audio/ru/male/number-21-normal.mp3
number-22;female;normal;двадцать два;"Ровно; не считать цепочкой в одном файле.";materials/audio/incoming/ru/female/number-22-normal.wav;public/audio/ru/female/number-22-normal.mp3
number-22;male;normal;двадцать два;"Ровно; не считать цепочкой в одном файле.";materials/audio/incoming/ru/male/number-22-normal.wav;public/audio/ru/male/number-22-normal.mp3
number-23;female;normal;двадцать три;"Ровно; не считать цепочкой в одном файле.";materials/audio/incoming/ru/female/number-23-normal.wav;public/audio/ru/female/number-23-normal.mp3
number-23;male;normal;двадцать три;"Ровно; не считать цепочкой в одном файле.";materials/audio/incoming/ru/male/number-23-normal.wav;public/audio/ru/male/number-23-normal.mp3
number-24;female;normal;двадцать четыре;"Ровно; не считать цепочкой в одном файле.";materials/audio/incoming/ru/female/number-24-normal.wav;public/audio/ru/female/number-24-normal.mp3
number-24;male;normal;двадцать четыре;"Ровно; не считать цепочкой в одном файле.";materials/audio/incoming/ru/male/number-24-normal.wav;public/audio/ru/male/number-24-normal.mp3
number-25;female;normal;двадцать пять;"Ровно; не считать цепочкой в одном файле.";materials/audio/incoming/ru/female/number-25-normal.wav;public/audio/ru/female/number-25-normal.mp3
number-25;male;normal;двадцать пять;"Ровно; не считать цепочкой в одном файле.";materials/audio/incoming/ru/male/number-25-normal.wav;public/audio/ru/male/number-25-normal.mp3
number-26;female;normal;двадцать шесть;"Ровно; не считать цепочкой в одном файле.";materials/audio/incoming/ru/female/number-26-normal.wav;public/audio/ru/female/number-26-normal.mp3
number-26;male;normal;двадцать шесть;"Ровно; не считать цепочкой в одном файле.";materials/audio/incoming/ru/male/number-26-normal.wav;public/audio/ru/male/number-26-normal.mp3
number-27;female;normal;двадцать семь;"Ровно; не считать цепочкой в одном файле.";materials/audio/incoming/ru/female/number-27-normal.wav;public/audio/ru/female/number-27-normal.mp3
number-27;male;normal;двадцать семь;"Ровно; не считать цепочкой в одном файле.";materials/audio/incoming/ru/male/number-27-normal.wav;public/audio/ru/male/number-27-normal.mp3
number-28;female;normal;двадцать восемь;"Ровно; не считать цепочкой в одном файле.";materials/audio/incoming/ru/female/number-28-normal.wav;public/audio/ru/female/number-28-normal.mp3
number-28;male;normal;двадцать восемь;"Ровно; не считать цепочкой в одном файле.";materials/audio/incoming/ru/male/number-28-normal.wav;public/audio/ru/male/number-28-normal.mp3
number-29;female;normal;двадцать девять;"Ровно; не считать цепочкой в одном файле.";materials/audio/incoming/ru/female/number-29-normal.wav;public/audio/ru/female/number-29-normal.mp3
number-29;male;normal;двадцать девять;"Ровно; не считать цепочкой в одном файле.";materials/audio/incoming/ru/male/number-29-normal.wav;public/audio/ru/male/number-29-normal.mp3
number-30;female;normal;тридцать;"Ровно; не считать цепочкой в одном файле.";materials/audio/incoming/ru/female/number-30-normal.wav;public/audio/ru/female/number-30-normal.mp3
number-30;male;normal;тридцать;"Ровно; не считать цепочкой в одном файле.";materials/audio/incoming/ru/male/number-30-normal.wav;public/audio/ru/male/number-30-normal.mp3
picture-detail-001;female;normal;ДОМИК;Нейтрально, без подсказочной интонации.;materials/audio/incoming/ru/female/picture-detail-001-normal.wav;public/audio/ru/female/picture-detail-001-normal.mp3
picture-detail-001;male;normal;ДОМИК;Нейтрально, без подсказочной интонации.;materials/audio/incoming/ru/male/picture-detail-001-normal.wav;public/audio/ru/male/picture-detail-001-normal.mp3
picture-detail-002;female;normal;ИЗБА;Нейтрально, без подсказочной интонации.;materials/audio/incoming/ru/female/picture-detail-002-normal.wav;public/audio/ru/female/picture-detail-002-normal.mp3
picture-detail-002;male;normal;ИЗБА;Нейтрально, без подсказочной интонации.;materials/audio/incoming/ru/male/picture-detail-002-normal.wav;public/audio/ru/male/picture-detail-002-normal.mp3
picture-detail-003;female;normal;ИЗБУШКА;Нейтрально, без подсказочной интонации.;materials/audio/incoming/ru/female/picture-detail-003-normal.wav;public/audio/ru/female/picture-detail-003-normal.mp3
picture-detail-003;male;normal;ИЗБУШКА;Нейтрально, без подсказочной интонации.;materials/audio/incoming/ru/male/picture-detail-003-normal.wav;public/audio/ru/male/picture-detail-003-normal.mp3
picture-detail-004;female;normal;ЖИЛИЩЕ;Нейтрально, без подсказочной интонации.;materials/audio/incoming/ru/female/picture-detail-004-normal.wav;public/audio/ru/female/picture-detail-004-normal.mp3
picture-detail-004;male;normal;ЖИЛИЩЕ;Нейтрально, без подсказочной интонации.;materials/audio/incoming/ru/male/picture-detail-004-normal.wav;public/audio/ru/male/picture-detail-004-normal.mp3
picture-detail-005;female;normal;КОТИК;Нейтрально, без подсказочной интонации.;materials/audio/incoming/ru/female/picture-detail-005-normal.wav;public/audio/ru/female/picture-detail-005-normal.mp3
picture-detail-005;male;normal;КОТИК;Нейтрально, без подсказочной интонации.;materials/audio/incoming/ru/male/picture-detail-005-normal.wav;public/audio/ru/male/picture-detail-005-normal.mp3
picture-detail-006;female;normal;КОШЕЧКА;Нейтрально, без подсказочной интонации.;materials/audio/incoming/ru/female/picture-detail-006-normal.wav;public/audio/ru/female/picture-detail-006-normal.mp3
picture-detail-006;male;normal;КОШЕЧКА;Нейтрально, без подсказочной интонации.;materials/audio/incoming/ru/male/picture-detail-006-normal.wav;public/audio/ru/male/picture-detail-006-normal.mp3
picture-detail-007;female;normal;КОТЁНОК;Нейтрально, без подсказочной интонации.;materials/audio/incoming/ru/female/picture-detail-007-normal.wav;public/audio/ru/female/picture-detail-007-normal.mp3
picture-detail-007;male;normal;КОТЁНОК;Нейтрально, без подсказочной интонации.;materials/audio/incoming/ru/male/picture-detail-007-normal.wav;public/audio/ru/male/picture-detail-007-normal.mp3
picture-detail-008;female;normal;МЕСЯЦ;Нейтрально, без подсказочной интонации.;materials/audio/incoming/ru/female/picture-detail-008-normal.wav;public/audio/ru/female/picture-detail-008-normal.mp3
picture-detail-008;male;normal;МЕСЯЦ;Нейтрально, без подсказочной интонации.;materials/audio/incoming/ru/male/picture-detail-008-normal.wav;public/audio/ru/male/picture-detail-008-normal.mp3
picture-detail-009;female;normal;РЫБКА;Нейтрально, без подсказочной интонации.;materials/audio/incoming/ru/female/picture-detail-009-normal.wav;public/audio/ru/female/picture-detail-009-normal.mp3
picture-detail-009;male;normal;РЫБКА;Нейтрально, без подсказочной интонации.;materials/audio/incoming/ru/male/picture-detail-009-normal.wav;public/audio/ru/male/picture-detail-009-normal.mp3
picture-detail-010;female;normal;РЫБИНА;Нейтрально, без подсказочной интонации.;materials/audio/incoming/ru/female/picture-detail-010-normal.wav;public/audio/ru/female/picture-detail-010-normal.mp3
picture-detail-010;male;normal;РЫБИНА;Нейтрально, без подсказочной интонации.;materials/audio/incoming/ru/male/picture-detail-010-normal.wav;public/audio/ru/male/picture-detail-010-normal.mp3
picture-detail-011;female;normal;СЫРОК;Нейтрально, без подсказочной интонации.;materials/audio/incoming/ru/female/picture-detail-011-normal.wav;public/audio/ru/female/picture-detail-011-normal.mp3
picture-detail-011;male;normal;СЫРОК;Нейтрально, без подсказочной интонации.;materials/audio/incoming/ru/male/picture-detail-011-normal.wav;public/audio/ru/male/picture-detail-011-normal.mp3
picture-detail-012;female;normal;КУСОК СЫРА;Нейтрально, без подсказочной интонации.;materials/audio/incoming/ru/female/picture-detail-012-normal.wav;public/audio/ru/female/picture-detail-012-normal.mp3
picture-detail-012;male;normal;КУСОК СЫРА;Нейтрально, без подсказочной интонации.;materials/audio/incoming/ru/male/picture-detail-012-normal.wav;public/audio/ru/male/picture-detail-012-normal.mp3
picture-detail-013;female;normal;ЛИСИЧКА;Нейтрально, без подсказочной интонации.;materials/audio/incoming/ru/female/picture-detail-013-normal.wav;public/audio/ru/female/picture-detail-013-normal.mp3
picture-detail-013;male;normal;ЛИСИЧКА;Нейтрально, без подсказочной интонации.;materials/audio/incoming/ru/male/picture-detail-013-normal.wav;public/audio/ru/male/picture-detail-013-normal.mp3
picture-detail-014;female;normal;ЛИС;Нейтрально, без подсказочной интонации.;materials/audio/incoming/ru/female/picture-detail-014-normal.wav;public/audio/ru/female/picture-detail-014-normal.mp3
picture-detail-014;male;normal;ЛИС;Нейтрально, без подсказочной интонации.;materials/audio/incoming/ru/male/picture-detail-014-normal.wav;public/audio/ru/male/picture-detail-014-normal.mp3
picture-detail-015;female;normal;ЛИСЁНОК;Нейтрально, без подсказочной интонации.;materials/audio/incoming/ru/female/picture-detail-015-normal.wav;public/audio/ru/female/picture-detail-015-normal.mp3
picture-detail-015;male;normal;ЛИСЁНОК;Нейтрально, без подсказочной интонации.;materials/audio/incoming/ru/male/picture-detail-015-normal.wav;public/audio/ru/male/picture-detail-015-normal.mp3
picture-detail-016;female;normal;ЛИМОНЧИК;Нейтрально, без подсказочной интонации.;materials/audio/incoming/ru/female/picture-detail-016-normal.wav;public/audio/ru/female/picture-detail-016-normal.mp3
picture-detail-016;male;normal;ЛИМОНЧИК;Нейтрально, без подсказочной интонации.;materials/audio/incoming/ru/male/picture-detail-016-normal.wav;public/audio/ru/male/picture-detail-016-normal.mp3
picture-detail-017;female;normal;БАНАНЧИК;Нейтрально, без подсказочной интонации.;materials/audio/incoming/ru/female/picture-detail-017-normal.wav;public/audio/ru/female/picture-detail-017-normal.mp3
picture-detail-017;male;normal;БАНАНЧИК;Нейтрально, без подсказочной интонации.;materials/audio/incoming/ru/male/picture-detail-017-normal.wav;public/audio/ru/male/picture-detail-017-normal.mp3
picture-detail-018;female;normal;ЯБЛОЧКО;Нейтрально, без подсказочной интонации.;materials/audio/incoming/ru/female/picture-detail-018-normal.wav;public/audio/ru/female/picture-detail-018-normal.mp3
picture-detail-018;male;normal;ЯБЛОЧКО;Нейтрально, без подсказочной интонации.;materials/audio/incoming/ru/male/picture-detail-018-normal.wav;public/audio/ru/male/picture-detail-018-normal.mp3
picture-detail-019;female;normal;МАШИНКА;Нейтрально, без подсказочной интонации.;materials/audio/incoming/ru/female/picture-detail-019-normal.wav;public/audio/ru/female/picture-detail-019-normal.mp3
picture-detail-019;male;normal;МАШИНКА;Нейтрально, без подсказочной интонации.;materials/audio/incoming/ru/male/picture-detail-019-normal.wav;public/audio/ru/male/picture-detail-019-normal.mp3
picture-detail-020;female;normal;АВТОМОБИЛЬ;Нейтрально, без подсказочной интонации.;materials/audio/incoming/ru/female/picture-detail-020-normal.wav;public/audio/ru/female/picture-detail-020-normal.mp3
picture-detail-020;male;normal;АВТОМОБИЛЬ;Нейтрально, без подсказочной интонации.;materials/audio/incoming/ru/male/picture-detail-020-normal.wav;public/audio/ru/male/picture-detail-020-normal.mp3
picture-detail-021;female;normal;АВТО;Нейтрально, без подсказочной интонации.;materials/audio/incoming/ru/female/picture-detail-021-normal.wav;public/audio/ru/female/picture-detail-021-normal.mp3
picture-detail-021;male;normal;АВТО;Нейтрально, без подсказочной интонации.;materials/audio/incoming/ru/male/picture-detail-021-normal.wav;public/audio/ru/male/picture-detail-021-normal.mp3
picture-detail-022;female;normal;ЛЕГКОВУШКА;Нейтрально, без подсказочной интонации.;materials/audio/incoming/ru/female/picture-detail-022-normal.wav;public/audio/ru/female/picture-detail-022-normal.mp3
picture-detail-022;male;normal;ЛЕГКОВУШКА;Нейтрально, без подсказочной интонации.;materials/audio/incoming/ru/male/picture-detail-022-normal.wav;public/audio/ru/male/picture-detail-022-normal.mp3
picture-detail-023;female;normal;ДЕРЕВЦЕ;Нейтрально, без подсказочной интонации.;materials/audio/incoming/ru/female/picture-detail-023-normal.wav;public/audio/ru/female/picture-detail-023-normal.mp3
picture-detail-023;male;normal;ДЕРЕВЦЕ;Нейтрально, без подсказочной интонации.;materials/audio/incoming/ru/male/picture-detail-023-normal.wav;public/audio/ru/male/picture-detail-023-normal.mp3
picture-detail-024;female;normal;СОБАЧКА;Нейтрально, без подсказочной интонации.;materials/audio/incoming/ru/female/picture-detail-024-normal.wav;public/audio/ru/female/picture-detail-024-normal.mp3
picture-detail-024;male;normal;СОБАЧКА;Нейтрально, без подсказочной интонации.;materials/audio/incoming/ru/male/picture-detail-024-normal.wav;public/audio/ru/male/picture-detail-024-normal.mp3
picture-detail-025;female;normal;ПЁС;Нейтрально, без подсказочной интонации.;materials/audio/incoming/ru/female/picture-detail-025-normal.wav;public/audio/ru/female/picture-detail-025-normal.mp3
picture-detail-025;male;normal;ПЁС;Нейтрально, без подсказочной интонации.;materials/audio/incoming/ru/male/picture-detail-025-normal.wav;public/audio/ru/male/picture-detail-025-normal.mp3
picture-detail-026;female;normal;ПЁСИК;Нейтрально, без подсказочной интонации.;materials/audio/incoming/ru/female/picture-detail-026-normal.wav;public/audio/ru/female/picture-detail-026-normal.mp3
picture-detail-026;male;normal;ПЁСИК;Нейтрально, без подсказочной интонации.;materials/audio/incoming/ru/male/picture-detail-026-normal.wav;public/audio/ru/male/picture-detail-026-normal.mp3
picture-detail-027;female;normal;ЩЕНОК;Нейтрально, без подсказочной интонации.;materials/audio/incoming/ru/female/picture-detail-027-normal.wav;public/audio/ru/female/picture-detail-027-normal.mp3
picture-detail-027;male;normal;ЩЕНОК;Нейтрально, без подсказочной интонации.;materials/audio/incoming/ru/male/picture-detail-027-normal.wav;public/audio/ru/male/picture-detail-027-normal.mp3
picture-detail-028;female;normal;КОЖУРА;Нейтрально, без подсказочной интонации.;materials/audio/incoming/ru/female/picture-detail-028-normal.wav;public/audio/ru/female/picture-detail-028-normal.mp3
picture-detail-028;male;normal;КОЖУРА;Нейтрально, без подсказочной интонации.;materials/audio/incoming/ru/male/picture-detail-028-normal.wav;public/audio/ru/male/picture-detail-028-normal.mp3
picture-detail-029;female;normal;ШКУРКА;Нейтрально, без подсказочной интонации.;materials/audio/incoming/ru/female/picture-detail-029-normal.wav;public/audio/ru/female/picture-detail-029-normal.mp3
picture-detail-029;male;normal;ШКУРКА;Нейтрально, без подсказочной интонации.;materials/audio/incoming/ru/male/picture-detail-029-normal.wav;public/audio/ru/male/picture-detail-029-normal.mp3
picture-detail-030;female;normal;КОЖИЦА;Нейтрально, без подсказочной интонации.;materials/audio/incoming/ru/female/picture-detail-030-normal.wav;public/audio/ru/female/picture-detail-030-normal.mp3
picture-detail-030;male;normal;КОЖИЦА;Нейтрально, без подсказочной интонации.;materials/audio/incoming/ru/male/picture-detail-030-normal.wav;public/audio/ru/male/picture-detail-030-normal.mp3
picture-detail-031;female;normal;БАНАНОВАЯ КОЖУРА;Нейтрально, без подсказочной интонации.;materials/audio/incoming/ru/female/picture-detail-031-normal.wav;public/audio/ru/female/picture-detail-031-normal.mp3
picture-detail-031;male;normal;БАНАНОВАЯ КОЖУРА;Нейтрально, без подсказочной интонации.;materials/audio/incoming/ru/male/picture-detail-031-normal.wav;public/audio/ru/male/picture-detail-031-normal.mp3
picture-detail-032;female;normal;МЯКОТЬ;Нейтрально, без подсказочной интонации.;materials/audio/incoming/ru/female/picture-detail-032-normal.wav;public/audio/ru/female/picture-detail-032-normal.mp3
picture-detail-032;male;normal;МЯКОТЬ;Нейтрально, без подсказочной интонации.;materials/audio/incoming/ru/male/picture-detail-032-normal.wav;public/audio/ru/male/picture-detail-032-normal.mp3
picture-detail-033;female;normal;ЛИСТИК;Нейтрально, без подсказочной интонации.;materials/audio/incoming/ru/female/picture-detail-033-normal.wav;public/audio/ru/female/picture-detail-033-normal.mp3
picture-detail-033;male;normal;ЛИСТИК;Нейтрально, без подсказочной интонации.;materials/audio/incoming/ru/male/picture-detail-033-normal.wav;public/audio/ru/male/picture-detail-033-normal.mp3
picture-detail-034;female;normal;ХВОСТИК;Нейтрально, без подсказочной интонации.;materials/audio/incoming/ru/female/picture-detail-034-normal.wav;public/audio/ru/female/picture-detail-034-normal.mp3
picture-detail-034;male;normal;ХВОСТИК;Нейтрально, без подсказочной интонации.;materials/audio/incoming/ru/male/picture-detail-034-normal.wav;public/audio/ru/male/picture-detail-034-normal.mp3
picture-detail-035;female;normal;ЧЕРЕНОК;Нейтрально, без подсказочной интонации.;materials/audio/incoming/ru/female/picture-detail-035-normal.wav;public/audio/ru/female/picture-detail-035-normal.mp3
picture-detail-035;male;normal;ЧЕРЕНОК;Нейтрально, без подсказочной интонации.;materials/audio/incoming/ru/male/picture-detail-035-normal.wav;public/audio/ru/male/picture-detail-035-normal.mp3
picture-detail-036;female;normal;КРЫША;Нейтрально, без подсказочной интонации.;materials/audio/incoming/ru/female/picture-detail-036-normal.wav;public/audio/ru/female/picture-detail-036-normal.mp3
picture-detail-036;male;normal;КРЫША;Нейтрально, без подсказочной интонации.;materials/audio/incoming/ru/male/picture-detail-036-normal.wav;public/audio/ru/male/picture-detail-036-normal.mp3
picture-detail-037;female;normal;ОКНО;Нейтрально, без подсказочной интонации.;materials/audio/incoming/ru/female/picture-detail-037-normal.wav;public/audio/ru/female/picture-detail-037-normal.mp3
picture-detail-037;male;normal;ОКНО;Нейтрально, без подсказочной интонации.;materials/audio/incoming/ru/male/picture-detail-037-normal.wav;public/audio/ru/male/picture-detail-037-normal.mp3
picture-detail-038;female;normal;ОКНА;Нейтрально, без подсказочной интонации.;materials/audio/incoming/ru/female/picture-detail-038-normal.wav;public/audio/ru/female/picture-detail-038-normal.mp3
picture-detail-038;male;normal;ОКНА;Нейтрально, без подсказочной интонации.;materials/audio/incoming/ru/male/picture-detail-038-normal.wav;public/audio/ru/male/picture-detail-038-normal.mp3
picture-detail-039;female;normal;ДВЕРЬ;Нейтрально, без подсказочной интонации.;materials/audio/incoming/ru/female/picture-detail-039-normal.wav;public/audio/ru/female/picture-detail-039-normal.mp3
picture-detail-039;male;normal;ДВЕРЬ;Нейтрально, без подсказочной интонации.;materials/audio/incoming/ru/male/picture-detail-039-normal.wav;public/audio/ru/male/picture-detail-039-normal.mp3
picture-detail-040;female;normal;СТЕНА;Нейтрально, без подсказочной интонации.;materials/audio/incoming/ru/female/picture-detail-040-normal.wav;public/audio/ru/female/picture-detail-040-normal.mp3
picture-detail-040;male;normal;СТЕНА;Нейтрально, без подсказочной интонации.;materials/audio/incoming/ru/male/picture-detail-040-normal.wav;public/audio/ru/male/picture-detail-040-normal.mp3
picture-detail-041;female;normal;СТЕНЫ;Нейтрально, без подсказочной интонации.;materials/audio/incoming/ru/female/picture-detail-041-normal.wav;public/audio/ru/female/picture-detail-041-normal.mp3
picture-detail-041;male;normal;СТЕНЫ;Нейтрально, без подсказочной интонации.;materials/audio/incoming/ru/male/picture-detail-041-normal.wav;public/audio/ru/male/picture-detail-041-normal.mp3
picture-detail-042;female;normal;ТРУБА;Нейтрально, без подсказочной интонации.;materials/audio/incoming/ru/female/picture-detail-042-normal.wav;public/audio/ru/female/picture-detail-042-normal.mp3
picture-detail-042;male;normal;ТРУБА;Нейтрально, без подсказочной интонации.;materials/audio/incoming/ru/male/picture-detail-042-normal.wav;public/audio/ru/male/picture-detail-042-normal.mp3
picture-detail-043;female;normal;СТВОЛ;Нейтрально, без подсказочной интонации.;materials/audio/incoming/ru/female/picture-detail-043-normal.wav;public/audio/ru/female/picture-detail-043-normal.mp3
picture-detail-043;male;normal;СТВОЛ;Нейтрально, без подсказочной интонации.;materials/audio/incoming/ru/male/picture-detail-043-normal.wav;public/audio/ru/male/picture-detail-043-normal.mp3
picture-detail-044;female;normal;ВЕТКА;Нейтрально, без подсказочной интонации.;materials/audio/incoming/ru/female/picture-detail-044-normal.wav;public/audio/ru/female/picture-detail-044-normal.mp3
picture-detail-044;male;normal;ВЕТКА;Нейтрально, без подсказочной интонации.;materials/audio/incoming/ru/male/picture-detail-044-normal.wav;public/audio/ru/male/picture-detail-044-normal.mp3
picture-detail-045;female;normal;ВЕТКИ;Нейтрально, без подсказочной интонации.;materials/audio/incoming/ru/female/picture-detail-045-normal.wav;public/audio/ru/female/picture-detail-045-normal.mp3
picture-detail-045;male;normal;ВЕТКИ;Нейтрально, без подсказочной интонации.;materials/audio/incoming/ru/male/picture-detail-045-normal.wav;public/audio/ru/male/picture-detail-045-normal.mp3
picture-detail-046;female;normal;ВЕТВИ;Нейтрально, без подсказочной интонации.;materials/audio/incoming/ru/female/picture-detail-046-normal.wav;public/audio/ru/female/picture-detail-046-normal.mp3
picture-detail-046;male;normal;ВЕТВИ;Нейтрально, без подсказочной интонации.;materials/audio/incoming/ru/male/picture-detail-046-normal.wav;public/audio/ru/male/picture-detail-046-normal.mp3
picture-detail-047;female;normal;ЛИСТЬЯ;Нейтрально, без подсказочной интонации.;materials/audio/incoming/ru/female/picture-detail-047-normal.wav;public/audio/ru/female/picture-detail-047-normal.mp3
picture-detail-047;male;normal;ЛИСТЬЯ;Нейтрально, без подсказочной интонации.;materials/audio/incoming/ru/male/picture-detail-047-normal.wav;public/audio/ru/male/picture-detail-047-normal.mp3
picture-detail-048;female;normal;КРОНА;Нейтрально, без подсказочной интонации.;materials/audio/incoming/ru/female/picture-detail-048-normal.wav;public/audio/ru/female/picture-detail-048-normal.mp3
picture-detail-048;male;normal;КРОНА;Нейтрально, без подсказочной интонации.;materials/audio/incoming/ru/male/picture-detail-048-normal.wav;public/audio/ru/male/picture-detail-048-normal.mp3
picture-detail-049;female;normal;КОЛЕСО;Нейтрально, без подсказочной интонации.;materials/audio/incoming/ru/female/picture-detail-049-normal.wav;public/audio/ru/female/picture-detail-049-normal.mp3
picture-detail-049;male;normal;КОЛЕСО;Нейтрально, без подсказочной интонации.;materials/audio/incoming/ru/male/picture-detail-049-normal.wav;public/audio/ru/male/picture-detail-049-normal.mp3
picture-detail-050;female;normal;КОЛЁСА;Нейтрально, без подсказочной интонации.;materials/audio/incoming/ru/female/picture-detail-050-normal.wav;public/audio/ru/female/picture-detail-050-normal.mp3
picture-detail-050;male;normal;КОЛЁСА;Нейтрально, без подсказочной интонации.;materials/audio/incoming/ru/male/picture-detail-050-normal.wav;public/audio/ru/male/picture-detail-050-normal.mp3
picture-detail-051;female;normal;ШИНА;Нейтрально, без подсказочной интонации.;materials/audio/incoming/ru/female/picture-detail-051-normal.wav;public/audio/ru/female/picture-detail-051-normal.mp3
picture-detail-051;male;normal;ШИНА;Нейтрально, без подсказочной интонации.;materials/audio/incoming/ru/male/picture-detail-051-normal.wav;public/audio/ru/male/picture-detail-051-normal.mp3
picture-detail-052;female;normal;ШИНЫ;Нейтрально, без подсказочной интонации.;materials/audio/incoming/ru/female/picture-detail-052-normal.wav;public/audio/ru/female/picture-detail-052-normal.mp3
picture-detail-052;male;normal;ШИНЫ;Нейтрально, без подсказочной интонации.;materials/audio/incoming/ru/male/picture-detail-052-normal.wav;public/audio/ru/male/picture-detail-052-normal.mp3
picture-detail-053;female;normal;ФАРА;Нейтрально, без подсказочной интонации.;materials/audio/incoming/ru/female/picture-detail-053-normal.wav;public/audio/ru/female/picture-detail-053-normal.mp3
picture-detail-053;male;normal;ФАРА;Нейтрально, без подсказочной интонации.;materials/audio/incoming/ru/male/picture-detail-053-normal.wav;public/audio/ru/male/picture-detail-053-normal.mp3
picture-detail-054;female;normal;ФАРЫ;Нейтрально, без подсказочной интонации.;materials/audio/incoming/ru/female/picture-detail-054-normal.wav;public/audio/ru/female/picture-detail-054-normal.mp3
picture-detail-054;male;normal;ФАРЫ;Нейтрально, без подсказочной интонации.;materials/audio/incoming/ru/male/picture-detail-054-normal.wav;public/audio/ru/male/picture-detail-054-normal.mp3
picture-detail-055;female;normal;ХВОСТ;Нейтрально, без подсказочной интонации.;materials/audio/incoming/ru/female/picture-detail-055-normal.wav;public/audio/ru/female/picture-detail-055-normal.mp3
picture-detail-055;male;normal;ХВОСТ;Нейтрально, без подсказочной интонации.;materials/audio/incoming/ru/male/picture-detail-055-normal.wav;public/audio/ru/male/picture-detail-055-normal.mp3
picture-detail-056;female;normal;ЛАПЫ;Нейтрально, без подсказочной интонации.;materials/audio/incoming/ru/female/picture-detail-056-normal.wav;public/audio/ru/female/picture-detail-056-normal.mp3
picture-detail-056;male;normal;ЛАПЫ;Нейтрально, без подсказочной интонации.;materials/audio/incoming/ru/male/picture-detail-056-normal.wav;public/audio/ru/male/picture-detail-056-normal.mp3
picture-detail-057;female;normal;УШИ;Нейтрально, без подсказочной интонации.;materials/audio/incoming/ru/female/picture-detail-057-normal.wav;public/audio/ru/female/picture-detail-057-normal.mp3
picture-detail-057;male;normal;УШИ;Нейтрально, без подсказочной интонации.;materials/audio/incoming/ru/male/picture-detail-057-normal.wav;public/audio/ru/male/picture-detail-057-normal.mp3
picture-detail-058;female;normal;ГЛАЗ;Нейтрально, без подсказочной интонации.;materials/audio/incoming/ru/female/picture-detail-058-normal.wav;public/audio/ru/female/picture-detail-058-normal.mp3
picture-detail-058;male;normal;ГЛАЗ;Нейтрально, без подсказочной интонации.;materials/audio/incoming/ru/male/picture-detail-058-normal.wav;public/audio/ru/male/picture-detail-058-normal.mp3
picture-detail-059;female;normal;ГЛАЗА;Нейтрально, без подсказочной интонации.;materials/audio/incoming/ru/female/picture-detail-059-normal.wav;public/audio/ru/female/picture-detail-059-normal.mp3
picture-detail-059;male;normal;ГЛАЗА;Нейтрально, без подсказочной интонации.;materials/audio/incoming/ru/male/picture-detail-059-normal.wav;public/audio/ru/male/picture-detail-059-normal.mp3
picture-detail-060;female;normal;ШЕРСТЬ;Нейтрально, без подсказочной интонации.;materials/audio/incoming/ru/female/picture-detail-060-normal.wav;public/audio/ru/female/picture-detail-060-normal.mp3
picture-detail-060;male;normal;ШЕРСТЬ;Нейтрально, без подсказочной интонации.;materials/audio/incoming/ru/male/picture-detail-060-normal.wav;public/audio/ru/male/picture-detail-060-normal.mp3
picture-detail-061;female;normal;ПЛАВНИК;Нейтрально, без подсказочной интонации.;materials/audio/incoming/ru/female/picture-detail-061-normal.wav;public/audio/ru/female/picture-detail-061-normal.mp3
picture-detail-061;male;normal;ПЛАВНИК;Нейтрально, без подсказочной интонации.;materials/audio/incoming/ru/male/picture-detail-061-normal.wav;public/audio/ru/male/picture-detail-061-normal.mp3
picture-detail-062;female;normal;ПЛАВНИКИ;Нейтрально, без подсказочной интонации.;materials/audio/incoming/ru/female/picture-detail-062-normal.wav;public/audio/ru/female/picture-detail-062-normal.mp3
picture-detail-062;male;normal;ПЛАВНИКИ;Нейтрально, без подсказочной интонации.;materials/audio/incoming/ru/male/picture-detail-062-normal.wav;public/audio/ru/male/picture-detail-062-normal.mp3
picture-detail-063;female;normal;ЧЕШУЯ;Нейтрально, без подсказочной интонации.;materials/audio/incoming/ru/female/picture-detail-063-normal.wav;public/audio/ru/female/picture-detail-063-normal.mp3
picture-detail-063;male;normal;ЧЕШУЯ;Нейтрально, без подсказочной интонации.;materials/audio/incoming/ru/male/picture-detail-063-normal.wav;public/audio/ru/male/picture-detail-063-normal.mp3
picture-detail-064;female;normal;ДЫРКА;Нейтрально, без подсказочной интонации.;materials/audio/incoming/ru/female/picture-detail-064-normal.wav;public/audio/ru/female/picture-detail-064-normal.mp3
picture-detail-064;male;normal;ДЫРКА;Нейтрально, без подсказочной интонации.;materials/audio/incoming/ru/male/picture-detail-064-normal.wav;public/audio/ru/male/picture-detail-064-normal.mp3
picture-detail-065;female;normal;ДЫРОЧКА;Нейтрально, без подсказочной интонации.;materials/audio/incoming/ru/female/picture-detail-065-normal.wav;public/audio/ru/female/picture-detail-065-normal.mp3
picture-detail-065;male;normal;ДЫРОЧКА;Нейтрально, без подсказочной интонации.;materials/audio/incoming/ru/male/picture-detail-065-normal.wav;public/audio/ru/male/picture-detail-065-normal.mp3
picture-detail-066;female;normal;ДЫРКИ;Нейтрально, без подсказочной интонации.;materials/audio/incoming/ru/female/picture-detail-066-normal.wav;public/audio/ru/female/picture-detail-066-normal.mp3
picture-detail-066;male;normal;ДЫРКИ;Нейтрально, без подсказочной интонации.;materials/audio/incoming/ru/male/picture-detail-066-normal.wav;public/audio/ru/male/picture-detail-066-normal.mp3
picture-detail-067;female;normal;ДЫРОЧКИ;Нейтрально, без подсказочной интонации.;materials/audio/incoming/ru/female/picture-detail-067-normal.wav;public/audio/ru/female/picture-detail-067-normal.mp3
picture-detail-067;male;normal;ДЫРОЧКИ;Нейтрально, без подсказочной интонации.;materials/audio/incoming/ru/male/picture-detail-067-normal.wav;public/audio/ru/male/picture-detail-067-normal.mp3
picture-detail-068;female;normal;КОРОЧКА;Нейтрально, без подсказочной интонации.;materials/audio/incoming/ru/female/picture-detail-068-normal.wav;public/audio/ru/female/picture-detail-068-normal.mp3
picture-detail-068;male;normal;КОРОЧКА;Нейтрально, без подсказочной интонации.;materials/audio/incoming/ru/male/picture-detail-068-normal.wav;public/audio/ru/male/picture-detail-068-normal.mp3
picture-detail-069;female;normal;КРАТЕР;Нейтрально, без подсказочной интонации.;materials/audio/incoming/ru/female/picture-detail-069-normal.wav;public/audio/ru/female/picture-detail-069-normal.mp3
picture-detail-069;male;normal;КРАТЕР;Нейтрально, без подсказочной интонации.;materials/audio/incoming/ru/male/picture-detail-069-normal.wav;public/audio/ru/male/picture-detail-069-normal.mp3
picture-detail-070;female;normal;КРАТЕРЫ;Нейтрально, без подсказочной интонации.;materials/audio/incoming/ru/female/picture-detail-070-normal.wav;public/audio/ru/female/picture-detail-070-normal.mp3
picture-detail-070;male;normal;КРАТЕРЫ;Нейтрально, без подсказочной интонации.;materials/audio/incoming/ru/male/picture-detail-070-normal.wav;public/audio/ru/male/picture-detail-070-normal.mp3
picture-detail-071;female;normal;ПЯТНО;Нейтрально, без подсказочной интонации.;materials/audio/incoming/ru/female/picture-detail-071-normal.wav;public/audio/ru/female/picture-detail-071-normal.mp3
picture-detail-071;male;normal;ПЯТНО;Нейтрально, без подсказочной интонации.;materials/audio/incoming/ru/male/picture-detail-071-normal.wav;public/audio/ru/male/picture-detail-071-normal.mp3
picture-detail-072;female;normal;ПЯТНА;Нейтрально, без подсказочной интонации.;materials/audio/incoming/ru/female/picture-detail-072-normal.wav;public/audio/ru/female/picture-detail-072-normal.mp3
picture-detail-072;male;normal;ПЯТНА;Нейтрально, без подсказочной интонации.;materials/audio/incoming/ru/male/picture-detail-072-normal.wav;public/audio/ru/male/picture-detail-072-normal.mp3
picture-detail-073;female;normal;ГУБКА;Нейтрально, без подсказочной интонации.;materials/audio/incoming/ru/female/picture-detail-073-normal.wav;public/audio/ru/female/picture-detail-073-normal.mp3
picture-detail-073;male;normal;ГУБКА;Нейтрально, без подсказочной интонации.;materials/audio/incoming/ru/male/picture-detail-073-normal.wav;public/audio/ru/male/picture-detail-073-normal.mp3
picture-detail-074;female;normal;АПЕЛЬСИН;Нейтрально, без подсказочной интонации.;materials/audio/incoming/ru/female/picture-detail-074-normal.wav;public/audio/ru/female/picture-detail-074-normal.mp3
picture-detail-074;male;normal;АПЕЛЬСИН;Нейтрально, без подсказочной интонации.;materials/audio/incoming/ru/male/picture-detail-074-normal.wav;public/audio/ru/male/picture-detail-074-normal.mp3
picture-detail-075;female;normal;ВОЛК;Нейтрально, без подсказочной интонации.;materials/audio/incoming/ru/female/picture-detail-075-normal.wav;public/audio/ru/female/picture-detail-075-normal.mp3
picture-detail-075;male;normal;ВОЛК;Нейтрально, без подсказочной интонации.;materials/audio/incoming/ru/male/picture-detail-075-normal.wav;public/audio/ru/male/picture-detail-075-normal.mp3
picture-detail-076;female;normal;ТОМАТ;Нейтрально, без подсказочной интонации.;materials/audio/incoming/ru/female/picture-detail-076-normal.wav;public/audio/ru/female/picture-detail-076-normal.mp3
picture-detail-076;male;normal;ТОМАТ;Нейтрально, без подсказочной интонации.;materials/audio/incoming/ru/male/picture-detail-076-normal.wav;public/audio/ru/male/picture-detail-076-normal.mp3
picture-question-001;female;normal;А как называется весь фрукт?;Мягкий уточняющий вопрос.;materials/audio/incoming/ru/female/picture-question-001-normal.wav;public/audio/ru/female/picture-question-001-normal.mp3
picture-question-001;male;normal;А как называется весь фрукт?;Мягкий уточняющий вопрос.;materials/audio/incoming/ru/male/picture-question-001-normal.wav;public/audio/ru/male/picture-question-001-normal.mp3
picture-question-002;female;normal;А как называется всё здание?;Мягкий уточняющий вопрос.;materials/audio/incoming/ru/female/picture-question-002-normal.wav;public/audio/ru/female/picture-question-002-normal.mp3
picture-question-002;male;normal;А как называется всё здание?;Мягкий уточняющий вопрос.;materials/audio/incoming/ru/male/picture-question-002-normal.wav;public/audio/ru/male/picture-question-002-normal.mp3
picture-question-003;female;normal;А как называется всё растение?;Мягкий уточняющий вопрос.;materials/audio/incoming/ru/female/picture-question-003-normal.wav;public/audio/ru/female/picture-question-003-normal.mp3
picture-question-003;male;normal;А как называется всё растение?;Мягкий уточняющий вопрос.;materials/audio/incoming/ru/male/picture-question-003-normal.wav;public/audio/ru/male/picture-question-003-normal.mp3
picture-question-004;female;normal;А как называется то, на чём едут люди?;Мягкий уточняющий вопрос.;materials/audio/incoming/ru/female/picture-question-004-normal.wav;public/audio/ru/female/picture-question-004-normal.mp3
picture-question-004;male;normal;А как называется то, на чём едут люди?;Мягкий уточняющий вопрос.;materials/audio/incoming/ru/male/picture-question-004-normal.wav;public/audio/ru/male/picture-question-004-normal.mp3
picture-question-005;female;normal;А кто это целиком? Он говорит «мяу».;Мягкий уточняющий вопрос.;materials/audio/incoming/ru/female/picture-question-005-normal.wav;public/audio/ru/female/picture-question-005-normal.mp3
picture-question-005;male;normal;А кто это целиком? Он говорит «мяу».;Мягкий уточняющий вопрос.;materials/audio/incoming/ru/male/picture-question-005-normal.wav;public/audio/ru/male/picture-question-005-normal.mp3
picture-question-006;female;normal;А кто это целиком? Он говорит «гав».;Мягкий уточняющий вопрос.;materials/audio/incoming/ru/female/picture-question-006-normal.wav;public/audio/ru/female/picture-question-006-normal.mp3
picture-question-006;male;normal;А кто это целиком? Он говорит «гав».;Мягкий уточняющий вопрос.;materials/audio/incoming/ru/male/picture-question-006-normal.wav;public/audio/ru/male/picture-question-006-normal.mp3
picture-question-007;female;normal;А как называется этот рыжий лесной зверь?;Мягкий уточняющий вопрос.;materials/audio/incoming/ru/female/picture-question-007-normal.wav;public/audio/ru/female/picture-question-007-normal.mp3
picture-question-007;male;normal;А как называется этот рыжий лесной зверь?;Мягкий уточняющий вопрос.;materials/audio/incoming/ru/male/picture-question-007-normal.wav;public/audio/ru/male/picture-question-007-normal.mp3
picture-question-008;female;normal;А как называется всё животное? Оно живёт в воде.;Мягкий уточняющий вопрос.;materials/audio/incoming/ru/female/picture-question-008-normal.wav;public/audio/ru/female/picture-question-008-normal.mp3
picture-question-008;male;normal;А как называется всё животное? Оно живёт в воде.;Мягкий уточняющий вопрос.;materials/audio/incoming/ru/male/picture-question-008-normal.wav;public/audio/ru/male/picture-question-008-normal.mp3
picture-question-009;female;normal;А как называется весь кусочек еды?;Мягкий уточняющий вопрос.;materials/audio/incoming/ru/female/picture-question-009-normal.wav;public/audio/ru/female/picture-question-009-normal.mp3
picture-question-009;male;normal;А как называется весь кусочек еды?;Мягкий уточняющий вопрос.;materials/audio/incoming/ru/male/picture-question-009-normal.wav;public/audio/ru/male/picture-question-009-normal.mp3
picture-question-010;female;normal;А как называется то, что светит в ночном небе?;Мягкий уточняющий вопрос.;materials/audio/incoming/ru/female/picture-question-010-normal.wav;public/audio/ru/female/picture-question-010-normal.mp3
picture-question-010;male;normal;А как называется то, что светит в ночном небе?;Мягкий уточняющий вопрос.;materials/audio/incoming/ru/male/picture-question-010-normal.wav;public/audio/ru/male/picture-question-010-normal.mp3
text-word-001;female;normal;дома;Форма из текста. Если ударение требует контекста, сверить с полной строкой выше.;materials/audio/incoming/ru/female/text-word-001-normal.wav;public/audio/ru/female/text-word-001-normal.mp3
text-word-001;male;normal;дома;Форма из текста. Если ударение требует контекста, сверить с полной строкой выше.;materials/audio/incoming/ru/male/text-word-001-normal.wav;public/audio/ru/male/text-word-001-normal.mp3
text-word-002;female;normal;Ах;Форма из текста. Если ударение требует контекста, сверить с полной строкой выше.;materials/audio/incoming/ru/female/text-word-002-normal.wav;public/audio/ru/female/text-word-002-normal.mp3
text-word-002;male;normal;Ах;Форма из текста. Если ударение требует контекста, сверить с полной строкой выше.;materials/audio/incoming/ru/male/text-word-002-normal.wav;public/audio/ru/male/text-word-002-normal.mp3
text-word-003;female;normal;У;Форма из текста. Если ударение требует контекста, сверить с полной строкой выше.;materials/audio/incoming/ru/female/text-word-003-normal.wav;public/audio/ru/female/text-word-003-normal.mp3
text-word-003;male;normal;У;Форма из текста. Если ударение требует контекста, сверить с полной строкой выше.;materials/audio/incoming/ru/male/text-word-003-normal.wav;public/audio/ru/male/text-word-003-normal.mp3
text-word-004;female;normal;мамы;Форма из текста. Если ударение требует контекста, сверить с полной строкой выше.;materials/audio/incoming/ru/female/text-word-004-normal.wav;public/audio/ru/female/text-word-004-normal.mp3
text-word-004;male;normal;мамы;Форма из текста. Если ударение требует контекста, сверить с полной строкой выше.;materials/audio/incoming/ru/male/text-word-004-normal.wav;public/audio/ru/male/text-word-004-normal.mp3
text-word-005;female;normal;сома;Форма из текста. Если ударение требует контекста, сверить с полной строкой выше.;materials/audio/incoming/ru/female/text-word-005-normal.wav;public/audio/ru/female/text-word-005-normal.mp3
text-word-005;male;normal;сома;Форма из текста. Если ударение требует контекста, сверить с полной строкой выше.;materials/audio/incoming/ru/male/text-word-005-normal.wav;public/audio/ru/male/text-word-005-normal.mp3
text-word-006;female;normal;мха;Форма из текста. Если ударение требует контекста, сверить с полной строкой выше.;materials/audio/incoming/ru/female/text-word-006-normal.wav;public/audio/ru/female/text-word-006-normal.mp3
text-word-006;male;normal;мха;Форма из текста. Если ударение требует контекста, сверить с полной строкой выше.;materials/audio/incoming/ru/male/text-word-006-normal.wav;public/audio/ru/male/text-word-006-normal.mp3
text-word-007;female;normal;сосны;Форма из текста. Если ударение требует контекста, сверить с полной строкой выше.;materials/audio/incoming/ru/female/text-word-007-normal.wav;public/audio/ru/female/text-word-007-normal.mp3
text-word-007;male;normal;сосны;Форма из текста. Если ударение требует контекста, сверить с полной строкой выше.;materials/audio/incoming/ru/male/text-word-007-normal.wav;public/audio/ru/male/text-word-007-normal.mp3
text-word-008;female;normal;мыла;Форма из текста. Если ударение требует контекста, сверить с полной строкой выше.;materials/audio/incoming/ru/female/text-word-008-normal.wav;public/audio/ru/female/text-word-008-normal.mp3
text-word-008;male;normal;мыла;Форма из текста. Если ударение требует контекста, сверить с полной строкой выше.;materials/audio/incoming/ru/male/text-word-008-normal.wav;public/audio/ru/male/text-word-008-normal.mp3
text-word-009;female;normal;Иры;Форма из текста. Если ударение требует контекста, сверить с полной строкой выше.;materials/audio/incoming/ru/female/text-word-009-normal.wav;public/audio/ru/female/text-word-009-normal.mp3
text-word-009;male;normal;Иры;Форма из текста. Если ударение требует контекста, сверить с полной строкой выше.;materials/audio/incoming/ru/male/text-word-009-normal.wav;public/audio/ru/male/text-word-009-normal.mp3
text-word-010;female;normal;кота;Форма из текста. Если ударение требует контекста, сверить с полной строкой выше.;materials/audio/incoming/ru/female/text-word-010-normal.wav;public/audio/ru/female/text-word-010-normal.mp3
text-word-010;male;normal;кота;Форма из текста. Если ударение требует контекста, сверить с полной строкой выше.;materials/audio/incoming/ru/male/text-word-010-normal.wav;public/audio/ru/male/text-word-010-normal.mp3
text-word-011;female;normal;Нины;Форма из текста. Если ударение требует контекста, сверить с полной строкой выше.;materials/audio/incoming/ru/female/text-word-011-normal.wav;public/audio/ru/female/text-word-011-normal.mp3
text-word-011;male;normal;Нины;Форма из текста. Если ударение требует контекста, сверить с полной строкой выше.;materials/audio/incoming/ru/male/text-word-011-normal.wav;public/audio/ru/male/text-word-011-normal.mp3
text-word-012;female;normal;идёт;Форма из текста. Если ударение требует контекста, сверить с полной строкой выше.;materials/audio/incoming/ru/female/text-word-012-normal.wav;public/audio/ru/female/text-word-012-normal.mp3
text-word-012;male;normal;идёт;Форма из текста. Если ударение требует контекста, сверить с полной строкой выше.;materials/audio/incoming/ru/male/text-word-012-normal.wav;public/audio/ru/male/text-word-012-normal.mp3
text-word-013;female;normal;в;Форма из текста. Если ударение требует контекста, сверить с полной строкой выше.;materials/audio/incoming/ru/female/text-word-013-normal.wav;public/audio/ru/female/text-word-013-normal.mp3
text-word-013;male;normal;в;Форма из текста. Если ударение требует контекста, сверить с полной строкой выше.;materials/audio/incoming/ru/male/text-word-013-normal.wav;public/audio/ru/male/text-word-013-normal.mp3
text-word-014;female;normal;Сони;Форма из текста. Если ударение требует контекста, сверить с полной строкой выше.;materials/audio/incoming/ru/female/text-word-014-normal.wav;public/audio/ru/female/text-word-014-normal.mp3
text-word-014;male;normal;Сони;Форма из текста. Если ударение требует контекста, сверить с полной строкой выше.;materials/audio/incoming/ru/male/text-word-014-normal.wav;public/audio/ru/male/text-word-014-normal.mp3
text-word-015;female;normal;Его;Форма из текста. Если ударение требует контекста, сверить с полной строкой выше.;materials/audio/incoming/ru/female/text-word-015-normal.wav;public/audio/ru/female/text-word-015-normal.mp3
text-word-015;male;normal;Его;Форма из текста. Если ударение требует контекста, сверить с полной строкой выше.;materials/audio/incoming/ru/male/text-word-015-normal.wav;public/audio/ru/male/text-word-015-normal.mp3
text-word-016;female;normal;зовут;Форма из текста. Если ударение требует контекста, сверить с полной строкой выше.;materials/audio/incoming/ru/female/text-word-016-normal.wav;public/audio/ru/female/text-word-016-normal.mp3
text-word-016;male;normal;зовут;Форма из текста. Если ударение требует контекста, сверить с полной строкой выше.;materials/audio/incoming/ru/male/text-word-016-normal.wav;public/audio/ru/male/text-word-016-normal.mp3
text-word-017;female;normal;Тим;Форма из текста. Если ударение требует контекста, сверить с полной строкой выше.;materials/audio/incoming/ru/female/text-word-017-normal.wav;public/audio/ru/female/text-word-017-normal.mp3
text-word-017;male;normal;Тим;Форма из текста. Если ударение требует контекста, сверить с полной строкой выше.;materials/audio/incoming/ru/male/text-word-017-normal.wav;public/audio/ru/male/text-word-017-normal.mp3
text-word-018;female;normal;лёг;Форма из текста. Если ударение требует контекста, сверить с полной строкой выше.;materials/audio/incoming/ru/female/text-word-018-normal.wav;public/audio/ru/female/text-word-018-normal.mp3
text-word-018;male;normal;лёг;Форма из текста. Если ударение требует контекста, сверить с полной строкой выше.;materials/audio/incoming/ru/male/text-word-018-normal.wav;public/audio/ru/male/text-word-018-normal.mp3
text-word-019;female;normal;на;Форма из текста. Если ударение требует контекста, сверить с полной строкой выше.;materials/audio/incoming/ru/female/text-word-019-normal.wav;public/audio/ru/female/text-word-019-normal.mp3
text-word-019;male;normal;на;Форма из текста. Если ударение требует контекста, сверить с полной строкой выше.;materials/audio/incoming/ru/male/text-word-019-normal.wav;public/audio/ru/male/text-word-019-normal.mp3
text-word-020;female;normal;коврик;Форма из текста. Если ударение требует контекста, сверить с полной строкой выше.;materials/audio/incoming/ru/female/text-word-020-normal.wav;public/audio/ru/female/text-word-020-normal.mp3
text-word-020;male;normal;коврик;Форма из текста. Если ударение требует контекста, сверить с полной строкой выше.;materials/audio/incoming/ru/male/text-word-020-normal.wav;public/audio/ru/male/text-word-020-normal.mp3
text-word-021;female;normal;Соня;Форма из текста. Если ударение требует контекста, сверить с полной строкой выше.;materials/audio/incoming/ru/female/text-word-021-normal.wav;public/audio/ru/female/text-word-021-normal.mp3
text-word-021;male;normal;Соня;Форма из текста. Если ударение требует контекста, сверить с полной строкой выше.;materials/audio/incoming/ru/male/text-word-021-normal.wav;public/audio/ru/male/text-word-021-normal.mp3
text-word-022;female;normal;села;Форма из текста. Если ударение требует контекста, сверить с полной строкой выше.;materials/audio/incoming/ru/female/text-word-022-normal.wav;public/audio/ru/female/text-word-022-normal.mp3
text-word-022;male;normal;села;Форма из текста. Если ударение требует контекста, сверить с полной строкой выше.;materials/audio/incoming/ru/male/text-word-022-normal.wav;public/audio/ru/male/text-word-022-normal.mp3
text-word-023;female;normal;рядом;Форма из текста. Если ударение требует контекста, сверить с полной строкой выше.;materials/audio/incoming/ru/female/text-word-023-normal.wav;public/audio/ru/female/text-word-023-normal.mp3
text-word-023;male;normal;рядом;Форма из текста. Если ударение требует контекста, сверить с полной строкой выше.;materials/audio/incoming/ru/male/text-word-023-normal.wav;public/audio/ru/male/text-word-023-normal.mp3
text-word-024;female;normal;уснул;Форма из текста. Если ударение требует контекста, сверить с полной строкой выше.;materials/audio/incoming/ru/female/text-word-024-normal.wav;public/audio/ru/female/text-word-024-normal.mp3
text-word-024;male;normal;уснул;Форма из текста. Если ударение требует контекста, сверить с полной строкой выше.;materials/audio/incoming/ru/male/text-word-024-normal.wav;public/audio/ru/male/text-word-024-normal.mp3
text-word-025;female;normal;Миша;Форма из текста. Если ударение требует контекста, сверить с полной строкой выше.;materials/audio/incoming/ru/female/text-word-025-normal.wav;public/audio/ru/female/text-word-025-normal.mp3
text-word-025;male;normal;Миша;Форма из текста. Если ударение требует контекста, сверить с полной строкой выше.;materials/audio/incoming/ru/male/text-word-025-normal.wav;public/audio/ru/male/text-word-025-normal.mp3
text-word-026;female;normal;сделал;Форма из текста. Если ударение требует контекста, сверить с полной строкой выше.;materials/audio/incoming/ru/female/text-word-026-normal.wav;public/audio/ru/female/text-word-026-normal.mp3
text-word-026;male;normal;сделал;Форма из текста. Если ударение требует контекста, сверить с полной строкой выше.;materials/audio/incoming/ru/male/text-word-026-normal.wav;public/audio/ru/male/text-word-026-normal.mp3
text-word-027;female;normal;лодку;Форма из текста. Если ударение требует контекста, сверить с полной строкой выше.;materials/audio/incoming/ru/female/text-word-027-normal.wav;public/audio/ru/female/text-word-027-normal.mp3
text-word-027;male;normal;лодку;Форма из текста. Если ударение требует контекста, сверить с полной строкой выше.;materials/audio/incoming/ru/male/text-word-027-normal.wav;public/audio/ru/male/text-word-027-normal.mp3
text-word-028;female;normal;из;Форма из текста. Если ударение требует контекста, сверить с полной строкой выше.;materials/audio/incoming/ru/female/text-word-028-normal.wav;public/audio/ru/female/text-word-028-normal.mp3
text-word-028;male;normal;из;Форма из текста. Если ударение требует контекста, сверить с полной строкой выше.;materials/audio/incoming/ru/male/text-word-028-normal.wav;public/audio/ru/male/text-word-028-normal.mp3
text-word-029;female;normal;бумаги;Форма из текста. Если ударение требует контекста, сверить с полной строкой выше.;materials/audio/incoming/ru/female/text-word-029-normal.wav;public/audio/ru/female/text-word-029-normal.mp3
text-word-029;male;normal;бумаги;Форма из текста. Если ударение требует контекста, сверить с полной строкой выше.;materials/audio/incoming/ru/male/text-word-029-normal.wav;public/audio/ru/male/text-word-029-normal.mp3
text-word-030;female;normal;Он;Форма из текста. Если ударение требует контекста, сверить с полной строкой выше.;materials/audio/incoming/ru/female/text-word-030-normal.wav;public/audio/ru/female/text-word-030-normal.mp3
text-word-030;male;normal;Он;Форма из текста. Если ударение требует контекста, сверить с полной строкой выше.;materials/audio/incoming/ru/male/text-word-030-normal.wav;public/audio/ru/male/text-word-030-normal.mp3
text-word-031;female;normal;пустил;Форма из текста. Если ударение требует контекста, сверить с полной строкой выше.;materials/audio/incoming/ru/female/text-word-031-normal.wav;public/audio/ru/female/text-word-031-normal.mp3
text-word-031;male;normal;пустил;Форма из текста. Если ударение требует контекста, сверить с полной строкой выше.;materials/audio/incoming/ru/male/text-word-031-normal.wav;public/audio/ru/male/text-word-031-normal.mp3
text-word-032;female;normal;её;Форма из текста. Если ударение требует контекста, сверить с полной строкой выше.;materials/audio/incoming/ru/female/text-word-032-normal.wav;public/audio/ru/female/text-word-032-normal.mp3
text-word-032;male;normal;её;Форма из текста. Если ударение требует контекста, сверить с полной строкой выше.;materials/audio/incoming/ru/male/text-word-032-normal.wav;public/audio/ru/male/text-word-032-normal.mp3
text-word-033;female;normal;таз;Форма из текста. Если ударение требует контекста, сверить с полной строкой выше.;materials/audio/incoming/ru/female/text-word-033-normal.wav;public/audio/ru/female/text-word-033-normal.mp3
text-word-033;male;normal;таз;Форма из текста. Если ударение требует контекста, сверить с полной строкой выше.;materials/audio/incoming/ru/male/text-word-033-normal.wav;public/audio/ru/male/text-word-033-normal.mp3
text-word-034;female;normal;с;Форма из текста. Если ударение требует контекста, сверить с полной строкой выше.;materials/audio/incoming/ru/female/text-word-034-normal.wav;public/audio/ru/female/text-word-034-normal.mp3
text-word-034;male;normal;с;Форма из текста. Если ударение требует контекста, сверить с полной строкой выше.;materials/audio/incoming/ru/male/text-word-034-normal.wav;public/audio/ru/male/text-word-034-normal.mp3
text-word-035;female;normal;водой;Форма из текста. Если ударение требует контекста, сверить с полной строкой выше.;materials/audio/incoming/ru/female/text-word-035-normal.wav;public/audio/ru/female/text-word-035-normal.mp3
text-word-035;male;normal;водой;Форма из текста. Если ударение требует контекста, сверить с полной строкой выше.;materials/audio/incoming/ru/male/text-word-035-normal.wav;public/audio/ru/male/text-word-035-normal.mp3
text-word-036;female;normal;плывёт;Форма из текста. Если ударение требует контекста, сверить с полной строкой выше.;materials/audio/incoming/ru/female/text-word-036-normal.wav;public/audio/ru/female/text-word-036-normal.mp3
text-word-036;male;normal;плывёт;Форма из текста. Если ударение требует контекста, сверить с полной строкой выше.;materials/audio/incoming/ru/male/text-word-036-normal.wav;public/audio/ru/male/text-word-036-normal.mp3
text-word-037;female;normal;машет;Форма из текста. Если ударение требует контекста, сверить с полной строкой выше.;materials/audio/incoming/ru/female/text-word-037-normal.wav;public/audio/ru/female/text-word-037-normal.mp3
text-word-037;male;normal;машет;Форма из текста. Если ударение требует контекста, сверить с полной строкой выше.;materials/audio/incoming/ru/male/text-word-037-normal.wav;public/audio/ru/male/text-word-037-normal.mp3
text-word-038;female;normal;ей;Форма из текста. Если ударение требует контекста, сверить с полной строкой выше.;materials/audio/incoming/ru/female/text-word-038-normal.wav;public/audio/ru/female/text-word-038-normal.mp3
text-word-038;male;normal;ей;Форма из текста. Если ударение требует контекста, сверить с полной строкой выше.;materials/audio/incoming/ru/male/text-word-038-normal.wav;public/audio/ru/male/text-word-038-normal.mp3
text-word-039;female;normal;рукой;Форма из текста. Если ударение требует контекста, сверить с полной строкой выше.;materials/audio/incoming/ru/female/text-word-039-normal.wav;public/audio/ru/female/text-word-039-normal.mp3
text-word-039;male;normal;рукой;Форма из текста. Если ударение требует контекста, сверить с полной строкой выше.;materials/audio/incoming/ru/male/text-word-039-normal.wav;public/audio/ru/male/text-word-039-normal.mp3
text-word-040;female;normal;Аня;Форма из текста. Если ударение требует контекста, сверить с полной строкой выше.;materials/audio/incoming/ru/female/text-word-040-normal.wav;public/audio/ru/female/text-word-040-normal.mp3
text-word-040;male;normal;Аня;Форма из текста. Если ударение требует контекста, сверить с полной строкой выше.;materials/audio/incoming/ru/male/text-word-040-normal.wav;public/audio/ru/male/text-word-040-normal.mp3
text-word-041;female;normal;посадила;Форма из текста. Если ударение требует контекста, сверить с полной строкой выше.;materials/audio/incoming/ru/female/text-word-041-normal.wav;public/audio/ru/female/text-word-041-normal.mp3
text-word-041;male;normal;посадила;Форма из текста. Если ударение требует контекста, сверить с полной строкой выше.;materials/audio/incoming/ru/male/text-word-041-normal.wav;public/audio/ru/male/text-word-041-normal.mp3
text-word-042;female;normal;семечко;Форма из текста. Если ударение требует контекста, сверить с полной строкой выше.;materials/audio/incoming/ru/female/text-word-042-normal.wav;public/audio/ru/female/text-word-042-normal.mp3
text-word-042;male;normal;семечко;Форма из текста. Если ударение требует контекста, сверить с полной строкой выше.;materials/audio/incoming/ru/male/text-word-042-normal.wav;public/audio/ru/male/text-word-042-normal.mp3
text-word-043;female;normal;горшок;Форма из текста. Если ударение требует контекста, сверить с полной строкой выше.;materials/audio/incoming/ru/female/text-word-043-normal.wav;public/audio/ru/female/text-word-043-normal.mp3
text-word-043;male;normal;горшок;Форма из текста. Если ударение требует контекста, сверить с полной строкой выше.;materials/audio/incoming/ru/male/text-word-043-normal.wav;public/audio/ru/male/text-word-043-normal.mp3
text-word-044;female;normal;поливала;Форма из текста. Если ударение требует контекста, сверить с полной строкой выше.;materials/audio/incoming/ru/female/text-word-044-normal.wav;public/audio/ru/female/text-word-044-normal.mp3
text-word-044;male;normal;поливала;Форма из текста. Если ударение требует контекста, сверить с полной строкой выше.;materials/audio/incoming/ru/male/text-word-044-normal.wav;public/audio/ru/male/text-word-044-normal.mp3
text-word-045;female;normal;землю;Форма из текста. Если ударение требует контекста, сверить с полной строкой выше.;materials/audio/incoming/ru/female/text-word-045-normal.wav;public/audio/ru/female/text-word-045-normal.mp3
text-word-045;male;normal;землю;Форма из текста. Если ударение требует контекста, сверить с полной строкой выше.;materials/audio/incoming/ru/male/text-word-045-normal.wav;public/audio/ru/male/text-word-045-normal.mp3
text-word-046;female;normal;Однажды;Форма из текста. Если ударение требует контекста, сверить с полной строкой выше.;materials/audio/incoming/ru/female/text-word-046-normal.wav;public/audio/ru/female/text-word-046-normal.mp3
text-word-046;male;normal;Однажды;Форма из текста. Если ударение требует контекста, сверить с полной строкой выше.;materials/audio/incoming/ru/male/text-word-046-normal.wav;public/audio/ru/male/text-word-046-normal.mp3
text-word-047;female;normal;появился;Форма из текста. Если ударение требует контекста, сверить с полной строкой выше.;materials/audio/incoming/ru/female/text-word-047-normal.wav;public/audio/ru/female/text-word-047-normal.mp3
text-word-047;male;normal;появился;Форма из текста. Если ударение требует контекста, сверить с полной строкой выше.;materials/audio/incoming/ru/male/text-word-047-normal.wav;public/audio/ru/male/text-word-047-normal.mp3
text-word-048;female;normal;маленький;Форма из текста. Если ударение требует контекста, сверить с полной строкой выше.;materials/audio/incoming/ru/female/text-word-048-normal.wav;public/audio/ru/female/text-word-048-normal.mp3
text-word-048;male;normal;маленький;Форма из текста. Если ударение требует контекста, сверить с полной строкой выше.;materials/audio/incoming/ru/male/text-word-048-normal.wav;public/audio/ru/male/text-word-048-normal.mp3
text-word-049;female;normal;поставила;Форма из текста. Если ударение требует контекста, сверить с полной строкой выше.;materials/audio/incoming/ru/female/text-word-049-normal.wav;public/audio/ru/female/text-word-049-normal.mp3
text-word-049;male;normal;поставила;Форма из текста. Если ударение требует контекста, сверить с полной строкой выше.;materials/audio/incoming/ru/male/text-word-049-normal.wav;public/audio/ru/male/text-word-049-normal.mp3
text-word-050;female;normal;поближе;Форма из текста. Если ударение требует контекста, сверить с полной строкой выше.;materials/audio/incoming/ru/female/text-word-050-normal.wav;public/audio/ru/female/text-word-050-normal.mp3
text-word-050;male;normal;поближе;Форма из текста. Если ударение требует контекста, сверить с полной строкой выше.;materials/audio/incoming/ru/male/text-word-050-normal.wav;public/audio/ru/male/text-word-050-normal.mp3
text-word-051;female;normal;к;Форма из текста. Если ударение требует контекста, сверить с полной строкой выше.;materials/audio/incoming/ru/female/text-word-051-normal.wav;public/audio/ru/female/text-word-051-normal.mp3
text-word-051;male;normal;к;Форма из текста. Если ударение требует контекста, сверить с полной строкой выше.;materials/audio/incoming/ru/male/text-word-051-normal.wav;public/audio/ru/male/text-word-051-normal.mp3
text-word-052;female;normal;свету;Форма из текста. Если ударение требует контекста, сверить с полной строкой выше.;materials/audio/incoming/ru/female/text-word-052-normal.wav;public/audio/ru/female/text-word-052-normal.mp3
text-word-052;male;normal;свету;Форма из текста. Если ударение требует контекста, сверить с полной строкой выше.;materials/audio/incoming/ru/male/text-word-052-normal.wav;public/audio/ru/male/text-word-052-normal.mp3
text-word-053;female;normal;уселся;Форма из текста. Если ударение требует контекста, сверить с полной строкой выше.;materials/audio/incoming/ru/female/text-word-053-normal.wav;public/audio/ru/female/text-word-053-normal.mp3
text-word-053;male;normal;уселся;Форма из текста. Если ударение требует контекста, сверить с полной строкой выше.;materials/audio/incoming/ru/male/text-word-053-normal.wav;public/audio/ru/male/text-word-053-normal.mp3
text-word-054;female;normal;окошка;Форма из текста. Если ударение требует контекста, сверить с полной строкой выше.;materials/audio/incoming/ru/female/text-word-054-normal.wav;public/audio/ru/female/text-word-054-normal.mp3
text-word-054;male;normal;окошка;Форма из текста. Если ударение требует контекста, сверить с полной строкой выше.;materials/audio/incoming/ru/male/text-word-054-normal.wav;public/audio/ru/male/text-word-054-normal.mp3
text-word-055;female;normal;Греет;Форма из текста. Если ударение требует контекста, сверить с полной строкой выше.;materials/audio/incoming/ru/female/text-word-055-normal.wav;public/audio/ru/female/text-word-055-normal.mp3
text-word-055;male;normal;Греет;Форма из текста. Если ударение требует контекста, сверить с полной строкой выше.;materials/audio/incoming/ru/male/text-word-055-normal.wav;public/audio/ru/male/text-word-055-normal.mp3
text-word-056;female;normal;бок;Форма из текста. Если ударение требует контекста, сверить с полной строкой выше.;materials/audio/incoming/ru/female/text-word-056-normal.wav;public/audio/ru/female/text-word-056-normal.mp3
text-word-056;male;normal;бок;Форма из текста. Если ударение требует контекста, сверить с полной строкой выше.;materials/audio/incoming/ru/male/text-word-056-normal.wav;public/audio/ru/male/text-word-056-normal.mp3
text-word-057;female;normal;немножко;Форма из текста. Если ударение требует контекста, сверить с полной строкой выше.;materials/audio/incoming/ru/female/text-word-057-normal.wav;public/audio/ru/female/text-word-057-normal.mp3
text-word-057;male;normal;немножко;Форма из текста. Если ударение требует контекста, сверить с полной строкой выше.;materials/audio/incoming/ru/male/text-word-057-normal.wav;public/audio/ru/male/text-word-057-normal.mp3
text-word-058;female;normal;закрыл;Форма из текста. Если ударение требует контекста, сверить с полной строкой выше.;materials/audio/incoming/ru/female/text-word-058-normal.wav;public/audio/ru/female/text-word-058-normal.mp3
text-word-058;male;normal;закрыл;Форма из текста. Если ударение требует контекста, сверить с полной строкой выше.;materials/audio/incoming/ru/male/text-word-058-normal.wav;public/audio/ru/male/text-word-058-normal.mp3
text-word-059;female;normal;и;Форма из текста. Если ударение требует контекста, сверить с полной строкой выше.;materials/audio/incoming/ru/female/text-word-059-normal.wav;public/audio/ru/female/text-word-059-normal.mp3
text-word-059;male;normal;и;Форма из текста. Если ударение требует контекста, сверить с полной строкой выше.;materials/audio/incoming/ru/male/text-word-059-normal.wav;public/audio/ru/male/text-word-059-normal.mp3
text-word-060;female;normal;рядышком;Форма из текста. Если ударение требует контекста, сверить с полной строкой выше.;materials/audio/incoming/ru/female/text-word-060-normal.wav;public/audio/ru/female/text-word-060-normal.mp3
text-word-060;male;normal;рядышком;Форма из текста. Если ударение требует контекста, сверить с полной строкой выше.;materials/audio/incoming/ru/male/text-word-060-normal.wav;public/audio/ru/male/text-word-060-normal.mp3
text-word-061;female;normal;блестит;Форма из текста. Если ударение требует контекста, сверить с полной строкой выше.;materials/audio/incoming/ru/female/text-word-061-normal.wav;public/audio/ru/female/text-word-061-normal.mp3
text-word-061;male;normal;блестит;Форма из текста. Если ударение требует контекста, сверить с полной строкой выше.;materials/audio/incoming/ru/male/text-word-061-normal.wav;public/audio/ru/male/text-word-061-normal.mp3
text-word-062;female;normal;Дождик;Форма из текста. Если ударение требует контекста, сверить с полной строкой выше.;materials/audio/incoming/ru/female/text-word-062-normal.wav;public/audio/ru/female/text-word-062-normal.mp3
text-word-062;male;normal;Дождик;Форма из текста. Если ударение требует контекста, сверить с полной строкой выше.;materials/audio/incoming/ru/male/text-word-062-normal.wav;public/audio/ru/male/text-word-062-normal.mp3
text-word-063;female;normal;вымыл;Форма из текста. Если ударение требует контекста, сверить с полной строкой выше.;materials/audio/incoming/ru/female/text-word-063-normal.wav;public/audio/ru/female/text-word-063-normal.mp3
text-word-063;male;normal;вымыл;Форма из текста. Если ударение требует контекста, сверить с полной строкой выше.;materials/audio/incoming/ru/male/text-word-063-normal.wav;public/audio/ru/male/text-word-063-normal.mp3
text-word-064;female;normal;все;Форма из текста. Если ударение требует контекста, сверить с полной строкой выше.;materials/audio/incoming/ru/female/text-word-064-normal.wav;public/audio/ru/female/text-word-064-normal.mp3
text-word-064;male;normal;все;Форма из текста. Если ударение требует контекста, сверить с полной строкой выше.;materials/audio/incoming/ru/male/text-word-064-normal.wav;public/audio/ru/male/text-word-064-normal.mp3
text-word-065;female;normal;дорожки;Форма из текста. Если ударение требует контекста, сверить с полной строкой выше.;materials/audio/incoming/ru/female/text-word-065-normal.wav;public/audio/ru/female/text-word-065-normal.mp3
text-word-065;male;normal;дорожки;Форма из текста. Если ударение требует контекста, сверить с полной строкой выше.;materials/audio/incoming/ru/male/text-word-065-normal.wav;public/audio/ru/male/text-word-065-normal.mp3
text-word-066;female;normal;Капли;Форма из текста. Если ударение требует контекста, сверить с полной строкой выше.;materials/audio/incoming/ru/female/text-word-066-normal.wav;public/audio/ru/female/text-word-066-normal.mp3
text-word-066;male;normal;Капли;Форма из текста. Если ударение требует контекста, сверить с полной строкой выше.;materials/audio/incoming/ru/male/text-word-066-normal.wav;public/audio/ru/male/text-word-066-normal.mp3
text-word-067;female;normal;сели;Форма из текста. Если ударение требует контекста, сверить с полной строкой выше.;materials/audio/incoming/ru/female/text-word-067-normal.wav;public/audio/ru/female/text-word-067-normal.mp3
text-word-067;male;normal;сели;Форма из текста. Если ударение требует контекста, сверить с полной строкой выше.;materials/audio/incoming/ru/male/text-word-067-normal.wav;public/audio/ru/male/text-word-067-normal.mp3
text-word-068;female;normal;окошки;Форма из текста. Если ударение требует контекста, сверить с полной строкой выше.;materials/audio/incoming/ru/female/text-word-068-normal.wav;public/audio/ru/female/text-word-068-normal.mp3
text-word-068;male;normal;окошки;Форма из текста. Если ударение требует контекста, сверить с полной строкой выше.;materials/audio/incoming/ru/male/text-word-068-normal.wav;public/audio/ru/male/text-word-068-normal.mp3
text-word-069;female;normal;вышло;Форма из текста. Если ударение требует контекста, сверить с полной строкой выше.;materials/audio/incoming/ru/female/text-word-069-normal.wav;public/audio/ru/female/text-word-069-normal.mp3
text-word-069;male;normal;вышло;Форма из текста. Если ударение требует контекста, сверить с полной строкой выше.;materials/audio/incoming/ru/male/text-word-069-normal.wav;public/audio/ru/male/text-word-069-normal.mp3
text-word-070;female;normal;за;Форма из текста. Если ударение требует контекста, сверить с полной строкой выше.;materials/audio/incoming/ru/female/text-word-070-normal.wav;public/audio/ru/female/text-word-070-normal.mp3
text-word-070;male;normal;за;Форма из текста. Если ударение требует контекста, сверить с полной строкой выше.;materials/audio/incoming/ru/male/text-word-070-normal.wav;public/audio/ru/male/text-word-070-normal.mp3
text-word-071;female;normal;туч;Форма из текста. Если ударение требует контекста, сверить с полной строкой выше.;materials/audio/incoming/ru/female/text-word-071-normal.wav;public/audio/ru/female/text-word-071-normal.mp3
text-word-071;male;normal;туч;Форма из текста. Если ударение требует контекста, сверить с полной строкой выше.;materials/audio/incoming/ru/male/text-word-071-normal.wav;public/audio/ru/male/text-word-071-normal.mp3
text-word-072;female;normal;ладошку;Форма из текста. Если ударение требует контекста, сверить с полной строкой выше.;materials/audio/incoming/ru/female/text-word-072-normal.wav;public/audio/ru/female/text-word-072-normal.mp3
text-word-072;male;normal;ладошку;Форма из текста. Если ударение требует контекста, сверить с полной строкой выше.;materials/audio/incoming/ru/male/text-word-072-normal.wav;public/audio/ru/male/text-word-072-normal.mp3
text-word-073;female;normal;прыгнул;Форма из текста. Если ударение требует контекста, сверить с полной строкой выше.;materials/audio/incoming/ru/female/text-word-073-normal.wav;public/audio/ru/female/text-word-073-normal.mp3
text-word-073;male;normal;прыгнул;Форма из текста. Если ударение требует контекста, сверить с полной строкой выше.;materials/audio/incoming/ru/male/text-word-073-normal.wav;public/audio/ru/male/text-word-073-normal.mp3
text-word-074;female;normal;луч;Форма из текста. Если ударение требует контекста, сверить с полной строкой выше.;materials/audio/incoming/ru/female/text-word-074-normal.wav;public/audio/ru/female/text-word-074-normal.mp3
text-word-074;male;normal;луч;Форма из текста. Если ударение требует контекста, сверить с полной строкой выше.;materials/audio/incoming/ru/male/text-word-074-normal.wav;public/audio/ru/male/text-word-074-normal.mp3
text-word-075;female;normal;Я;Форма из текста. Если ударение требует контекста, сверить с полной строкой выше.;materials/audio/incoming/ru/female/text-word-075-normal.wav;public/audio/ru/female/text-word-075-normal.mp3
text-word-075;male;normal;Я;Форма из текста. Если ударение требует контекста, сверить с полной строкой выше.;materials/audio/incoming/ru/male/text-word-075-normal.wav;public/audio/ru/male/text-word-075-normal.mp3
text-word-076;female;normal;читаю;Форма из текста. Если ударение требует контекста, сверить с полной строкой выше.;materials/audio/incoming/ru/female/text-word-076-normal.wav;public/audio/ru/female/text-word-076-normal.mp3
text-word-076;male;normal;читаю;Форма из текста. Если ударение требует контекста, сверить с полной строкой выше.;materials/audio/incoming/ru/male/text-word-076-normal.wav;public/audio/ru/male/text-word-076-normal.mp3
text-word-077;female;normal;понемножку;Форма из текста. Если ударение требует контекста, сверить с полной строкой выше.;materials/audio/incoming/ru/female/text-word-077-normal.wav;public/audio/ru/female/text-word-077-normal.mp3
text-word-077;male;normal;понемножку;Форма из текста. Если ударение требует контекста, сверить с полной строкой выше.;materials/audio/incoming/ru/male/text-word-077-normal.wav;public/audio/ru/male/text-word-077-normal.mp3
text-word-078;female;normal;строятся;Форма из текста. Если ударение требует контекста, сверить с полной строкой выше.;materials/audio/incoming/ru/female/text-word-078-normal.wav;public/audio/ru/female/text-word-078-normal.mp3
text-word-078;male;normal;строятся;Форма из текста. Если ударение требует контекста, сверить с полной строкой выше.;materials/audio/incoming/ru/male/text-word-078-normal.wav;public/audio/ru/male/text-word-078-normal.mp3
text-word-079;female;normal;дорожку;Форма из текста. Если ударение требует контекста, сверить с полной строкой выше.;materials/audio/incoming/ru/female/text-word-079-normal.wav;public/audio/ru/female/text-word-079-normal.mp3
text-word-079;male;normal;дорожку;Форма из текста. Если ударение требует контекста, сверить с полной строкой выше.;materials/audio/incoming/ru/male/text-word-079-normal.wav;public/audio/ru/male/text-word-079-normal.mp3
text-word-080;female;normal;Шаг;Форма из текста. Если ударение требует контекста, сверить с полной строкой выше.;materials/audio/incoming/ru/female/text-word-080-normal.wav;public/audio/ru/female/text-word-080-normal.mp3
text-word-080;male;normal;Шаг;Форма из текста. Если ударение требует контекста, сверить с полной строкой выше.;materials/audio/incoming/ru/male/text-word-080-normal.wav;public/audio/ru/male/text-word-080-normal.mp3
text-word-081;female;normal;шагом;Форма из текста. Если ударение требует контекста, сверить с полной строкой выше.;materials/audio/incoming/ru/female/text-word-081-normal.wav;public/audio/ru/female/text-word-081-normal.mp3
text-word-081;male;normal;шагом;Форма из текста. Если ударение требует контекста, сверить с полной строкой выше.;materials/audio/incoming/ru/male/text-word-081-normal.wav;public/audio/ru/male/text-word-081-normal.mp3
text-word-082;female;normal;иду;Форма из текста. Если ударение требует контекста, сверить с полной строкой выше.;materials/audio/incoming/ru/female/text-word-082-normal.wav;public/audio/ru/female/text-word-082-normal.mp3
text-word-082;male;normal;иду;Форма из текста. Если ударение требует контекста, сверить с полной строкой выше.;materials/audio/incoming/ru/male/text-word-082-normal.wav;public/audio/ru/male/text-word-082-normal.mp3
text-word-083;female;normal;Слово;Форма из текста. Если ударение требует контекста, сверить с полной строкой выше.;materials/audio/incoming/ru/female/text-word-083-normal.wav;public/audio/ru/female/text-word-083-normal.mp3
text-word-083;male;normal;Слово;Форма из текста. Если ударение требует контекста, сверить с полной строкой выше.;materials/audio/incoming/ru/male/text-word-083-normal.wav;public/audio/ru/male/text-word-083-normal.mp3
text-word-084;female;normal;новое;Форма из текста. Если ударение требует контекста, сверить с полной строкой выше.;materials/audio/incoming/ru/female/text-word-084-normal.wav;public/audio/ru/female/text-word-084-normal.mp3
text-word-084;male;normal;новое;Форма из текста. Если ударение требует контекста, сверить с полной строкой выше.;materials/audio/incoming/ru/male/text-word-084-normal.wav;public/audio/ru/male/text-word-084-normal.mp3
text-word-085;female;normal;найду;Форма из текста. Если ударение требует контекста, сверить с полной строкой выше.;materials/audio/incoming/ru/female/text-word-085-normal.wav;public/audio/ru/female/text-word-085-normal.mp3
text-word-085;male;normal;найду;Форма из текста. Если ударение требует контекста, сверить с полной строкой выше.;materials/audio/incoming/ru/male/text-word-085-normal.wav;public/audio/ru/male/text-word-085-normal.mp3
system-001;female;normal;Не удалось сохранить результаты на этом устройстве.;Спокойное информационное сообщение.;materials/audio/incoming/ru/female/system-001-normal.wav;public/audio/ru/female/system-001-normal.mp3
system-001;male;normal;Не удалось сохранить результаты на этом устройстве.;Спокойное информационное сообщение.;materials/audio/incoming/ru/male/system-001-normal.wav;public/audio/ru/male/system-001-normal.mp3
system-002;female;normal;Проверка остановлена.;Спокойное информационное сообщение.;materials/audio/incoming/ru/female/system-002-normal.wav;public/audio/ru/female/system-002-normal.mp3
system-002;male;normal;Проверка остановлена.;Спокойное информационное сообщение.;materials/audio/incoming/ru/male/system-002-normal.wav;public/audio/ru/male/system-002-normal.mp3
system-003;female;normal;Скажи что-нибудь. Полоска показывает реальный звук микрофона.;Спокойное информационное сообщение.;materials/audio/incoming/ru/female/system-003-normal.wav;public/audio/ru/female/system-003-normal.mp3
system-003;male;normal;Скажи что-нибудь. Полоска показывает реальный звук микрофона.;Спокойное информационное сообщение.;materials/audio/incoming/ru/male/system-003-normal.wav;public/audio/ru/male/system-003-normal.mp3
system-004;female;normal;Доступ запрещён. Разреши микрофон в настройках этого сайта.;Спокойное информационное сообщение.;materials/audio/incoming/ru/female/system-004-normal.wav;public/audio/ru/female/system-004-normal.mp3
system-004;male;normal;Доступ запрещён. Разреши микрофон в настройках этого сайта.;Спокойное информационное сообщение.;materials/audio/incoming/ru/male/system-004-normal.wav;public/audio/ru/male/system-004-normal.mp3
system-005;female;normal;Не удалось открыть микрофон. Выбери другое устройство.;Спокойное информационное сообщение.;materials/audio/incoming/ru/female/system-005-normal.wav;public/audio/ru/female/system-005-normal.mp3
system-005;male;normal;Не удалось открыть микрофон. Выбери другое устройство.;Спокойное информационное сообщение.;materials/audio/incoming/ru/male/system-005-normal.wav;public/audio/ru/male/system-005-normal.mp3
system-006;female;normal;Не удалось загрузить движок. Проверь интернет и повтори.;Спокойное информационное сообщение.;materials/audio/incoming/ru/female/system-006-normal.wav;public/audio/ru/female/system-006-normal.mp3
system-006;male;normal;Не удалось загрузить движок. Проверь интернет и повтори.;Спокойное информационное сообщение.;materials/audio/incoming/ru/male/system-006-normal.wav;public/audio/ru/male/system-006-normal.mp3
system-007;female;normal;Не удалось загрузить описание модели.;Спокойное информационное сообщение.;materials/audio/incoming/ru/female/system-007-normal.wav;public/audio/ru/female/system-007-normal.mp3
system-007;male;normal;Не удалось загрузить описание модели.;Спокойное информационное сообщение.;materials/audio/incoming/ru/male/system-007-normal.wav;public/audio/ru/male/system-007-normal.mp3
system-008;female;normal;Не удалось скачать русскую модель. Проверь интернет и повтори.;Спокойное информационное сообщение.;materials/audio/incoming/ru/female/system-008-normal.wav;public/audio/ru/female/system-008-normal.mp3
system-008;male;normal;Не удалось скачать русскую модель. Проверь интернет и повтори.;Спокойное информационное сообщение.;materials/audio/incoming/ru/male/system-008-normal.wav;public/audio/ru/male/system-008-normal.mp3
system-009;female;normal;Модель загрузилась не полностью. Попробуй ещё раз.;Спокойное информационное сообщение.;materials/audio/incoming/ru/female/system-009-normal.wav;public/audio/ru/female/system-009-normal.mp3
system-009;male;normal;Модель загрузилась не полностью. Попробуй ещё раз.;Спокойное информационное сообщение.;materials/audio/incoming/ru/male/system-009-normal.wav;public/audio/ru/male/system-009-normal.mp3
system-010;female;normal;Ошибка проверки модели. Попробуй ещё раз.;Спокойное информационное сообщение.;materials/audio/incoming/ru/female/system-010-normal.wav;public/audio/ru/female/system-010-normal.mp3
system-010;male;normal;Ошибка проверки модели. Попробуй ещё раз.;Спокойное информационное сообщение.;materials/audio/incoming/ru/male/system-010-normal.wav;public/audio/ru/male/system-010-normal.mp3
system-011;female;normal;Подготавливаю распознавание…;Спокойное информационное сообщение.;materials/audio/incoming/ru/female/system-011-normal.wav;public/audio/ru/female/system-011-normal.mp3
system-011;male;normal;Подготавливаю распознавание…;Спокойное информационное сообщение.;materials/audio/incoming/ru/male/system-011-normal.wav;public/audio/ru/male/system-011-normal.mp3
system-012;female;normal;Модель не успела запуститься. Закрой лишние вкладки и повтори.;Спокойное информационное сообщение.;materials/audio/incoming/ru/female/system-012-normal.wav;public/audio/ru/female/system-012-normal.mp3
system-012;male;normal;Модель не успела запуститься. Закрой лишние вкладки и повтори.;Спокойное информационное сообщение.;materials/audio/incoming/ru/male/system-012-normal.wav;public/audio/ru/male/system-012-normal.mp3
system-013;female;normal;Не удалось запустить русскую модель.;Спокойное информационное сообщение.;materials/audio/incoming/ru/female/system-013-normal.wav;public/audio/ru/female/system-013-normal.mp3
system-013;male;normal;Не удалось запустить русскую модель.;Спокойное информационное сообщение.;materials/audio/incoming/ru/male/system-013-normal.wav;public/audio/ru/male/system-013-normal.mp3
system-014;female;normal;Ошибка запуска распознавания. Попробуй ещё раз.;Спокойное информационное сообщение.;materials/audio/incoming/ru/female/system-014-normal.wav;public/audio/ru/female/system-014-normal.mp3
system-014;male;normal;Ошибка запуска распознавания. Попробуй ещё раз.;Спокойное информационное сообщение.;materials/audio/incoming/ru/male/system-014-normal.wav;public/audio/ru/male/system-014-normal.mp3
system-015;female;normal;Не получилось обработать звук. Включи микрофон ещё раз.;Спокойное информационное сообщение.;materials/audio/incoming/ru/female/system-015-normal.wav;public/audio/ru/female/system-015-normal.mp3
system-015;male;normal;Не получилось обработать звук. Включи микрофон ещё раз.;Спокойное информационное сообщение.;materials/audio/incoming/ru/male/system-015-normal.wav;public/audio/ru/male/system-015-normal.mp3
system-016;female;normal;Готовлю микрофон. Пока говорить не нужно.;Спокойное информационное сообщение.;materials/audio/incoming/ru/female/system-016-normal.wav;public/audio/ru/female/system-016-normal.mp3
system-016;male;normal;Готовлю микрофон. Пока говорить не нужно.;Спокойное информационное сообщение.;materials/audio/incoming/ru/male/system-016-normal.wav;public/audio/ru/male/system-016-normal.mp3
system-017;female;normal;Браузер приостановил звук. Включи микрофон ещё раз.;Спокойное информационное сообщение.;materials/audio/incoming/ru/female/system-017-normal.wav;public/audio/ru/female/system-017-normal.mp3
system-017;male;normal;Браузер приостановил звук. Включи микрофон ещё раз.;Спокойное информационное сообщение.;materials/audio/incoming/ru/male/system-017-normal.wav;public/audio/ru/male/system-017-normal.mp3
system-018;female;normal;Не получилось прочитать сигнал микрофона.;Спокойное информационное сообщение.;materials/audio/incoming/ru/female/system-018-normal.wav;public/audio/ru/female/system-018-normal.mp3
system-018;male;normal;Не получилось прочитать сигнал микрофона.;Спокойное информационное сообщение.;materials/audio/incoming/ru/male/system-018-normal.wav;public/audio/ru/male/system-018-normal.mp3
system-019;female;normal;Разреши микрофон для этого сайта.;Спокойное информационное сообщение.;materials/audio/incoming/ru/female/system-019-normal.wav;public/audio/ru/female/system-019-normal.mp3
system-019;male;normal;Разреши микрофон для этого сайта.;Спокойное информационное сообщение.;materials/audio/incoming/ru/male/system-019-normal.wav;public/audio/ru/male/system-019-normal.mp3
system-020;female;normal;Микрофон не найден. Выбери его в настройках.;Спокойное информационное сообщение.;materials/audio/incoming/ru/female/system-020-normal.wav;public/audio/ru/female/system-020-normal.mp3
system-020;male;normal;Микрофон не найден. Выбери его в настройках.;Спокойное информационное сообщение.;materials/audio/incoming/ru/male/system-020-normal.wav;public/audio/ru/male/system-020-normal.mp3
system-021;female;normal;Микрофон занят другим приложением.;Спокойное информационное сообщение.;materials/audio/incoming/ru/female/system-021-normal.wav;public/audio/ru/female/system-021-normal.mp3
system-021;male;normal;Микрофон занят другим приложением.;Спокойное информационное сообщение.;materials/audio/incoming/ru/male/system-021-normal.wav;public/audio/ru/male/system-021-normal.mp3
system-022;female;normal;Выбранный микрофон отключён. Выбери другой.;Спокойное информационное сообщение.;materials/audio/incoming/ru/female/system-022-normal.wav;public/audio/ru/female/system-022-normal.mp3
system-022;male;normal;Выбранный микрофон отключён. Выбери другой.;Спокойное информационное сообщение.;materials/audio/incoming/ru/male/system-022-normal.wav;public/audio/ru/male/system-022-normal.mp3
system-023;female;normal;Не удалось включить микрофон.;Спокойное информационное сообщение.;materials/audio/incoming/ru/female/system-023-normal.wav;public/audio/ru/female/system-023-normal.mp3
system-023;male;normal;Не удалось включить микрофон.;Спокойное информационное сообщение.;materials/audio/incoming/ru/male/system-023-normal.wav;public/audio/ru/male/system-023-normal.mp3
